This is pdfTeX, Version 3.141592653-2.6-1.40.25 (TeX Live 2023) (preloaded format=pdflatex 2023.5.18)  22 FEB 2026 18:50
entering extended mode
 restricted \write18 enabled.
 file:line:error style messages enabled.
 %&-line parsing enabled.
**EYNTKA_Functional_Analysis.tex
(./EYNTKA_Functional_Analysis.tex
LaTeX2e <2022-11-01> patch level 1
L3 programming layer <2023-02-22> (/usr/local/texlive/2023/texmf-dist/tex/latex/base/book.cls
Document Class: book 2022/07/02 v1.4n Standard LaTeX document class
(/usr/local/texlive/2023/texmf-dist/tex/latex/base/bk10.clo
File: bk10.clo 2022/07/02 v1.4n Standard LaTeX file (size option)
)
\c@part=\count185
\c@chapter=\count186
\c@section=\count187
\c@subsection=\count188
\c@subsubsection=\count189
\c@paragraph=\count190
\c@subparagraph=\count191
\c@figure=\count192
\c@table=\count193
\abovecaptionskip=\skip48
\belowcaptionskip=\skip49
\bibindent=\dimen140
) (/usr/local/texlive/2023/texmf-dist/tex/latex/base/inputenc.sty
Package: inputenc 2021/02/14 v1.3d Input encoding file
\inpenc@prehook=\toks16
\inpenc@posthook=\toks17
) (/usr/local/texlive/2023/texmf-dist/tex/latex/extarrows/extarrows.sty
Package: extarrows 2020/03/12 v1.2.0 Some extensible arrows
 (/usr/local/texlive/2023/texmf-dist/tex/latex/amsmath/amsmath.sty
Package: amsmath 2022/04/08 v2.17n AMS math features
\@mathmargin=\skip50

For additional information on amsmath, use the `?' option.
(/usr/local/texlive/2023/texmf-dist/tex/latex/amsmath/amstext.sty
Package: amstext 2021/08/26 v2.01 AMS text
 (/usr/local/texlive/2023/texmf-dist/tex/latex/amsmath/amsgen.sty
File: amsgen.sty 1999/11/30 v2.0 generic functions
\@emptytoks=\toks18
\ex@=\dimen141
)) (/usr/local/texlive/2023/texmf-dist/tex/latex/amsmath/amsbsy.sty
Package: amsbsy 1999/11/29 v1.2d Bold Symbols
\pmbraise@=\dimen142
) (/usr/local/texlive/2023/texmf-dist/tex/latex/amsmath/amsopn.sty
Package: amsopn 2022/04/08 v2.04 operator names
)
\inf@bad=\count194
LaTeX Info: Redefining \frac on input line 234.
\uproot@=\count195
\leftroot@=\count196
LaTeX Info: Redefining \overline on input line 399.
LaTeX Info: Redefining \colon on input line 410.
\classnum@=\count197
\DOTSCASE@=\count198
LaTeX Info: Redefining \ldots on input line 496.
LaTeX Info: Redefining \dots on input line 499.
LaTeX Info: Redefining \cdots on input line 620.
\Mathstrutbox@=\box51
\strutbox@=\box52
LaTeX Info: Redefining \big on input line 722.
LaTeX Info: Redefining \Big on input line 723.
LaTeX Info: Redefining \bigg on input line 724.
LaTeX Info: Redefining \Bigg on input line 725.
\big@size=\dimen143
LaTeX Font Info:    Redeclaring font encoding OML on input line 743.
LaTeX Font Info:    Redeclaring font encoding OMS on input line 744.
\macc@depth=\count199
LaTeX Info: Redefining \bmod on input line 905.
LaTeX Info: Redefining \pmod on input line 910.
LaTeX Info: Redefining \smash on input line 940.
LaTeX Info: Redefining \relbar on input line 970.
LaTeX Info: Redefining \Relbar on input line 971.
\c@MaxMatrixCols=\count266
\dotsspace@=\muskip16
\c@parentequation=\count267
\dspbrk@lvl=\count268
\tag@help=\toks19
\row@=\count269
\column@=\count270
\maxfields@=\count271
\andhelp@=\toks20
\eqnshift@=\dimen144
\alignsep@=\dimen145
\tagshift@=\dimen146
\tagwidth@=\dimen147
\totwidth@=\dimen148
\lineht@=\dimen149
\@envbody=\toks21
\multlinegap=\skip51
\multlinetaggap=\skip52
\mathdisplay@stack=\toks22
LaTeX Info: Redefining \[ on input line 2953.
LaTeX Info: Redefining \] on input line 2954.
)) (/usr/local/texlive/2023/texmf-dist/tex/latex/stackengine/stackengine.sty
Package: stackengine 2021/07/22 v4.11\ Stacking text and objects in convenient ways
 (/usr/local/texlive/2023/texmf-dist/tex/latex/etoolbox/etoolbox.sty
Package: etoolbox 2020/10/05 v2.5k e-TeX tools for LaTeX (JAW)
\etb@tempcnta=\count272
) (/usr/local/texlive/2023/texmf-dist/tex/generic/listofitems/listofitems.sty (/usr/local/texlive/2023/texmf-dist/tex/generic/listofitems/listofitems.tex
\loi_cnt_foreach_nest=\count273
\loi_nestcnt=\count274
)
Package: listofitems 2019/08/21 v1.63 Grab items in lists using user-specified sep char (CT)
) (/usr/local/texlive/2023/texmf-dist/tex/latex/tools/calc.sty
Package: calc 2017/05/25 v4.3 Infix arithmetic (KKT,FJ)
\calc@Acount=\count275
\calc@Bcount=\count276
\calc@Adimen=\dimen150
\calc@Bdimen=\dimen151
\calc@Askip=\skip53
\calc@Bskip=\skip54
LaTeX Info: Redefining \setlength on input line 80.
LaTeX Info: Redefining \addtolength on input line 81.
\calc@Ccount=\count277
\calc@Cskip=\skip55
)
\c@@stackindex=\count278
\@boxshift=\skip56
\stack@tmplength=\skip57
\temp@stkl=\skip58
\@stackedboxwidth=\skip59
\@addedbox=\box53
\@anchorbox=\box54
\@insetbox=\box55
\se@backgroundbox=\box56
\stackedbox=\box57
\@centerbox=\box58
\c@ROWcellindex@=\count279
) (/usr/local/texlive/2023/texmf-dist/tex/latex/amsfonts/amssymb.sty
Package: amssymb 2013/01/14 v3.01 AMS font symbols
 (/usr/local/texlive/2023/texmf-dist/tex/latex/amsfonts/amsfonts.sty
Package: amsfonts 2013/01/14 v3.01 Basic AMSFonts support
\symAMSa=\mathgroup4
\symAMSb=\mathgroup5
LaTeX Font Info:    Redeclaring math symbol \hbar on input line 98.
LaTeX Font Info:    Overwriting math alphabet `\mathfrak' in version `bold'
(Font)                  U/euf/m/n --> U/euf/b/n on input line 106.
)) (/usr/local/texlive/2023/texmf-dist/tex/latex/oberdiek/stackrel.sty
Package: stackrel 2016/05/16 v1.3 Adding subscript option to stackrel (HO)
 (/usr/local/texlive/2023/texmf-dist/tex/generic/etexcmds/etexcmds.sty
Package: etexcmds 2019/12/15 v1.7 Avoid name clashes with e-TeX commands (HO)
 (/usr/local/texlive/2023/texmf-dist/tex/generic/infwarerr/infwarerr.sty
Package: infwarerr 2019/12/03 v1.5 Providing info/warning/error messages (HO)
) (/usr/local/texlive/2023/texmf-dist/tex/generic/iftex/iftex.sty
Package: iftex 2022/02/03 v1.0f TeX engine tests
)) (/usr/local/texlive/2023/texmf-dist/tex/generic/pdftexcmds/pdftexcmds.sty
Package: pdftexcmds 2020-06-27 v0.33 Utility functions of pdfTeX for LuaTeX (HO)
 (/usr/local/texlive/2023/texmf-dist/tex/generic/ltxcmds/ltxcmds.sty
Package: ltxcmds 2020-05-10 v1.25 LaTeX kernel commands for general use (HO)
)
Package pdftexcmds Info: \pdf@primitive is available.
Package pdftexcmds Info: \pdf@ifprimitive is available.
Package pdftexcmds Info: \pdfdraftmode found.
)) (/usr/local/texlive/2023/texmf-dist/tex/latex/jknapltx/mathrsfs.sty
Package: mathrsfs 1996/01/01 Math RSFS package v1.0 (jk)
\symrsfs=\mathgroup6
) (/usr/local/texlive/2023/texmf-dist/tex/latex/amsfonts/euscript.sty
Package: euscript 2009/06/22 v3.00 Euler Script fonts
LaTeX Font Info:    Overwriting math alphabet `\EuScript' in version `bold'
(Font)                  U/eus/m/n --> U/eus/b/n on input line 33.
) (/usr/local/texlive/2023/texmf-dist/tex/latex/quoting/quoting.sty
Package: quoting 2014/01/28 v0.1c Consolidated environment for displayed text
 (/usr/local/texlive/2023/texmf-dist/tex/latex/kvoptions/kvoptions.sty
Package: kvoptions 2022-06-15 v3.15 Key value format for package options (HO)
 (/usr/local/texlive/2023/texmf-dist/tex/latex/graphics/keyval.sty
Package: keyval 2022/05/29 v1.15 key=value parser (DPC)
\KV@toks@=\toks23
) (/usr/local/texlive/2023/texmf-dist/tex/latex/kvsetkeys/kvsetkeys.sty
Package: kvsetkeys 2022-10-05 v1.19 Key value parser (HO)
))
\quo@toppartop=\skip60
) (/usr/local/texlive/2023/texmf-dist/tex/latex/mathtools/mathtools.sty
Package: mathtools 2022/06/29 v1.29 mathematical typesetting tools
 (/usr/local/texlive/2023/texmf-dist/tex/latex/mathtools/mhsetup.sty
Package: mhsetup 2021/03/18 v1.4 programming setup (MH)
)
\g_MT_multlinerow_int=\count280
\l_MT_multwidth_dim=\dimen152
\origjot=\skip61
\l_MT_shortvdotswithinadjustabove_dim=\dimen153
\l_MT_shortvdotswithinadjustbelow_dim=\dimen154
\l_MT_above_intertext_sep=\dimen155
\l_MT_below_intertext_sep=\dimen156
\l_MT_above_shortintertext_sep=\dimen157
\l_MT_below_shortintertext_sep=\dimen158
\xmathstrut@box=\box59
\xmathstrut@dim=\dimen159
) (/usr/local/texlive/2023/texmf-dist/tex/latex/enumitem/enumitem.sty
Package: enumitem 2019/06/20 v3.9 Customized lists
\labelindent=\skip62
\enit@outerparindent=\dimen160
\enit@toks=\toks24
\enit@inbox=\box60
\enit@count@id=\count281
\enitdp@description=\count282
) (/usr/local/texlive/2023/texmf-dist/tex/latex/amscls/amsthm.sty
Package: amsthm 2020/05/29 v2.20.6
\thm@style=\toks25
\thm@bodyfont=\toks26
\thm@headfont=\toks27
\thm@notefont=\toks28
\thm@headpunct=\toks29
\thm@preskip=\skip63
\thm@postskip=\skip64
\thm@headsep=\skip65
\dth@everypar=\toks30
) (/usr/local/texlive/2023/texmf-dist/tex/latex/graphics/graphicx.sty
Package: graphicx 2021/09/16 v1.2d Enhanced LaTeX Graphics (DPC,SPQR)

(/usr/local/texlive/2023/texmf-dist/tex/latex/graphics/graphics.sty
Package: graphics 2022/03/10 v1.4e Standard LaTeX Graphics (DPC,SPQR)
 (/usr/local/texlive/2023/texmf-dist/tex/latex/graphics/trig.sty
Package: trig 2021/08/11 v1.11 sin cos tan (DPC)
) (/usr/local/texlive/2023/texmf-dist/tex/latex/graphics-cfg/graphics.cfg
File: graphics.cfg 2016/06/04 v1.11 sample graphics configuration
)
Package graphics Info: Driver file: pdftex.def on input line 107.
 (/usr/local/texlive/2023/texmf-dist/tex/latex/graphics-def/pdftex.def
File: pdftex.def 2022/09/22 v1.2b Graphics/color driver for pdftex
))
\Gin@req@height=\dimen161
\Gin@req@width=\dimen162
) (/usr/local/texlive/2023/texmf-dist/tex/latex/tools/hhline.sty
Package: hhline 2020/01/04 v2.04 Table rule package (DPC)
) (/usr/local/texlive/2023/texmf-dist/tex/latex/doublestroke/dsfont.sty
Package: dsfont 1995/08/01 v0.1 Double stroke roman fonts
) (/usr/local/texlive/2023/texmf-dist/tex/latex/wasysym/wasysym.sty
Package: wasysym 2020/01/19 v2.4 Wasy-2 symbol support package
\symwasy=\mathgroup7
LaTeX Font Info:    Overwriting symbol font `wasy' in version `bold'
(Font)                  U/wasy/m/n --> U/wasy/b/n on input line 93.
) (/usr/local/texlive/2023/texmf-dist/tex/latex/float/float.sty
Package: float 2001/11/08 v1.3d Float enhancements (AL)
\c@float@type=\count283
\float@exts=\toks31
\float@box=\box61
\@float@everytoks=\toks32
\@floatcapt=\box62
) (/usr/local/texlive/2023/texmf-dist/tex/latex/setspace/setspace.sty
Package: setspace 2022/12/04 v6.7b set line spacing
) (/usr/local/texlive/2023/texmf-dist/tex/latex/hyperref/hyperref.sty
Package: hyperref 2023-02-07 v7.00v Hypertext links for LaTeX
 (/usr/local/texlive/2023/texmf-dist/tex/generic/kvdefinekeys/kvdefinekeys.sty
Package: kvdefinekeys 2019-12-19 v1.6 Define keys (HO)
) (/usr/local/texlive/2023/texmf-dist/tex/generic/pdfescape/pdfescape.sty
Package: pdfescape 2019/12/09 v1.15 Implements pdfTeX's escape features (HO)
) (/usr/local/texlive/2023/texmf-dist/tex/latex/hycolor/hycolor.sty
Package: hycolor 2020-01-27 v1.10 Color options for hyperref/bookmark (HO)
) (/usr/local/texlive/2023/texmf-dist/tex/latex/letltxmacro/letltxmacro.sty
Package: letltxmacro 2019/12/03 v1.6 Let assignment for LaTeX macros (HO)
) (/usr/local/texlive/2023/texmf-dist/tex/latex/auxhook/auxhook.sty
Package: auxhook 2019-12-17 v1.6 Hooks for auxiliary files (HO)
) (/usr/local/texlive/2023/texmf-dist/tex/latex/hyperref/nameref.sty
Package: nameref 2022-05-17 v2.50 Cross-referencing by name of section
 (/usr/local/texlive/2023/texmf-dist/tex/latex/refcount/refcount.sty
Package: refcount 2019/12/15 v3.6 Data extraction from label references (HO)
) (/usr/local/texlive/2023/texmf-dist/tex/generic/gettitlestring/gettitlestring.sty
Package: gettitlestring 2019/12/15 v1.6 Cleanup title references (HO)
)
\c@section@level=\count284
)
\@linkdim=\dimen163
\Hy@linkcounter=\count285
\Hy@pagecounter=\count286
 (/usr/local/texlive/2023/texmf-dist/tex/latex/hyperref/pd1enc.def
File: pd1enc.def 2023-02-07 v7.00v Hyperref: PDFDocEncoding definition (HO)
Now handling font encoding PD1 ...
... no UTF-8 mapping file for font encoding PD1
) (/usr/local/texlive/2023/texmf-dist/tex/generic/intcalc/intcalc.sty
Package: intcalc 2019/12/15 v1.3 Expandable calculations with integers (HO)
)
\Hy@SavedSpaceFactor=\count287
 (/usr/local/texlive/2023/texmf-dist/tex/latex/hyperref/puenc.def
File: puenc.def 2023-02-07 v7.00v Hyperref: PDF Unicode definition (HO)
Now handling font encoding PU ...
... no UTF-8 mapping file for font encoding PU
)
Package hyperref Info: Hyper figures OFF on input line 4177.
Package hyperref Info: Link nesting OFF on input line 4182.
Package hyperref Info: Hyper index ON on input line 4185.
Package hyperref Info: Plain pages OFF on input line 4192.
Package hyperref Info: Backreferencing OFF on input line 4197.
Package hyperref Info: Implicit mode ON; LaTeX internals redefined.
Package hyperref Info: Bookmarks ON on input line 4425.
\c@Hy@tempcnt=\count288
 (/usr/local/texlive/2023/texmf-dist/tex/latex/url/url.sty
\Urlmuskip=\muskip17
Package: url 2013/09/16  ver 3.4  Verb mode for urls, etc.
)
LaTeX Info: Redefining \url on input line 4763.
\XeTeXLinkMargin=\dimen164
 (/usr/local/texlive/2023/texmf-dist/tex/generic/bitset/bitset.sty
Package: bitset 2019/12/09 v1.3 Handle bit-vector datatype (HO)
 (/usr/local/texlive/2023/texmf-dist/tex/generic/bigintcalc/bigintcalc.sty
Package: bigintcalc 2019/12/15 v1.5 Expandable calculations on big integers (HO)
))
\Fld@menulength=\count289
\Field@Width=\dimen165
\Fld@charsize=\dimen166
Package hyperref Info: Hyper figures OFF on input line 6042.
Package hyperref Info: Link nesting OFF on input line 6047.
Package hyperref Info: Hyper index ON on input line 6050.
Package hyperref Info: backreferencing OFF on input line 6057.
Package hyperref Info: Link coloring OFF on input line 6062.
Package hyperref Info: Link coloring with OCG OFF on input line 6067.
Package hyperref Info: PDF/A mode OFF on input line 6072.
 (/usr/local/texlive/2023/texmf-dist/tex/latex/base/atbegshi-ltx.sty
Package: atbegshi-ltx 2021/01/10 v1.0c Emulation of the original atbegshi
package with kernel methods
)
\Hy@abspage=\count290
\c@Item=\count291
\c@Hfootnote=\count292
)
Package hyperref Info: Driver (autodetected): hpdftex.
 (/usr/local/texlive/2023/texmf-dist/tex/latex/hyperref/hpdftex.def
File: hpdftex.def 2023-02-07 v7.00v Hyperref driver for pdfTeX
 (/usr/local/texlive/2023/texmf-dist/tex/latex/base/atveryend-ltx.sty
Package: atveryend-ltx 2020/08/19 v1.0a Emulation of the original atveryend package
with kernel methods
)
\Fld@listcount=\count293
\c@bookmark@seq@number=\count294
 (/usr/local/texlive/2023/texmf-dist/tex/latex/rerunfilecheck/rerunfilecheck.sty
Package: rerunfilecheck 2022-07-10 v1.10 Rerun checks for auxiliary files (HO)

(/usr/local/texlive/2023/texmf-dist/tex/generic/uniquecounter/uniquecounter.sty
Package: uniquecounter 2019/12/15 v1.4 Provide unlimited unique counter (HO)
)
Package uniquecounter Info: New unique counter `rerunfilecheck' on input line 285.
)
\Hy@SectionHShift=\skip66
) (/usr/local/texlive/2023/texmf-dist/tex/latex/tikz-cd/tikz-cd.sty
Package: tikz-cd 2021/05/04 v1.0 Commutative diagrams with TikZ
 (/usr/local/texlive/2023/texmf-dist/tex/latex/pgf/frontendlayer/tikz.sty (/usr/local/texlive/2023/texmf-dist/tex/latex/pgf/basiclayer/pgf.sty (/usr/local/texlive/2023/texmf-dist/tex/latex/pgf/utilities/pgfrcs.sty (/usr/local/texlive/2023/texmf-dist/tex/generic/pgf/utilities/pgfutil-common.tex
\pgfutil@everybye=\toks33
\pgfutil@tempdima=\dimen167
\pgfutil@tempdimb=\dimen168
) (/usr/local/texlive/2023/texmf-dist/tex/generic/pgf/utilities/pgfutil-latex.def
\pgfutil@abb=\box63
) (/usr/local/texlive/2023/texmf-dist/tex/generic/pgf/utilities/pgfrcs.code.tex (/usr/local/texlive/2023/texmf-dist/tex/generic/pgf/pgf.revision.tex)
Package: pgfrcs 2023-01-15 v3.1.10 (3.1.10)
))
Package: pgf 2023-01-15 v3.1.10 (3.1.10)
 (/usr/local/texlive/2023/texmf-dist/tex/latex/pgf/basiclayer/pgfcore.sty (/usr/local/texlive/2023/texmf-dist/tex/latex/pgf/systemlayer/pgfsys.sty (/usr/local/texlive/2023/texmf-dist/tex/generic/pgf/systemlayer/pgfsys.code.tex
Package: pgfsys 2023-01-15 v3.1.10 (3.1.10)
 (/usr/local/texlive/2023/texmf-dist/tex/generic/pgf/utilities/pgfkeys.code.tex
\pgfkeys@pathtoks=\toks34
\pgfkeys@temptoks=\toks35
 (/usr/local/texlive/2023/texmf-dist/tex/generic/pgf/utilities/pgfkeyslibraryfiltered.code.tex
\pgfkeys@tmptoks=\toks36
))
\pgf@x=\dimen169
\pgf@y=\dimen170
\pgf@xa=\dimen171
\pgf@ya=\dimen172
\pgf@xb=\dimen173
\pgf@yb=\dimen174
\pgf@xc=\dimen175
\pgf@yc=\dimen176
\pgf@xd=\dimen177
\pgf@yd=\dimen178
\w@pgf@writea=\write3
\r@pgf@reada=\read2
\c@pgf@counta=\count295
\c@pgf@countb=\count296
\c@pgf@countc=\count297
\c@pgf@countd=\count298
\t@pgf@toka=\toks37
\t@pgf@tokb=\toks38
\t@pgf@tokc=\toks39
\pgf@sys@id@count=\count299
 (/usr/local/texlive/2023/texmf-dist/tex/generic/pgf/systemlayer/pgf.cfg
File: pgf.cfg 2023-01-15 v3.1.10 (3.1.10)
)
Driver file for pgf: pgfsys-pdftex.def
 (/usr/local/texlive/2023/texmf-dist/tex/generic/pgf/systemlayer/pgfsys-pdftex.def
File: pgfsys-pdftex.def 2023-01-15 v3.1.10 (3.1.10)
 (/usr/local/texlive/2023/texmf-dist/tex/generic/pgf/systemlayer/pgfsys-common-pdf.def
File: pgfsys-common-pdf.def 2023-01-15 v3.1.10 (3.1.10)
))) (/usr/local/texlive/2023/texmf-dist/tex/generic/pgf/systemlayer/pgfsyssoftpath.code.tex
File: pgfsyssoftpath.code.tex 2023-01-15 v3.1.10 (3.1.10)
\pgfsyssoftpath@smallbuffer@items=\count300
\pgfsyssoftpath@bigbuffer@items=\count301
) (/usr/local/texlive/2023/texmf-dist/tex/generic/pgf/systemlayer/pgfsysprotocol.code.tex
File: pgfsysprotocol.code.tex 2023-01-15 v3.1.10 (3.1.10)
)) (/usr/local/texlive/2023/texmf-dist/tex/latex/xcolor/xcolor.sty
Package: xcolor 2022/06/12 v2.14 LaTeX color extensions (UK)
 (/usr/local/texlive/2023/texmf-dist/tex/latex/graphics-cfg/color.cfg
File: color.cfg 2016/01/02 v1.6 sample color configuration
)
Package xcolor Info: Driver file: pdftex.def on input line 227.
 (/usr/local/texlive/2023/texmf-dist/tex/latex/graphics/mathcolor.ltx)
Package xcolor Info: Model `cmy' substituted by `cmy0' on input line 1353.
Package xcolor Info: Model `hsb' substituted by `rgb' on input line 1357.
Package xcolor Info: Model `RGB' extended on input line 1369.
Package xcolor Info: Model `HTML' substituted by `rgb' on input line 1371.
Package xcolor Info: Model `Hsb' substituted by `hsb' on input line 1372.
Package xcolor Info: Model `tHsb' substituted by `hsb' on input line 1373.
Package xcolor Info: Model `HSB' substituted by `hsb' on input line 1374.
Package xcolor Info: Model `Gray' substituted by `gray' on input line 1375.
Package xcolor Info: Model `wave' substituted by `hsb' on input line 1376.
) (/usr/local/texlive/2023/texmf-dist/tex/generic/pgf/basiclayer/pgfcore.code.tex
Package: pgfcore 2023-01-15 v3.1.10 (3.1.10)
 (/usr/local/texlive/2023/texmf-dist/tex/generic/pgf/math/pgfmath.code.tex (/usr/local/texlive/2023/texmf-dist/tex/generic/pgf/math/pgfmathutil.code.tex)
(/usr/local/texlive/2023/texmf-dist/tex/generic/pgf/math/pgfmathparser.code.tex
\pgfmath@dimen=\dimen179
\pgfmath@count=\count302
\pgfmath@box=\box64
\pgfmath@toks=\toks40
\pgfmath@stack@operand=\toks41
\pgfmath@stack@operation=\toks42
) (/usr/local/texlive/2023/texmf-dist/tex/generic/pgf/math/pgfmathfunctions.code.tex) (/usr/local/texlive/2023/texmf-dist/tex/generic/pgf/math/pgfmathfunctions.basic.code.tex) (/usr/local/texlive/2023/texmf-dist/tex/generic/pgf/math/pgfmathfunctions.trigonometric.code.tex) (/usr/local/texlive/2023/texmf-dist/tex/generic/pgf/math/pgfmathfunctions.random.code.tex) (/usr/local/texlive/2023/texmf-dist/tex/generic/pgf/math/pgfmathfunctions.comparison.code.tex) (/usr/local/texlive/2023/texmf-dist/tex/generic/pgf/math/pgfmathfunctions.base.code.tex) (/usr/local/texlive/2023/texmf-dist/tex/generic/pgf/math/pgfmathfunctions.round.code.tex) (/usr/local/texlive/2023/texmf-dist/tex/generic/pgf/math/pgfmathfunctions.misc.code.tex) (/usr/local/texlive/2023/texmf-dist/tex/generic/pgf/math/pgfmathfunctions.integerarithmetics.code.tex) (/usr/local/texlive/2023/texmf-dist/tex/generic/pgf/math/pgfmathcalc.code.tex) (/usr/local/texlive/2023/texmf-dist/tex/generic/pgf/math/pgfmathfloat.code.tex
\c@pgfmathroundto@lastzeros=\count303
)) (/usr/local/texlive/2023/texmf-dist/tex/generic/pgf/math/pgfint.code.tex) (/usr/local/texlive/2023/texmf-dist/tex/generic/pgf/basiclayer/pgfcorepoints.code.tex
File: pgfcorepoints.code.tex 2023-01-15 v3.1.10 (3.1.10)
\pgf@picminx=\dimen180
\pgf@picmaxx=\dimen181
\pgf@picminy=\dimen182
\pgf@picmaxy=\dimen183
\pgf@pathminx=\dimen184
\pgf@pathmaxx=\dimen185
\pgf@pathminy=\dimen186
\pgf@pathmaxy=\dimen187
\pgf@xx=\dimen188
\pgf@xy=\dimen189
\pgf@yx=\dimen190
\pgf@yy=\dimen191
\pgf@zx=\dimen192
\pgf@zy=\dimen193
) (/usr/local/texlive/2023/texmf-dist/tex/generic/pgf/basiclayer/pgfcorepathconstruct.code.tex
File: pgfcorepathconstruct.code.tex 2023-01-15 v3.1.10 (3.1.10)
\pgf@path@lastx=\dimen194
\pgf@path@lasty=\dimen195
) (/usr/local/texlive/2023/texmf-dist/tex/generic/pgf/basiclayer/pgfcorepathusage.code.tex
File: pgfcorepathusage.code.tex 2023-01-15 v3.1.10 (3.1.10)
\pgf@shorten@end@additional=\dimen196
\pgf@shorten@start@additional=\dimen197
) (/usr/local/texlive/2023/texmf-dist/tex/generic/pgf/basiclayer/pgfcorescopes.code.tex
File: pgfcorescopes.code.tex 2023-01-15 v3.1.10 (3.1.10)
\pgfpic=\box65
\pgf@hbox=\box66
\pgf@layerbox@main=\box67
\pgf@picture@serial@count=\count304
) (/usr/local/texlive/2023/texmf-dist/tex/generic/pgf/basiclayer/pgfcoregraphicstate.code.tex
File: pgfcoregraphicstate.code.tex 2023-01-15 v3.1.10 (3.1.10)
\pgflinewidth=\dimen198
) (/usr/local/texlive/2023/texmf-dist/tex/generic/pgf/basiclayer/pgfcoretransformations.code.tex
File: pgfcoretransformations.code.tex 2023-01-15 v3.1.10 (3.1.10)
\pgf@pt@x=\dimen199
\pgf@pt@y=\dimen256
\pgf@pt@temp=\dimen257
) (/usr/local/texlive/2023/texmf-dist/tex/generic/pgf/basiclayer/pgfcorequick.code.tex
File: pgfcorequick.code.tex 2023-01-15 v3.1.10 (3.1.10)
) (/usr/local/texlive/2023/texmf-dist/tex/generic/pgf/basiclayer/pgfcoreobjects.code.tex
File: pgfcoreobjects.code.tex 2023-01-15 v3.1.10 (3.1.10)
) (/usr/local/texlive/2023/texmf-dist/tex/generic/pgf/basiclayer/pgfcorepathprocessing.code.tex
File: pgfcorepathprocessing.code.tex 2023-01-15 v3.1.10 (3.1.10)
)
(/usr/local/texlive/2023/texmf-dist/tex/generic/pgf/basiclayer/pgfcorearrows.code.tex
File: pgfcorearrows.code.tex 2023-01-15 v3.1.10 (3.1.10)
\pgfarrowsep=\dimen258
) (/usr/local/texlive/2023/texmf-dist/tex/generic/pgf/basiclayer/pgfcoreshade.code.tex
File: pgfcoreshade.code.tex 2023-01-15 v3.1.10 (3.1.10)
\pgf@max=\dimen259
\pgf@sys@shading@range@num=\count305
\pgf@shadingcount=\count306
) (/usr/local/texlive/2023/texmf-dist/tex/generic/pgf/basiclayer/pgfcoreimage.code.tex
File: pgfcoreimage.code.tex 2023-01-15 v3.1.10 (3.1.10)
) (/usr/local/texlive/2023/texmf-dist/tex/generic/pgf/basiclayer/pgfcoreexternal.code.tex
File: pgfcoreexternal.code.tex 2023-01-15 v3.1.10 (3.1.10)
\pgfexternal@startupbox=\box68
) (/usr/local/texlive/2023/texmf-dist/tex/generic/pgf/basiclayer/pgfcorelayers.code.tex
File: pgfcorelayers.code.tex 2023-01-15 v3.1.10 (3.1.10)
) (/usr/local/texlive/2023/texmf-dist/tex/generic/pgf/basiclayer/pgfcoretransparency.code.tex
File: pgfcoretransparency.code.tex 2023-01-15 v3.1.10 (3.1.10)
) (/usr/local/texlive/2023/texmf-dist/tex/generic/pgf/basiclayer/pgfcorepatterns.code.tex
File: pgfcorepatterns.code.tex 2023-01-15 v3.1.10 (3.1.10)
) (/usr/local/texlive/2023/texmf-dist/tex/generic/pgf/basiclayer/pgfcorerdf.code.tex
File: pgfcorerdf.code.tex 2023-01-15 v3.1.10 (3.1.10)
))) (/usr/local/texlive/2023/texmf-dist/tex/generic/pgf/modules/pgfmoduleshapes.code.tex
File: pgfmoduleshapes.code.tex 2023-01-15 v3.1.10 (3.1.10)
\pgfnodeparttextbox=\box69
) (/usr/local/texlive/2023/texmf-dist/tex/generic/pgf/modules/pgfmoduleplot.code.tex
File: pgfmoduleplot.code.tex 2023-01-15 v3.1.10 (3.1.10)
) (/usr/local/texlive/2023/texmf-dist/tex/latex/pgf/compatibility/pgfcomp-version-0-65.sty
Package: pgfcomp-version-0-65 2023-01-15 v3.1.10 (3.1.10)
\pgf@nodesepstart=\dimen260
\pgf@nodesepend=\dimen261
) (/usr/local/texlive/2023/texmf-dist/tex/latex/pgf/compatibility/pgfcomp-version-1-18.sty
Package: pgfcomp-version-1-18 2023-01-15 v3.1.10 (3.1.10)
)) (/usr/local/texlive/2023/texmf-dist/tex/latex/pgf/utilities/pgffor.sty (/usr/local/texlive/2023/texmf-dist/tex/latex/pgf/utilities/pgfkeys.sty (/usr/local/texlive/2023/texmf-dist/tex/generic/pgf/utilities/pgfkeys.code.tex)) (/usr/local/texlive/2023/texmf-dist/tex/latex/pgf/math/pgfmath.sty (/usr/local/texlive/2023/texmf-dist/tex/generic/pgf/math/pgfmath.code.tex)) (/usr/local/texlive/2023/texmf-dist/tex/generic/pgf/utilities/pgffor.code.tex
Package: pgffor 2023-01-15 v3.1.10 (3.1.10)
\pgffor@iter=\dimen262
\pgffor@skip=\dimen263
\pgffor@stack=\toks43
\pgffor@toks=\toks44
)) (/usr/local/texlive/2023/texmf-dist/tex/generic/pgf/frontendlayer/tikz/tikz.code.tex
Package: tikz 2023-01-15 v3.1.10 (3.1.10)
 (/usr/local/texlive/2023/texmf-dist/tex/generic/pgf/libraries/pgflibraryplothandlers.code.tex
File: pgflibraryplothandlers.code.tex 2023-01-15 v3.1.10 (3.1.10)
\pgf@plot@mark@count=\count307
\pgfplotmarksize=\dimen264
)
\tikz@lastx=\dimen265
\tikz@lasty=\dimen266
\tikz@lastxsaved=\dimen267
\tikz@lastysaved=\dimen268
\tikz@lastmovetox=\dimen269
\tikz@lastmovetoy=\dimen270
\tikzleveldistance=\dimen271
\tikzsiblingdistance=\dimen272
\tikz@figbox=\box70
\tikz@figbox@bg=\box71
\tikz@tempbox=\box72
\tikz@tempbox@bg=\box73
\tikztreelevel=\count308
\tikznumberofchildren=\count309
\tikznumberofcurrentchild=\count310
\tikz@fig@count=\count311
 (/usr/local/texlive/2023/texmf-dist/tex/generic/pgf/modules/pgfmodulematrix.code.tex
File: pgfmodulematrix.code.tex 2023-01-15 v3.1.10 (3.1.10)
\pgfmatrixcurrentrow=\count312
\pgfmatrixcurrentcolumn=\count313
\pgf@matrix@numberofcolumns=\count314
)
\tikz@expandcount=\count315
 (/usr/local/texlive/2023/texmf-dist/tex/generic/pgf/frontendlayer/tikz/libraries/tikzlibrarytopaths.code.tex
File: tikzlibrarytopaths.code.tex 2023-01-15 v3.1.10 (3.1.10)
))) (/usr/local/texlive/2023/texmf-dist/tex/generic/tikz-cd/tikzlibrarycd.code.tex
(/usr/local/texlive/2023/texmf-dist/tex/generic/pgf/frontendlayer/tikz/libraries/tikzlibrarymatrix.code.tex
File: tikzlibrarymatrix.code.tex 2023-01-15 v3.1.10 (3.1.10)
) (/usr/local/texlive/2023/texmf-dist/tex/generic/pgf/frontendlayer/tikz/libraries/tikzlibraryquotes.code.tex
File: tikzlibraryquotes.code.tex 2023-01-15 v3.1.10 (3.1.10)
) (/usr/local/texlive/2023/texmf-dist/tex/generic/pgf/libraries/pgflibraryarrows.meta.code.tex
File: pgflibraryarrows.meta.code.tex 2023-01-15 v3.1.10 (3.1.10)
\pgfarrowinset=\dimen273
\pgfarrowlength=\dimen274
\pgfarrowwidth=\dimen275
\pgfarrowlinewidth=\dimen276
))) (/usr/local/texlive/2023/texmf-dist/tex/latex/bookmark/bookmark.sty
Package: bookmark 2020-11-06 v1.29 PDF bookmarks (HO)
 (/usr/local/texlive/2023/texmf-dist/tex/latex/bookmark/bkm-pdftex.def
File: bkm-pdftex.def 2020-11-06 v1.29 bookmark driver for pdfTeX (HO)
\BKM@id=\count316
)) (/usr/local/texlive/2023/texmf-dist/tex/latex/tools/longtable.sty
Package: longtable 2021-09-01 v4.17 Multi-page Table package (DPC)
\LTleft=\skip67
\LTright=\skip68
\LTpre=\skip69
\LTpost=\skip70
\LTchunksize=\count317
\LTcapwidth=\dimen277
\LT@head=\box74
\LT@firsthead=\box75
\LT@foot=\box76
\LT@lastfoot=\box77
\LT@gbox=\box78
\LT@cols=\count318
\LT@rows=\count319
\c@LT@tables=\count320
\c@LT@chunks=\count321
\LT@p@ftn=\toks45
) (/usr/local/texlive/2023/texmf-dist/tex/latex/microtype/microtype.sty
Package: microtype 2023/03/13 v3.1a Micro-typographical refinements (RS)
\MT@toks=\toks46
\MT@tempbox=\box79
\MT@count=\count322
LaTeX Info: Redefining \noprotrusionifhmode on input line 1059.
LaTeX Info: Redefining \leftprotrusion on input line 1060.
\MT@prot@toks=\toks47
LaTeX Info: Redefining \rightprotrusion on input line 1078.
LaTeX Info: Redefining \textls on input line 1368.
\MT@outer@kern=\dimen278
LaTeX Info: Redefining \textmicrotypecontext on input line 1988.
\MT@listname@count=\count323
 (/usr/local/texlive/2023/texmf-dist/tex/latex/microtype/microtype-pdftex.def
File: microtype-pdftex.def 2023/03/13 v3.1a Definitions specific to pdftex (RS)
LaTeX Info: Redefining \lsstyle on input line 902.
LaTeX Info: Redefining \lslig on input line 902.
\MT@outer@space=\skip71
)
Package microtype Info: Loading configuration file microtype.cfg.
 (/usr/local/texlive/2023/texmf-dist/tex/latex/microtype/microtype.cfg
File: microtype.cfg 2023/03/13 v3.1a microtype main configuration file (RS)
)) (/usr/local/texlive/2023/texmf-dist/tex/latex/tcolorbox/tcolorbox.sty
Package: tcolorbox 2023/02/12 version 6.0.1 text color boxes
 (/usr/local/texlive/2023/texmf-dist/tex/latex/tools/verbatim.sty
Package: verbatim 2022-07-02 v1.5u LaTeX2e package for verbatim enhancements
\every@verbatim=\toks48
\verbatim@line=\toks49
\verbatim@in@stream=\read3
) (/usr/local/texlive/2023/texmf-dist/tex/latex/environ/environ.sty
Package: environ 2014/05/04 v0.3 A new way to define environments
 (/usr/local/texlive/2023/texmf-dist/tex/latex/trimspaces/trimspaces.sty
Package: trimspaces 2009/09/17 v1.1 Trim spaces around a token list
))
\tcb@titlebox=\box80
\tcb@upperbox=\box81
\tcb@lowerbox=\box82
\tcb@phantombox=\box83
\c@tcbbreakpart=\count324
\c@tcblayer=\count325
\c@tcolorbox@number=\count326
\tcb@temp=\box84
\tcb@temp=\box85
\tcb@temp=\box86
\tcb@temp=\box87
) (/usr/local/texlive/2023/texmf-dist/tex/latex/wrapfig/wrapfig.sty
\wrapoverhang=\dimen279
\WF@size=\dimen280
\c@WF@wrappedlines=\count327
\WF@box=\box88
\WF@everypar=\toks50
Package: wrapfig 2003/01/31  v 3.6
) (/usr/local/texlive/2023/texmf-dist/tex/latex/listings/listings.sty
\lst@mode=\count328
\lst@gtempboxa=\box89
\lst@token=\toks51
\lst@length=\count329
\lst@currlwidth=\dimen281
\lst@column=\count330
\lst@pos=\count331
\lst@lostspace=\dimen282
\lst@width=\dimen283
\lst@newlines=\count332
\lst@lineno=\count333
\lst@maxwidth=\dimen284
 (/usr/local/texlive/2023/texmf-dist/tex/latex/listings/lstmisc.sty
File: lstmisc.sty 2023/02/27 1.9 (Carsten Heinz)
\c@lstnumber=\count334
\lst@skipnumbers=\count335
\lst@framebox=\box90
) (/usr/local/texlive/2023/texmf-dist/tex/latex/listings/listings.cfg
File: listings.cfg 2023/02/27 1.9 listings configuration
))
Package: listings 2023/02/27 1.9 (Carsten Heinz)
 (/usr/local/texlive/2023/texmf-dist/tex/latex/biblatex/biblatex.sty
Package: biblatex 2023/03/05 v3.19 programmable bibliographies (PK/MW)
 (/usr/local/texlive/2023/texmf-dist/tex/latex/logreq/logreq.sty
Package: logreq 2010/08/04 v1.0 xml request logger
\lrq@indent=\count336
 (/usr/local/texlive/2023/texmf-dist/tex/latex/logreq/logreq.def
File: logreq.def 2010/08/04 v1.0 logreq spec v1.0
)) (/usr/local/texlive/2023/texmf-dist/tex/latex/base/ifthen.sty
Package: ifthen 2022/04/13 v1.1d Standard LaTeX ifthen package (DPC)
)
\c@tabx@nest=\count337
\c@listtotal=\count338
\c@listcount=\count339
\c@liststart=\count340
\c@liststop=\count341
\c@citecount=\count342
\c@citetotal=\count343
\c@multicitecount=\count344
\c@multicitetotal=\count345
\c@instcount=\count346
\c@maxnames=\count347
\c@minnames=\count348
\c@maxitems=\count349
\c@minitems=\count350
\c@citecounter=\count351
\c@maxcitecounter=\count352
\c@savedcitecounter=\count353
\c@uniquelist=\count354
\c@uniquename=\count355
\c@refsection=\count356
\c@refsegment=\count357
\c@maxextratitle=\count358
\c@maxextratitleyear=\count359
\c@maxextraname=\count360
\c@maxextradate=\count361
\c@maxextraalpha=\count362
\c@abbrvpenalty=\count363
\c@highnamepenalty=\count364
\c@lownamepenalty=\count365
\c@maxparens=\count366
\c@parenlevel=\count367
\blx@tempcnta=\count368
\blx@tempcntb=\count369
\blx@tempcntc=\count370
\c@blx@maxsection=\count371
\blx@maxsegment@0=\count372
\blx@notetype=\count373
\blx@parenlevel@text=\count374
\blx@parenlevel@foot=\count375
\blx@sectionciteorder@0=\count376
\blx@sectionciteorderinternal@0=\count377
\blx@entrysetcounter=\count378
\blx@biblioinstance=\count379
\labelnumberwidth=\skip72
\labelalphawidth=\skip73
\biblabelsep=\skip74
\bibitemsep=\skip75
\bibnamesep=\skip76
\bibinitsep=\skip77
\bibparsep=\skip78
\bibhang=\skip79
\blx@bcfin=\read4
\blx@bcfout=\write4
\blx@langwohyphens=\language87
\c@mincomprange=\count380
\c@maxcomprange=\count381
\c@mincompwidth=\count382
Package biblatex Info: Trying to load biblatex default data model...
Package biblatex Info: ... file 'blx-dm.def' found.
 (/usr/local/texlive/2023/texmf-dist/tex/latex/biblatex/blx-dm.def
File: blx-dm.def 2023/03/05 v3.19 biblatex localization (PK/MW)
)
Package biblatex Info: Trying to load biblatex custom data model...
Package biblatex Info: ... file 'biblatex-dm.cfg' not found.
\c@afterword=\count383
\c@savedafterword=\count384
\c@annotator=\count385
\c@savedannotator=\count386
\c@author=\count387
\c@savedauthor=\count388
\c@bookauthor=\count389
\c@savedbookauthor=\count390
\c@commentator=\count391
\c@savedcommentator=\count392
\c@editor=\count393
\c@savededitor=\count394
\c@editora=\count395
\c@savededitora=\count396
\c@editorb=\count397
\c@savededitorb=\count398
\c@editorc=\count399
\c@savededitorc=\count400
\c@foreword=\count401
\c@savedforeword=\count402
\c@holder=\count403
\c@savedholder=\count404
\c@introduction=\count405
\c@savedintroduction=\count406
\c@namea=\count407
\c@savednamea=\count408
\c@nameb=\count409
\c@savednameb=\count410
\c@namec=\count411
\c@savednamec=\count412
\c@translator=\count413
\c@savedtranslator=\count414
\c@shortauthor=\count415
\c@savedshortauthor=\count416
\c@shorteditor=\count417
\c@savedshorteditor=\count418
\c@labelname=\count419
\c@savedlabelname=\count420
\c@institution=\count421
\c@savedinstitution=\count422
\c@lista=\count423
\c@savedlista=\count424
\c@listb=\count425
\c@savedlistb=\count426
\c@listc=\count427
\c@savedlistc=\count428
\c@listd=\count429
\c@savedlistd=\count430
\c@liste=\count431
\c@savedliste=\count432
\c@listf=\count433
\c@savedlistf=\count434
\c@location=\count435
\c@savedlocation=\count436
\c@organization=\count437
\c@savedorganization=\count438
\c@origlocation=\count439
\c@savedoriglocation=\count440
\c@origpublisher=\count441
\c@savedorigpublisher=\count442
\c@publisher=\count443
\c@savedpublisher=\count444
\c@language=\count445
\c@savedlanguage=\count446
\c@origlanguage=\count447
\c@savedoriglanguage=\count448
\c@pageref=\count449
\c@savedpageref=\count450
\shorthandwidth=\skip80
\shortjournalwidth=\skip81
\shortserieswidth=\skip82
\shorttitlewidth=\skip83
\shortauthorwidth=\skip84
\shorteditorwidth=\skip85
\locallabelnumberwidth=\skip86
\locallabelalphawidth=\skip87
\localshorthandwidth=\skip88
\localshortjournalwidth=\skip89
\localshortserieswidth=\skip90
\localshorttitlewidth=\skip91
\localshortauthorwidth=\skip92
\localshorteditorwidth=\skip93
Package biblatex Info: Trying to load compatibility code...
Package biblatex Info: ... file 'blx-compat.def' found.
 (/usr/local/texlive/2023/texmf-dist/tex/latex/biblatex/blx-compat.def
File: blx-compat.def 2023/03/05 v3.19 biblatex compatibility (PK/MW)
)
Package biblatex Info: Trying to load generic definitions...
Package biblatex Info: ... file 'biblatex.def' found.
 (/usr/local/texlive/2023/texmf-dist/tex/latex/biblatex/biblatex.def
File: biblatex.def 2023/03/05 v3.19 biblatex compatibility (PK/MW)
\c@textcitecount=\count451
\c@textcitetotal=\count452
\c@textcitemaxnames=\count453
\c@biburlbigbreakpenalty=\count454
\c@biburlbreakpenalty=\count455
\c@biburlnumpenalty=\count456
\c@biburlucpenalty=\count457
\c@biburllcpenalty=\count458
\biburlbigskip=\muskip18
\biburlnumskip=\muskip19
\biburlucskip=\muskip20
\biburllcskip=\muskip21
\c@smartand=\count459
)
Package biblatex Info: Trying to load bibliography style 'numeric'...
Package biblatex Info: ... file 'numeric.bbx' found.
 (/usr/local/texlive/2023/texmf-dist/tex/latex/biblatex/bbx/numeric.bbx
File: numeric.bbx 2023/03/05 v3.19 biblatex bibliography style (PK/MW)
Package biblatex Info: Trying to load bibliography style 'standard'...
Package biblatex Info: ... file 'standard.bbx' found.
 (/usr/local/texlive/2023/texmf-dist/tex/latex/biblatex/bbx/standard.bbx
File: standard.bbx 2023/03/05 v3.19 biblatex bibliography style (PK/MW)
\c@bbx:relatedcount=\count460
\c@bbx:relatedtotal=\count461
))
Package biblatex Info: Trying to load citation style 'numeric'...
Package biblatex Info: ... file 'numeric.cbx' found.
 (/usr/local/texlive/2023/texmf-dist/tex/latex/biblatex/cbx/numeric.cbx
File: numeric.cbx 2023/03/05 v3.19 biblatex citation style (PK/MW)
Package biblatex Info: Redefining '\cite'.
Package biblatex Info: Redefining '\parencite'.
Package biblatex Info: Redefining '\footcite'.
Package biblatex Info: Redefining '\footcitetext'.
Package biblatex Info: Redefining '\smartcite'.
Package biblatex Info: Redefining '\supercite'.
Package biblatex Info: Redefining '\textcite'.
Package biblatex Info: Redefining '\textcites'.
Package biblatex Info: Redefining '\cites'.
Package biblatex Info: Redefining '\parencites'.
Package biblatex Info: Redefining '\smartcites'.
)
Package biblatex Info: Trying to load configuration file...
Package biblatex Info: ... file 'biblatex.cfg' found.

(/usr/local/texlive/2023/texmf-dist/tex/latex/biblatex/biblatex.cfg
File: biblatex.cfg 
)
Package biblatex Info: Input encoding 'utf8' detected.
Package biblatex Info: Document encoding is UTF8 ....
 (/usr/local/texlive/2023/texmf-dist/tex/latex/l3kernel/expl3.sty
Package: expl3 2023-02-22 L3 programming layer (loader) 
 (/usr/local/texlive/2023/texmf-dist/tex/latex/l3backend/l3backend-pdftex.def
File: l3backend-pdftex.def 2023-01-16 L3 backend support: PDF output (pdfTeX)
\l__color_backend_stack_int=\count462
\l__pdf_internal_box=\box91
))
Package biblatex Info: ... and expl3
(biblatex)             2023-02-22 L3 programming layer (loader) 
(biblatex)             is new enough (at least 2020/04/06),
(biblatex)             setting 'casechanger=expl3'.
 (/usr/local/texlive/2023/texmf-dist/tex/latex/biblatex/blx-case-expl3.sty (/usr/local/texlive/2023/texmf-dist/tex/latex/l3packages/xparse/xparse.sty
Package: xparse 2023-02-02 L3 Experimental document command parser
)
Package: blx-case-expl3 2023/03/05 v3.19 expl3 case changing code for biblatex
)) (/usr/local/texlive/2023/texmf-dist/tex/latex/thmtools/thmtools.sty
Package: thmtools 2023/02/17 v0.75
\thmt@toks=\toks52
\c@thmt@dummyctr=\count463
 (/usr/local/texlive/2023/texmf-dist/tex/latex/thmtools/thm-patch.sty
Package: thm-patch 2023/02/17 v0.75
 (/usr/local/texlive/2023/texmf-dist/tex/latex/thmtools/parseargs.sty
Package: parseargs 2023/02/17 v0.75
\@parsespec=\toks53
)) (/usr/local/texlive/2023/texmf-dist/tex/latex/thmtools/thm-kv.sty
Package: thm-kv 2023/02/17 v0.75
Package thm-kv Info: Theorem names will be uppercased on input line 42.
Package thm-kv Info: kvsetkeys patch (v1.16 or later) on input line 158.
) (/usr/local/texlive/2023/texmf-dist/tex/latex/thmtools/thm-autoref.sty
Package: thm-autoref 2023/02/17 v0.75
 (/usr/local/texlive/2023/texmf-dist/tex/latex/thmtools/aliasctr.sty
Package: aliasctr 2023/02/17 v0.75
)) (/usr/local/texlive/2023/texmf-dist/tex/latex/thmtools/thm-listof.sty
Package: thm-listof 2023/02/17 v0.75
) (/usr/local/texlive/2023/texmf-dist/tex/latex/thmtools/thm-restate.sty
Package: thm-restate 2023/02/17 v0.75
) (/usr/local/texlive/2023/texmf-dist/tex/latex/thmtools/thm-amsthm.sty
Package: thm-amsthm 2023/02/17 v0.75
\thmt@style@headstyle=\toks54
)) (/usr/local/texlive/2023/texmf-dist/tex/latex/tools/array.sty
Package: array 2022/09/04 v2.5g Tabular extension package (FMi)
\col@sep=\dimen285
\ar@mcellbox=\box92
\extrarowheight=\dimen286
\NC@list=\toks55
\extratabsurround=\skip94
\backup@length=\skip95
\ar@cellbox=\box93
) (/usr/local/texlive/2023/texmf-dist/tex/latex/blindtext/blindtext.sty
Package: blindtext 2012/01/06 V2.0 blindtext-Package
 (/usr/local/texlive/2023/texmf-dist/tex/latex/tools/xspace.sty
Package: xspace 2014/10/28 v1.13 Space after command names (DPC,MH)
)
\c@blindtext=\count464
\c@Blindtext=\count465
\c@blind@countparstart=\count466
\blind@countxx=\count467
\blindtext@numBlindtext=\count468
\blind@countyy=\count469
\c@blindlist=\count470
\c@blindlistlevel=\count471
\c@blindlist@level=\count472
\blind@listitem=\count473
\c@blind@listcount=\count474
\c@blind@levelcount=\count475
\blind@mathformula=\count476
\blind@Mathformula=\count477
\c@blind@randomcount=\count478
\c@blind@randommax=\count479
\c@blind@pangramcount=\count480
\c@blind@pangrammax=\count481
) (/usr/local/texlive/2023/texmf-dist/tex/latex/geometry/geometry.sty
Package: geometry 2020/01/02 v5.9 Page Geometry
 (/usr/local/texlive/2023/texmf-dist/tex/generic/iftex/ifvtex.sty
Package: ifvtex 2019/10/25 v1.7 ifvtex legacy package. Use iftex instead.
)
\Gm@cnth=\count482
\Gm@cntv=\count483
\c@Gm@tempcnt=\count484
\Gm@bindingoffset=\dimen287
\Gm@wd@mp=\dimen288
\Gm@odd@mp=\dimen289
\Gm@even@mp=\dimen290
\Gm@layoutwidth=\dimen291
\Gm@layoutheight=\dimen292
\Gm@layouthoffset=\dimen293
\Gm@layoutvoffset=\dimen294
\Gm@dimlist=\toks56
) (/usr/local/texlive/2023/texmf-dist/tex/latex/fancyhdr/fancyhdr.sty
Package: fancyhdr 2022/11/09 v4.1 Extensive control of page headers and footers
\f@nch@headwidth=\skip96
\f@nch@O@elh=\skip97
\f@nch@O@erh=\skip98
\f@nch@O@olh=\skip99
\f@nch@O@orh=\skip100
\f@nch@O@elf=\skip101
\f@nch@O@erf=\skip102
\f@nch@O@olf=\skip103
\f@nch@O@orf=\skip104
) (/usr/local/texlive/2023/texmf-dist/tex/latex/titlesec/titlesec.sty
Package: titlesec 2021/07/05 v2.14 Sectioning titles
\ttl@box=\box94
\beforetitleunit=\skip105
\aftertitleunit=\skip106
\ttl@plus=\dimen295
\ttl@minus=\dimen296
\ttl@toksa=\toks57
\titlewidth=\dimen297
\titlewidthlast=\dimen298
\titlewidthfirst=\dimen299
) (/usr/local/texlive/2023/texmf-dist/tex/latex/exercise/exercise.sty
Package: exercise 2014/10/20 v1.6 Exercise package (P.Pichaureau)
\ExerciseSkipBefore=\skip107
\ExerciseSkipAfter=\skip108
\AnswerSkipBefore=\skip109
\AnswerSkipAfter=\skip110
\Exesep=\skip111
\Exetopsep=\skip112
\Exeparsep=\skip113
\Exepartopsep=\skip114
\Exeleftmargin=\skip115
\Exerightmargin=\skip116
\Exelabelwidth=\skip117
\Exelabelsep=\skip118
\ExerciseBefore=\skip119
\QuestionBefore=\skip120
\subQuestionBefore=\skip121
\subsubQuestionBefore=\skip122
\QuestionIndent=\skip123
\subQuestionIndent=\skip124
\subsubQuestionIndent=\skip125
\c@Exercise=\count485
\c@Answer=\count486
\c@ExePart=\count487
\c@Question=\count488
\c@subQuestion=\count489
\c@subsubQuestion=\count490
\c@savedQuestion=\count491
\c@savedsubQuestion=\count492
\c@savedsubsubQuestion=\count493
\@QuestionLevel=\count494
\@Exercisebox=\box95
\all@Exercisebox=\box96
\temp@Exercisebox=\box97
\all@Answerbox=\box98
\temp@Answerbox=\box99
\ExerciseDifficulty=\count495
\QuestionDifficulty=\count496
\subQuestionDifficulty=\count497
\subsubQuestionDifficulty=\count498
\ExePartDifficulty=\count499
\@Answerbox=\box100
\colonnesLevel=\count500
\tempskipa=\skip126
\tempskipb=\skip127
\@savedmathindent=\skip128
) (/usr/local/texlive/2023/texmf-dist/tex/latex/cleveref/cleveref.sty
Package: cleveref 2018/03/27 v0.21.4 Intelligent cross-referencing
Package cleveref Info: `hyperref' support loaded on input line 2370.
LaTeX Info: Redefining \cref on input line 2370.
LaTeX Info: Redefining \Cref on input line 2370.
LaTeX Info: Redefining \crefrange on input line 2370.
LaTeX Info: Redefining \Crefrange on input line 2370.
LaTeX Info: Redefining \cpageref on input line 2370.
LaTeX Info: Redefining \Cpageref on input line 2370.
LaTeX Info: Redefining \cpagerefrange on input line 2370.
LaTeX Info: Redefining \Cpagerefrange on input line 2370.
LaTeX Info: Redefining \labelcref on input line 2370.
LaTeX Info: Redefining \labelcpageref on input line 2370.
Package cleveref Info: `amsthm' support loaded on input line 3026.
Package cleveref Info: `listings' support loaded on input line 3131.
) (/usr/local/texlive/2023/texmf-dist/tex/latex/dynkin-diagrams/dynkin-diagrams.sty
Package: dynkin-diagrams 2021/04/04 Dynkin diagrams
 (/usr/local/texlive/2023/texmf-dist/tex/generic/xstring/xstring.sty (/usr/local/texlive/2023/texmf-dist/tex/generic/xstring/xstring.tex
\integerpart=\count501
\decimalpart=\count502
)
Package: xstring 2023/01/14 v1.85 String manipulations (CT)
) (/usr/local/texlive/2023/texmf-dist/tex/latex/pgfopts/pgfopts.sty
Package: pgfopts 2014/07/10 v2.1a LaTeX package options with pgfkeys
\pgfopts@list@add@a@toks=\toks58
\pgfopts@list@add@b@toks=\toks59
) (/usr/local/texlive/2023/texmf-dist/tex/generic/pgf/frontendlayer/tikz/libraries/tikzlibraryarrows.code.tex
File: tikzlibraryarrows.code.tex 2023-01-15 v3.1.10 (3.1.10)

(/usr/local/texlive/2023/texmf-dist/tex/generic/pgf/libraries/pgflibraryarrows.code.tex
File: pgflibraryarrows.code.tex 2023-01-15 v3.1.10 (3.1.10)
\arrowsize=\dimen300
)) (/usr/local/texlive/2023/texmf-dist/tex/generic/pgf/frontendlayer/tikz/libraries/tikzlibrarybackgrounds.code.tex
File: tikzlibrarybackgrounds.code.tex 2023-01-15 v3.1.10 (3.1.10)
\pgf@layerbox@background=\box101
\pgf@layerboxsaved@background=\box102
) (/usr/local/texlive/2023/texmf-dist/tex/generic/pgf/frontendlayer/tikz/libraries/tikzlibrarycalc.code.tex
File: tikzlibrarycalc.code.tex 2023-01-15 v3.1.10 (3.1.10)
) (/usr/local/texlive/2023/texmf-dist/tex/generic/pgf/frontendlayer/tikz/libraries/tikzlibrarydecorations.markings.code.tex (/usr/local/texlive/2023/texmf-dist/tex/generic/pgf/frontendlayer/tikz/libraries/tikzlibrarydecorations.code.tex (/usr/local/texlive/2023/texmf-dist/tex/generic/pgf/modules/pgfmoduledecorations.code.tex
\pgfdecoratedcompleteddistance=\dimen301
\pgfdecoratedremainingdistance=\dimen302
\pgfdecoratedinputsegmentcompleteddistance=\dimen303
\pgfdecoratedinputsegmentremainingdistance=\dimen304
\pgf@decorate@distancetomove=\dimen305
\pgf@decorate@repeatstate=\count503
\pgfdecorationsegmentamplitude=\dimen306
\pgfdecorationsegmentlength=\dimen307
)
\tikz@lib@dec@box=\box103
) (/usr/local/texlive/2023/texmf-dist/tex/generic/pgf/libraries/decorations/pgflibrarydecorations.markings.code.tex)) (/usr/local/texlive/2023/texmf-dist/tex/generic/pgf/frontendlayer/tikz/libraries/tikzlibrarydecorations.pathreplacing.code.tex (/usr/local/texlive/2023/texmf-dist/tex/generic/pgf/libraries/decorations/pgflibrarydecorations.pathreplacing.code.tex)) (/usr/local/texlive/2023/texmf-dist/tex/generic/pgf/frontendlayer/tikz/libraries/tikzlibrarydecorations.pathmorphing.code.tex (/usr/local/texlive/2023/texmf-dist/tex/generic/pgf/libraries/decorations/pgflibrarydecorations.pathmorphing.code.tex)) (/usr/local/texlive/2023/texmf-dist/tex/generic/pgf/frontendlayer/tikz/libraries/tikzlibraryfit.code.tex
File: tikzlibraryfit.code.tex 2023-01-15 v3.1.10 (3.1.10)
) (/usr/local/texlive/2023/texmf-dist/tex/generic/pgf/frontendlayer/tikz/libraries/tikzlibrarypatterns.code.tex
File: tikzlibrarypatterns.code.tex 2023-01-15 v3.1.10 (3.1.10)
 (/usr/local/texlive/2023/texmf-dist/tex/generic/pgf/libraries/pgflibrarypatterns.code.tex
File: pgflibrarypatterns.code.tex 2023-01-15 v3.1.10 (3.1.10)
)) (/usr/local/texlive/2023/texmf-dist/tex/generic/pgf/frontendlayer/tikz/libraries/tikzlibraryshadows.code.tex
File: tikzlibraryshadows.code.tex 2023-01-15 v3.1.10 (3.1.10)
 (/usr/local/texlive/2023/texmf-dist/tex/generic/pgf/frontendlayer/tikz/libraries/tikzlibraryfadings.code.tex
File: tikzlibraryfadings.code.tex 2023-01-15 v3.1.10 (3.1.10)
 (/usr/local/texlive/2023/texmf-dist/tex/generic/pgf/libraries/pgflibraryfadings.code.tex
File: pgflibraryfadings.code.tex 2023-01-15 v3.1.10 (3.1.10)
)))
\pgf@layerbox@Dynkin behind=\box104
\pgf@layerboxsaved@Dynkin behind=\box105
\dynkinOverrideRoot=\count504
\dynkin@rpo=\count505
\c@dynkinRootNo=\count506
\dynkin@onesbit=\count507
\dynkin@twosbit=\count508
\dynkin@rank=\count509
\dynkin@rank@minus@one=\count510
\dynkin@rank@minus@two=\count511
\dynkin@rank@minus@three=\count512
\dynkin@nodes=\count513
\dynkin@ply=\count514
\dynkin@drpo=\count515
\dynkin@where=\count516
\dynkin@first@root@no=\count517
\dynkin@second@root@no=\count518
\dynkin@Root@Numbr=\count519
\dynkin@string@length=\count520
\dynkin@Root@Numbrpo=\count521
\defaultpgflinewidth=\skip129
\dynkin@lenny=\count522
\dynkin@Root@Number=\count523
\@dynkin@from@root=\count524
\@dynkin@to@root=\count525
\dynkin@r=\count526
\dynkin@root@no=\count527
\dynkin@order@temp=\count528
\dynkin@order@temp@b=\count529
\tempDynkinReorder=\count530
\test@bit@a=\count531
\test@bit@b=\count532
\replaceNthCounter=\count533
\replacementN=\count534
\dynkin@where=\count535
\dynkin@nodes@minus@one=\count536
\pipebmo=\count537
\pipefpo=\count538
\pipe@end=\count539
\start@pipe=\count540
\dynkin@h=\count541
\dynkin@hpo=\count542
\dynkin@afterfold=\count543
\dynkin@nrts=\count544
\dynkin@countdown=\count545
\dynkin@bmo=\count546
\dynkin@bmo=\count547
\dynkin@height@minus@one=\count548
\dynkin@nodes@minus@one=\count549
) (/usr/local/texlive/2023/texmf-dist/tex/latex/markdown/markdown.sty
(/usr/local/texlive/2023/texmf-dist/tex/generic/markdown/markdown.tex
\markdownOptionFrozenCacheCounter=\count550
\markdownInputFileStream=\read5
\markdownOutputFileStream=\write5
Package markdown Info: Using mode 3: The lt3luabridge package on input line 2580.
 (/usr/local/texlive/2023/texmf-dist/tex/generic/lt3luabridge/lt3luabridge.tex
\g_luabridge_method_int=\count551

Package luabridge Info: Using shell escape as the bridging method

))
Package: markdown 2023-02-28 v2.21.0-0-gee15b88 markdown renderer
 (/usr/local/texlive/2023/texmf-dist/tex/latex/paralist/paralist.sty
Package: paralist 2017/01/22 v2.7 Extended list environments
\pltopsep=\skip130
\plpartopsep=\skip131
\plitemsep=\skip132
\plparsep=\skip133
\pl@lab=\toks60
) (/usr/local/texlive/2023/texmf-dist/tex/latex/csvsimple/csvsimple.sty (/usr/local/texlive/2023/texmf-dist/tex/latex/l3packages/l3keys2e/l3keys2e.sty
Package: l3keys2e 2023-02-02 LaTeX2e option processing using LaTeX3 keys
)
Package: csvsimple 2022/09/20 v2.3.2 LaTeX CSV file processing
) (/usr/local/texlive/2023/texmf-dist/tex/latex/csvsimple/csvsimple-legacy.sty
Package: csvsimple-legacy 2022/09/20 version 2.3.2 LaTeX2e CSV file processing
 (/usr/local/texlive/2023/texmf-dist/tex/latex/tools/shellesc.sty
Package: shellesc 2019/11/08 v1.0c unified shell escape interface for LaTeX
Package shellesc Info: Restricted shell escape enabled on input line 77.
)
\csv@file=\read6
\c@csvinputline=\count552
\c@csvrow=\count553
\c@csvcol=\count554
\csv@out=\write6
) (/usr/local/texlive/2023/texmf-dist/tex/latex/fancyvrb/fancyvrb.sty
Package: fancyvrb 2023/01/19 4.5a verbatim text (tvz,hv)
\FV@CodeLineNo=\count555
\FV@InFile=\read7
\FV@TabBox=\box106
\c@FancyVerbLine=\count556
\FV@StepNumber=\count557
\FV@OutFile=\write7
)
\markdownLaTeXCitationsCounter=\count558
 (/usr/local/texlive/2023/texmf-dist/tex/generic/gobble/gobble.sty
Package: gobble 2019/01/04 v0.2 Provides more gobble macros
 (/usr/local/texlive/2023/texmf-dist/tex/generic/gobble/gobble.tex))
\markdownLaTeXRowCounter=\count559
\markdownLaTeXRowTotal=\count560
\markdownLaTeXColumnCounter=\count561
\markdownLaTeXColumnTotal=\count562
\markdownLaTeXTable=\toks61
\markdownLaTeXTableAlignment=\toks62
\markdownLaTeXTableEnd=\toks63
) (/usr/local/texlive/2023/texmf-dist/tex/latex/tcolorbox/tcbtheorems.code.tex
Library (tcolorbox): 'tcbtheorems.code.tex' version '6.0.1'
)
\c@tcb@cnt@thm=\count563
\c@tcb@cnt@lem=\count564
\c@tcb@cnt@defn=\count565
\c@tcb@cnt@axiom=\count566
\c@tcb@cnt@prop=\count567
\c@tcb@cnt@cor=\count568
Package thmtools Info: Key `numberwithin' (with value `section')
(thmtools)             is not a known style key.
(thmtools)             Will pass this to every \declaretheorem
(thmtools)             that uses `style=exstyle' on input line 160.
Package thmtools Info: Key `qed' (with value `$\blacktriangledown $')
(thmtools)             is not a known style key.
(thmtools)             Will pass this to every \declaretheorem
(thmtools)             that uses `style=solstyle' on input line 171.
Package thmtools Info: Key `numbered' (with value `no')
(thmtools)             is not a known style key.
(thmtools)             Will pass this to every \declaretheorem
(thmtools)             that uses `style=solstyle' on input line 171.
Package thmtools Info: Key `numbered' (with value `no')
(thmtools)             is not a known style key.
(thmtools)             Will pass this to every \declaretheorem
(thmtools)             that uses `style=questyle' on input line 181.
\loopcounter=\count569
 (/usr/local/texlive/2023/texmf-dist/tex/latex/listings/lstlang1.sty
File: lstlang1.sty 2023/02/27 1.9 listings language file
) (/usr/local/texlive/2023/texmf-dist/tex/latex/tcolorbox/tcbraster.code.tex
Library (tcolorbox): 'tcbraster.code.tex' version '6.0.1'
\c@tcbrastercolumn=\count570
\c@tcbrasterrow=\count571
\c@tcbrasternum=\count572
\c@tcbraster=\count573
) (/usr/local/texlive/2023/texmf-dist/tex/latex/tcolorbox/tcbskins.code.tex
Library (tcolorbox): 'tcbskins.code.tex' version '6.0.1'
(/usr/local/texlive/2023/texmf-dist/tex/latex/tikzfill/tikzfill.image.sty
Package: tikzfill.image 2022/07/20 v1.0.0 Image filling library for TikZ
 (/usr/local/texlive/2023/texmf-dist/tex/latex/tikzfill/tikzfill-common.sty
Package: tikzfill-common 2022/07/20 v1.0.0 Auxiliary code for tikzfill
) (/usr/local/texlive/2023/texmf-dist/tex/latex/tikzfill/tikzlibraryfill.image.code.tex
File: tikzlibraryfill.image.code.tex 2022/07/20 v1.0.0 Image filling library
\l__tikzfill_img_box=\box107
)) (/usr/local/texlive/2023/texmf-dist/tex/latex/tcolorbox/tcbskinsjigsaw.code.tex
Library (tcolorbox): 'tcbskinsjigsaw.code.tex' version '6.0.1'
)) (/usr/local/texlive/2023/texmf-dist/tex/latex/tcolorbox/tcbbreakable.code.tex
Library (tcolorbox): 'tcbbreakable.code.tex' version '6.0.1'
(/usr/local/texlive/2023/texmf-dist/tex/latex/pdfcol/pdfcol.sty
Package: pdfcol 2022-09-21 v1.7 Handle new color stacks for pdfTeX (HO)
)
Package pdfcol Info: New color stack `tcb@breakable' = 1 on input line 23.
\tcb@testbox=\box108
\tcb@totalupperbox=\box109
\tcb@totallowerbox=\box110
) (/usr/local/texlive/2023/texmf-dist/tex/latex/tcolorbox/tcbhooks.code.tex
Library (tcolorbox): 'tcbhooks.code.tex' version '6.0.1'
) (/usr/local/texlive/2023/texmf-dist/tex/latex/tcolorbox/tcbfitting.code.tex
Library (tcolorbox): 'tcbfitting.code.tex' version '6.0.1'
\tcbfitdim=\dimen308
\tcb@lowerfitdim=\dimen309
\tcb@upperfitdim=\dimen310
\tcb@cur@hbadness=\count574
) (/usr/local/texlive/2023/texmf-dist/tex/latex/tcolorbox/tcblistingsutf8.code.tex
Library (tcolorbox): 'tcblistingsutf8.code.tex' version '6.0.1'
(/usr/local/texlive/2023/texmf-dist/tex/latex/tcolorbox/tcblistings.code.tex
Library (tcolorbox): 'tcblistings.code.tex' version '6.0.1'
(/usr/local/texlive/2023/texmf-dist/tex/latex/tcolorbox/tcblistingscore.code.tex
Library (tcolorbox): 'tcblistingscore.code.tex' version '6.0.1'
(/usr/local/texlive/2023/texmf-dist/tex/latex/tcolorbox/tcbprocessing.code.tex
Library (tcolorbox): 'tcbprocessing.code.tex' version '6.0.1'
)
\c@tcblisting=\count575
)) (/usr/local/texlive/2023/texmf-dist/tex/latex/listingsutf8/listingsutf8.sty
Package: listingsutf8 2019-12-10 v1.5 Allow UTF-8 in listings input (HO)
 (/usr/local/texlive/2023/texmf-dist/tex/generic/stringenc/stringenc.sty
Package: stringenc 2019/11/29 v1.12 Convert strings between diff. encodings (HO)
))) (/usr/local/texlive/2023/texmf-dist/tex/latex/tcolorbox/tcbexternal.code.tex
Library (tcolorbox): 'tcbexternal.code.tex' version '6.0.1'
) (/usr/local/texlive/2023/texmf-dist/tex/latex/tcolorbox/tcbmagazine.code.tex
Library (tcolorbox): 'tcbmagazine.code.tex' version '6.0.1'
) (/usr/local/texlive/2023/texmf-dist/tex/latex/tcolorbox/tcbvignette.code.tex
Library (tcolorbox): 'tcbvignette.code.tex' version '6.0.1'
) (/usr/local/texlive/2023/texmf-dist/tex/latex/tcolorbox/tcbposter.code.tex
Library (tcolorbox): 'tcbposter.code.tex' version '6.0.1'
)
\c@tcb@cnt@example=\count576
\@quotelevel=\count577
\@quotereset=\count578
 (./EYNTKA_Functional_Analysis.aux)
\openout1 = `EYNTKA_Functional_Analysis.aux'.

LaTeX Font Info:    Checking defaults for OML/cmm/m/it on input line 519.
LaTeX Font Info:    ... okay on input line 519.
LaTeX Font Info:    Checking defaults for OMS/cmsy/m/n on input line 519.
LaTeX Font Info:    ... okay on input line 519.
LaTeX Font Info:    Checking defaults for OT1/cmr/m/n on input line 519.
LaTeX Font Info:    ... okay on input line 519.
LaTeX Font Info:    Checking defaults for T1/cmr/m/n on input line 519.
LaTeX Font Info:    ... okay on input line 519.
LaTeX Font Info:    Checking defaults for TS1/cmr/m/n on input line 519.
LaTeX Font Info:    ... okay on input line 519.
LaTeX Font Info:    Checking defaults for OMX/cmex/m/n on input line 519.
LaTeX Font Info:    ... okay on input line 519.
LaTeX Font Info:    Checking defaults for U/cmr/m/n on input line 519.
LaTeX Font Info:    ... okay on input line 519.
LaTeX Font Info:    Checking defaults for PD1/pdf/m/n on input line 519.
LaTeX Font Info:    ... okay on input line 519.
LaTeX Font Info:    Checking defaults for PU/pdf/m/n on input line 519.
LaTeX Font Info:    ... okay on input line 519.
 (/usr/local/texlive/2023/texmf-dist/tex/context/base/mkii/supp-pdf.mkii
[Loading MPS to PDF converter (version 2006.09.02).]
\scratchcounter=\count579
\scratchdimen=\dimen311
\scratchbox=\box111
\nofMPsegments=\count580
\nofMParguments=\count581
\everyMPshowfont=\toks64
\MPscratchCnt=\count582
\MPscratchDim=\dimen312
\MPnumerator=\count583
\makeMPintoPDFobject=\count584
\everyMPtoPDFconversion=\toks65
) (/usr/local/texlive/2023/texmf-dist/tex/latex/epstopdf-pkg/epstopdf-base.sty
Package: epstopdf-base 2020-01-24 v2.11 Base part for package epstopdf
Package epstopdf-base Info: Redefining graphics rule for `.eps' on input line 485.
 (/usr/local/texlive/2023/texmf-dist/tex/latex/latexconfig/epstopdf-sys.cfg
File: epstopdf-sys.cfg 2010/07/13 v1.3 Configuration of (r)epstopdf for TeX Live
))
Package hyperref Info: Link coloring OFF on input line 519.
LaTeX Info: Redefining \microtypecontext on input line 519.
Package microtype Info: Applying patch `item' on input line 519.
Package microtype Info: Applying patch `toc' on input line 519.
Package microtype Info: Applying patch `eqnum' on input line 519.
Package microtype Info: Applying patch `footnote' on input line 519.
Package microtype Info: Applying patch `verbatim' on input line 519.
Package microtype Info: Generating PDF output.
Package microtype Info: Character protrusion enabled (level 2).
Package microtype Info: Using default protrusion set `alltext'.
Package microtype Info: Automatic font expansion enabled (level 2),
(microtype)             stretch: 20, shrink: 20, step: 1, non-selected.
Package microtype Info: Using default expansion set `alltext-nott'.
LaTeX Info: Redefining \showhyphens on input line 519.
Package microtype Info: No adjustment of tracking.
Package microtype Info: No adjustment of interword spacing.
Package microtype Info: No adjustment of character kerning.
 (/usr/local/texlive/2023/texmf-dist/tex/latex/microtype/mt-cmr.cfg
File: mt-cmr.cfg 2013/05/19 v2.2 microtype config. file: Computer Modern Roman (RS)
)
\c@lstlisting=\count585
Package biblatex Info: Trying to load language 'english'...
Package biblatex Info: ... file 'english.lbx' found.
 (/usr/local/texlive/2023/texmf-dist/tex/latex/biblatex/lbx/english.lbx
File: english.lbx 2023/03/05 v3.19 biblatex localization (PK/MW)
)
Package biblatex Info: Input encoding 'utf8' detected.
Package biblatex Info: Automatic encoding selection.
(biblatex)             Assuming data encoding 'utf8'.
\openout4 = `EYNTKA_Functional_Analysis.bcf'.

Package biblatex Info: Trying to load bibliographic data...
Package biblatex Info: ... file 'EYNTKA_Functional_Analysis.bbl' found.
 (./EYNTKA_Functional_Analysis.bbl)
Package biblatex Info: Reference section=0 on input line 519.
Package biblatex Info: Reference segment=0 on input line 519.

*geometry* driver: auto-detecting
*geometry* detected driver: pdftex
*geometry* verbose mode - [ preamble ] result:
* driver: pdftex
* paper: a4paper
* layout: <same size as paper>
* layoutoffset:(h,v)=(0.0pt,0.0pt)
* modes: 
* h-part:(L,W,R)=(81.94394pt, 433.62pt, 81.94394pt)
* v-part:(T,H,B)=(106.75473pt, 578.15999pt, 160.13213pt)
* \paperwidth=597.50787pt
* \paperheight=845.04684pt
* \textwidth=433.62pt
* \textheight=578.15999pt
* \oddsidemargin=9.67395pt
* \evensidemargin=9.67395pt
* \topmargin=4.41725pt
* \headheight=20.0pt
* \headsep=18.06749pt
* \topskip=10.0pt
* \footskip=25.29494pt
* \marginparwidth=69.0pt
* \marginparsep=7.0pt
* \columnsep=10.0pt
* \skip\footins=9.0pt plus 4.0pt minus 2.0pt
* \hoffset=0.0pt
* \voffset=0.0pt
* \mag=1000
* \@twocolumnfalse
* \@twosidefalse
* \@mparswitchfalse
* \@reversemarginfalse
* (1in=72.27pt=25.4mm, 1cm=28.453pt)

LaTeX Font Info:    Trying to load font information for U+msa on input line 521.
(/usr/local/texlive/2023/texmf-dist/tex/latex/amsfonts/umsa.fd
File: umsa.fd 2013/01/14 v3.01 AMS symbols A
) (/usr/local/texlive/2023/texmf-dist/tex/latex/microtype/mt-msa.cfg
File: mt-msa.cfg 2006/02/04 v1.1 microtype config. file: AMS symbols (a) (RS)
)
LaTeX Font Info:    Trying to load font information for U+msb on input line 521.
 (/usr/local/texlive/2023/texmf-dist/tex/latex/amsfonts/umsb.fd
File: umsb.fd 2013/01/14 v3.01 AMS symbols B
) (/usr/local/texlive/2023/texmf-dist/tex/latex/microtype/mt-msb.cfg
File: mt-msb.cfg 2005/06/01 v1.0 microtype config. file: AMS symbols (b) (RS)
)
LaTeX Font Info:    Trying to load font information for U+rsfs on input line 521.
 (/usr/local/texlive/2023/texmf-dist/tex/latex/jknapltx/ursfs.fd
File: ursfs.fd 1998/03/24 rsfs font definition file (jk)
)
LaTeX Font Info:    Trying to load font information for U+wasy on input line 521.
 (/usr/local/texlive/2023/texmf-dist/tex/latex/wasysym/uwasy.fd
File: uwasy.fd 2020/01/19 v2.4 Wasy-2 symbol font definitions
) [1


{/usr/local/texlive/2023/texmf-var/fonts/map/pdftex/updmap/pdftex.map}] (./EYNTKA_Functional_Analysis.toc
pdfTeX warning (ext4): destination with the same identifier (name{page.1}) has been already used, duplicate ignored
<to be read again> 
                   \relax 
l.22 ...ne {A}Important Intuition}{72}{appendix.A}
                                                  % [1

])
\tf@toc=\write8
\openout8 = `EYNTKA_Functional_Analysis.toc'.


./EYNTKA_Functional_Analysis.tex:551: Undefined control sequence.
\enit@endenumerate ->\enit@after 
                                 \endlist \ifx \enit@series \relax \else \if...
l.551 \end{enumerate}
                     
The control sequence at the end of the top line
of your error message was never \def'ed. If you have
misspelled it (e.g., `\hobx'), type `I' and the correct
spelling (e.g., `I\hbox'). Otherwise just continue,
and I'll forget about whatever was undefined.

./EYNTKA_Functional_Analysis.tex:551: Undefined control sequence.
\enit@endenumerate ...\else \ifnum \enit@resuming 
                                                  =\@ne \enit@setresumekeys ...
l.551 \end{enumerate}
                     
The control sequence at the end of the top line
of your error message was never \def'ed. If you have
misspelled it (e.g., `\hobx'), type `I' and the correct
spelling (e.g., `I\hbox'). Otherwise just continue,
and I'll forget about whatever was undefined.

./EYNTKA_Functional_Analysis.tex:551: Missing number, treated as zero.
<to be read again> 
                   =
l.551 \end{enumerate}
                     
A number should have been here; I inserted `0'.
(If you can't figure out why I needed to see a number,
look up `weird error' in the index to The TeXbook.)

./EYNTKA_Functional_Analysis.tex:551: Undefined control sequence.
\enit@setresumekeys ...xpandafter {\enit@savekeys 
                                                  }\xdef \enit@afterlist {#2...
l.551 \end{enumerate}
                     
The control sequence at the end of the top line
of your error message was never \def'ed. If you have
misspelled it (e.g., `\hobx'), type `I' and the correct
spelling (e.g., `I\hbox'). Otherwise just continue,
and I'll forget about whatever was undefined.

./EYNTKA_Functional_Analysis.tex:551: Undefined control sequence.
\enit@setresumekeys ...it@toks }\ifnum \enit@type 
                                                  =\z@ #3\def \enit@noexcs {...
l.551 \end{enumerate}
                     
The control sequence at the end of the top line
of your error message was never \def'ed. If you have
misspelled it (e.g., `\hobx'), type `I' and the correct
spelling (e.g., `I\hbox'). Otherwise just continue,
and I'll forget about whatever was undefined.

./EYNTKA_Functional_Analysis.tex:551: Missing number, treated as zero.
<to be read again> 
                   =
l.551 \end{enumerate}
                     
A number should have been here; I inserted `0'.
(If you can't figure out why I needed to see a number,
look up `weird error' in the index to The TeXbook.)

./EYNTKA_Functional_Analysis.tex:551: Undefined control sequence.
<argument> enit@resume@series@\enit@series 
                                           
l.551 \end{enumerate}
                     
The control sequence at the end of the top line
of your error message was never \def'ed. If you have
misspelled it (e.g., `\hobx'), type `I' and the correct
spelling (e.g., `I\hbox'). Otherwise just continue,
and I'll forget about whatever was undefined.

./EYNTKA_Functional_Analysis.tex:551: Undefined control sequence.
\enit@endenumerate ...t \fi \ifnum \enit@resuming 
                                                  =\thr@@ \enit@setresumekey...
l.551 \end{enumerate}
                     
The control sequence at the end of the top line
of your error message was never \def'ed. If you have
misspelled it (e.g., `\hobx'), type `I' and the correct
spelling (e.g., `I\hbox'). Otherwise just continue,
and I'll forget about whatever was undefined.

./EYNTKA_Functional_Analysis.tex:551: Missing number, treated as zero.
<to be read again> 
                   =
l.551 \end{enumerate}
                     
A number should have been here; I inserted `0'.
(If you can't figure out why I needed to see a number,
look up `weird error' in the index to The TeXbook.)

./EYNTKA_Functional_Analysis.tex:551: Undefined control sequence.
\enit@setresumekeys ...xpandafter {\enit@savekeys 
                                                  }\xdef \enit@afterlist {#2...
l.551 \end{enumerate}
                     
The control sequence at the end of the top line
of your error message was never \def'ed. If you have
misspelled it (e.g., `\hobx'), type `I' and the correct
spelling (e.g., `I\hbox'). Otherwise just continue,
and I'll forget about whatever was undefined.

./EYNTKA_Functional_Analysis.tex:551: Undefined control sequence.
\enit@setresumekeys ...it@toks }\ifnum \enit@type 
                                                  =\z@ #3\def \enit@noexcs {...
l.551 \end{enumerate}
                     
The control sequence at the end of the top line
of your error message was never \def'ed. If you have
misspelled it (e.g., `\hobx'), type `I' and the correct
spelling (e.g., `I\hbox'). Otherwise just continue,
and I'll forget about whatever was undefined.

./EYNTKA_Functional_Analysis.tex:551: Missing number, treated as zero.
<to be read again> 
                   =
l.551 \end{enumerate}
                     
A number should have been here; I inserted `0'.
(If you can't figure out why I needed to see a number,
look up `weird error' in the index to The TeXbook.)

[2] [3]
Chapter 1.
./EYNTKA_Functional_Analysis.tex:587: Undefined control sequence.
\enit@endenumerate ->\enit@after 
                                 \endlist \ifx \enit@series \relax \else \if...
l.587 \end{enumerate}
                     
The control sequence at the end of the top line
of your error message was never \def'ed. If you have
misspelled it (e.g., `\hobx'), type `I' and the correct
spelling (e.g., `I\hbox'). Otherwise just continue,
and I'll forget about whatever was undefined.

./EYNTKA_Functional_Analysis.tex:587: Undefined control sequence.
\enit@endenumerate ...\else \ifnum \enit@resuming 
                                                  =\@ne \enit@setresumekeys ...
l.587 \end{enumerate}
                     
The control sequence at the end of the top line
of your error message was never \def'ed. If you have
misspelled it (e.g., `\hobx'), type `I' and the correct
spelling (e.g., `I\hbox'). Otherwise just continue,
and I'll forget about whatever was undefined.

./EYNTKA_Functional_Analysis.tex:587: Missing number, treated as zero.
<to be read again> 
                   =
l.587 \end{enumerate}
                     
A number should have been here; I inserted `0'.
(If you can't figure out why I needed to see a number,
look up `weird error' in the index to The TeXbook.)

./EYNTKA_Functional_Analysis.tex:587: Undefined control sequence.
\enit@setresumekeys ...xpandafter {\enit@savekeys 
                                                  }\xdef \enit@afterlist {#2...
l.587 \end{enumerate}
                     
The control sequence at the end of the top line
of your error message was never \def'ed. If you have
misspelled it (e.g., `\hobx'), type `I' and the correct
spelling (e.g., `I\hbox'). Otherwise just continue,
and I'll forget about whatever was undefined.

./EYNTKA_Functional_Analysis.tex:587: Undefined control sequence.
\enit@setresumekeys ...it@toks }\ifnum \enit@type 
                                                  =\z@ #3\def \enit@noexcs {...
l.587 \end{enumerate}
                     
The control sequence at the end of the top line
of your error message was never \def'ed. If you have
misspelled it (e.g., `\hobx'), type `I' and the correct
spelling (e.g., `I\hbox'). Otherwise just continue,
and I'll forget about whatever was undefined.

./EYNTKA_Functional_Analysis.tex:587: Missing number, treated as zero.
<to be read again> 
                   =
l.587 \end{enumerate}
                     
A number should have been here; I inserted `0'.
(If you can't figure out why I needed to see a number,
look up `weird error' in the index to The TeXbook.)

./EYNTKA_Functional_Analysis.tex:587: Undefined control sequence.
<argument> enit@resume@series@\enit@series 
                                           
l.587 \end{enumerate}
                     
The control sequence at the end of the top line
of your error message was never \def'ed. If you have
misspelled it (e.g., `\hobx'), type `I' and the correct
spelling (e.g., `I\hbox'). Otherwise just continue,
and I'll forget about whatever was undefined.

./EYNTKA_Functional_Analysis.tex:587: Undefined control sequence.
\enit@endenumerate ...t \fi \ifnum \enit@resuming 
                                                  =\thr@@ \enit@setresumekey...
l.587 \end{enumerate}
                     
The control sequence at the end of the top line
of your error message was never \def'ed. If you have
misspelled it (e.g., `\hobx'), type `I' and the correct
spelling (e.g., `I\hbox'). Otherwise just continue,
and I'll forget about whatever was undefined.

./EYNTKA_Functional_Analysis.tex:587: Missing number, treated as zero.
<to be read again> 
                   =
l.587 \end{enumerate}
                     
A number should have been here; I inserted `0'.
(If you can't figure out why I needed to see a number,
look up `weird error' in the index to The TeXbook.)

./EYNTKA_Functional_Analysis.tex:587: Undefined control sequence.
\enit@setresumekeys ...xpandafter {\enit@savekeys 
                                                  }\xdef \enit@afterlist {#2...
l.587 \end{enumerate}
                     
The control sequence at the end of the top line
of your error message was never \def'ed. If you have
misspelled it (e.g., `\hobx'), type `I' and the correct
spelling (e.g., `I\hbox'). Otherwise just continue,
and I'll forget about whatever was undefined.

./EYNTKA_Functional_Analysis.tex:587: Undefined control sequence.
\enit@setresumekeys ...it@toks }\ifnum \enit@type 
                                                  =\z@ #3\def \enit@noexcs {...
l.587 \end{enumerate}
                     
The control sequence at the end of the top line
of your error message was never \def'ed. If you have
misspelled it (e.g., `\hobx'), type `I' and the correct
spelling (e.g., `I\hbox'). Otherwise just continue,
and I'll forget about whatever was undefined.

./EYNTKA_Functional_Analysis.tex:587: Missing number, treated as zero.
<to be read again> 
                   =
l.587 \end{enumerate}
                     
A number should have been here; I inserted `0'.
(If you can't figure out why I needed to see a number,
look up `weird error' in the index to The TeXbook.)

[4

]

LaTeX Warning: Reference `cha:directProdAndSemiDirectProd' on page 5 undefined on input line 645.

[5]
./EYNTKA_Functional_Analysis.tex:664: Undefined control sequence.
\enit@endenumerate ->\enit@after 
                                 \endlist \ifx \enit@series \relax \else \if...
l.664 	\end{enumerate}
                      
The control sequence at the end of the top line
of your error message was never \def'ed. If you have
misspelled it (e.g., `\hobx'), type `I' and the correct
spelling (e.g., `I\hbox'). Otherwise just continue,
and I'll forget about whatever was undefined.

./EYNTKA_Functional_Analysis.tex:664: Undefined control sequence.
\enit@endenumerate ...\else \ifnum \enit@resuming 
                                                  =\@ne \enit@setresumekeys ...
l.664 	\end{enumerate}
                      
The control sequence at the end of the top line
of your error message was never \def'ed. If you have
misspelled it (e.g., `\hobx'), type `I' and the correct
spelling (e.g., `I\hbox'). Otherwise just continue,
and I'll forget about whatever was undefined.

./EYNTKA_Functional_Analysis.tex:664: Missing number, treated as zero.
<to be read again> 
                   =
l.664 	\end{enumerate}
                      
A number should have been here; I inserted `0'.
(If you can't figure out why I needed to see a number,
look up `weird error' in the index to The TeXbook.)

./EYNTKA_Functional_Analysis.tex:664: Undefined control sequence.
\enit@setresumekeys ...xpandafter {\enit@savekeys 
                                                  }\xdef \enit@afterlist {#2...
l.664 	\end{enumerate}
                      
The control sequence at the end of the top line
of your error message was never \def'ed. If you have
misspelled it (e.g., `\hobx'), type `I' and the correct
spelling (e.g., `I\hbox'). Otherwise just continue,
and I'll forget about whatever was undefined.

./EYNTKA_Functional_Analysis.tex:664: Undefined control sequence.
\enit@setresumekeys ...it@toks }\ifnum \enit@type 
                                                  =\z@ #3\def \enit@noexcs {...
l.664 	\end{enumerate}
                      
The control sequence at the end of the top line
of your error message was never \def'ed. If you have
misspelled it (e.g., `\hobx'), type `I' and the correct
spelling (e.g., `I\hbox'). Otherwise just continue,
and I'll forget about whatever was undefined.

./EYNTKA_Functional_Analysis.tex:664: Missing number, treated as zero.
<to be read again> 
                   =
l.664 	\end{enumerate}
                      
A number should have been here; I inserted `0'.
(If you can't figure out why I needed to see a number,
look up `weird error' in the index to The TeXbook.)

./EYNTKA_Functional_Analysis.tex:664: Undefined control sequence.
<argument> enit@resume@series@\enit@series 
                                           
l.664 	\end{enumerate}
                      
The control sequence at the end of the top line
of your error message was never \def'ed. If you have
misspelled it (e.g., `\hobx'), type `I' and the correct
spelling (e.g., `I\hbox'). Otherwise just continue,
and I'll forget about whatever was undefined.

./EYNTKA_Functional_Analysis.tex:664: Undefined control sequence.
\enit@endenumerate ...t \fi \ifnum \enit@resuming 
                                                  =\thr@@ \enit@setresumekey...
l.664 	\end{enumerate}
                      
The control sequence at the end of the top line
of your error message was never \def'ed. If you have
misspelled it (e.g., `\hobx'), type `I' and the correct
spelling (e.g., `I\hbox'). Otherwise just continue,
and I'll forget about whatever was undefined.

./EYNTKA_Functional_Analysis.tex:664: Missing number, treated as zero.
<to be read again> 
                   =
l.664 	\end{enumerate}
                      
A number should have been here; I inserted `0'.
(If you can't figure out why I needed to see a number,
look up `weird error' in the index to The TeXbook.)

./EYNTKA_Functional_Analysis.tex:664: Undefined control sequence.
\enit@setresumekeys ...xpandafter {\enit@savekeys 
                                                  }\xdef \enit@afterlist {#2...
l.664 	\end{enumerate}
                      
The control sequence at the end of the top line
of your error message was never \def'ed. If you have
misspelled it (e.g., `\hobx'), type `I' and the correct
spelling (e.g., `I\hbox'). Otherwise just continue,
and I'll forget about whatever was undefined.

./EYNTKA_Functional_Analysis.tex:664: Undefined control sequence.
\enit@setresumekeys ...it@toks }\ifnum \enit@type 
                                                  =\z@ #3\def \enit@noexcs {...
l.664 	\end{enumerate}
                      
The control sequence at the end of the top line
of your error message was never \def'ed. If you have
misspelled it (e.g., `\hobx'), type `I' and the correct
spelling (e.g., `I\hbox'). Otherwise just continue,
and I'll forget about whatever was undefined.

./EYNTKA_Functional_Analysis.tex:664: Missing number, treated as zero.
<to be read again> 
                   =
l.664 	\end{enumerate}
                      
A number should have been here; I inserted `0'.
(If you can't figure out why I needed to see a number,
look up `weird error' in the index to The TeXbook.)

./EYNTKA_Functional_Analysis.tex:676: Undefined control sequence.
\enit@endenumerate ->\enit@after 
                                 \endlist \ifx \enit@series \relax \else \if...
l.676 			\end{enumerate}
                        
The control sequence at the end of the top line
of your error message was never \def'ed. If you have
misspelled it (e.g., `\hobx'), type `I' and the correct
spelling (e.g., `I\hbox'). Otherwise just continue,
and I'll forget about whatever was undefined.

./EYNTKA_Functional_Analysis.tex:676: Undefined control sequence.
\enit@endenumerate ...\else \ifnum \enit@resuming 
                                                  =\@ne \enit@setresumekeys ...
l.676 			\end{enumerate}
                        
The control sequence at the end of the top line
of your error message was never \def'ed. If you have
misspelled it (e.g., `\hobx'), type `I' and the correct
spelling (e.g., `I\hbox'). Otherwise just continue,
and I'll forget about whatever was undefined.

./EYNTKA_Functional_Analysis.tex:676: Missing number, treated as zero.
<to be read again> 
                   =
l.676 			\end{enumerate}
                        
A number should have been here; I inserted `0'.
(If you can't figure out why I needed to see a number,
look up `weird error' in the index to The TeXbook.)

./EYNTKA_Functional_Analysis.tex:676: Undefined control sequence.
\enit@setresumekeys ...xpandafter {\enit@savekeys 
                                                  }\xdef \enit@afterlist {#2...
l.676 			\end{enumerate}
                        
The control sequence at the end of the top line
of your error message was never \def'ed. If you have
misspelled it (e.g., `\hobx'), type `I' and the correct
spelling (e.g., `I\hbox'). Otherwise just continue,
and I'll forget about whatever was undefined.

./EYNTKA_Functional_Analysis.tex:676: Undefined control sequence.
\enit@setresumekeys ...it@toks }\ifnum \enit@type 
                                                  =\z@ #3\def \enit@noexcs {...
l.676 			\end{enumerate}
                        
The control sequence at the end of the top line
of your error message was never \def'ed. If you have
misspelled it (e.g., `\hobx'), type `I' and the correct
spelling (e.g., `I\hbox'). Otherwise just continue,
and I'll forget about whatever was undefined.

./EYNTKA_Functional_Analysis.tex:676: Missing number, treated as zero.
<to be read again> 
                   =
l.676 			\end{enumerate}
                        
A number should have been here; I inserted `0'.
(If you can't figure out why I needed to see a number,
look up `weird error' in the index to The TeXbook.)

./EYNTKA_Functional_Analysis.tex:676: Undefined control sequence.
<argument> enit@resume@series@\enit@series 
                                           
l.676 			\end{enumerate}
                        
The control sequence at the end of the top line
of your error message was never \def'ed. If you have
misspelled it (e.g., `\hobx'), type `I' and the correct
spelling (e.g., `I\hbox'). Otherwise just continue,
and I'll forget about whatever was undefined.

./EYNTKA_Functional_Analysis.tex:676: Undefined control sequence.
\enit@endenumerate ...t \fi \ifnum \enit@resuming 
                                                  =\thr@@ \enit@setresumekey...
l.676 			\end{enumerate}
                        
The control sequence at the end of the top line
of your error message was never \def'ed. If you have
misspelled it (e.g., `\hobx'), type `I' and the correct
spelling (e.g., `I\hbox'). Otherwise just continue,
and I'll forget about whatever was undefined.

./EYNTKA_Functional_Analysis.tex:676: Missing number, treated as zero.
<to be read again> 
                   =
l.676 			\end{enumerate}
                        
A number should have been here; I inserted `0'.
(If you can't figure out why I needed to see a number,
look up `weird error' in the index to The TeXbook.)

./EYNTKA_Functional_Analysis.tex:676: Undefined control sequence.
\enit@setresumekeys ...xpandafter {\enit@savekeys 
                                                  }\xdef \enit@afterlist {#2...
l.676 			\end{enumerate}
                        
The control sequence at the end of the top line
of your error message was never \def'ed. If you have
misspelled it (e.g., `\hobx'), type `I' and the correct
spelling (e.g., `I\hbox'). Otherwise just continue,
and I'll forget about whatever was undefined.

./EYNTKA_Functional_Analysis.tex:676: Undefined control sequence.
\enit@setresumekeys ...it@toks }\ifnum \enit@type 
                                                  =\z@ #3\def \enit@noexcs {...
l.676 			\end{enumerate}
                        
The control sequence at the end of the top line
of your error message was never \def'ed. If you have
misspelled it (e.g., `\hobx'), type `I' and the correct
spelling (e.g., `I\hbox'). Otherwise just continue,
and I'll forget about whatever was undefined.

./EYNTKA_Functional_Analysis.tex:676: Missing number, treated as zero.
<to be read again> 
                   =
l.676 			\end{enumerate}
                        
A number should have been here; I inserted `0'.
(If you can't figure out why I needed to see a number,
look up `weird error' in the index to The TeXbook.)

./EYNTKA_Functional_Analysis.tex:683: Undefined control sequence.
\enit@endenumerate ->\enit@after 
                                 \endlist \ifx \enit@series \relax \else \if...
l.683 			\end{enumerate}
                        
The control sequence at the end of the top line
of your error message was never \def'ed. If you have
misspelled it (e.g., `\hobx'), type `I' and the correct
spelling (e.g., `I\hbox'). Otherwise just continue,
and I'll forget about whatever was undefined.

./EYNTKA_Functional_Analysis.tex:683: Undefined control sequence.
\enit@endenumerate ...\else \ifnum \enit@resuming 
                                                  =\@ne \enit@setresumekeys ...
l.683 			\end{enumerate}
                        
The control sequence at the end of the top line
of your error message was never \def'ed. If you have
misspelled it (e.g., `\hobx'), type `I' and the correct
spelling (e.g., `I\hbox'). Otherwise just continue,
and I'll forget about whatever was undefined.

./EYNTKA_Functional_Analysis.tex:683: Missing number, treated as zero.
<to be read again> 
                   =
l.683 			\end{enumerate}
                        
A number should have been here; I inserted `0'.
(If you can't figure out why I needed to see a number,
look up `weird error' in the index to The TeXbook.)

./EYNTKA_Functional_Analysis.tex:683: Undefined control sequence.
\enit@setresumekeys ...xpandafter {\enit@savekeys 
                                                  }\xdef \enit@afterlist {#2...
l.683 			\end{enumerate}
                        
The control sequence at the end of the top line
of your error message was never \def'ed. If you have
misspelled it (e.g., `\hobx'), type `I' and the correct
spelling (e.g., `I\hbox'). Otherwise just continue,
and I'll forget about whatever was undefined.

./EYNTKA_Functional_Analysis.tex:683: Undefined control sequence.
\enit@setresumekeys ...it@toks }\ifnum \enit@type 
                                                  =\z@ #3\def \enit@noexcs {...
l.683 			\end{enumerate}
                        
The control sequence at the end of the top line
of your error message was never \def'ed. If you have
misspelled it (e.g., `\hobx'), type `I' and the correct
spelling (e.g., `I\hbox'). Otherwise just continue,
and I'll forget about whatever was undefined.

./EYNTKA_Functional_Analysis.tex:683: Missing number, treated as zero.
<to be read again> 
                   =
l.683 			\end{enumerate}
                        
A number should have been here; I inserted `0'.
(If you can't figure out why I needed to see a number,
look up `weird error' in the index to The TeXbook.)

./EYNTKA_Functional_Analysis.tex:683: Undefined control sequence.
<argument> enit@resume@series@\enit@series 
                                           
l.683 			\end{enumerate}
                        
The control sequence at the end of the top line
of your error message was never \def'ed. If you have
misspelled it (e.g., `\hobx'), type `I' and the correct
spelling (e.g., `I\hbox'). Otherwise just continue,
and I'll forget about whatever was undefined.

./EYNTKA_Functional_Analysis.tex:683: Undefined control sequence.
\enit@endenumerate ...t \fi \ifnum \enit@resuming 
                                                  =\thr@@ \enit@setresumekey...
l.683 			\end{enumerate}
                        
The control sequence at the end of the top line
of your error message was never \def'ed. If you have
misspelled it (e.g., `\hobx'), type `I' and the correct
spelling (e.g., `I\hbox'). Otherwise just continue,
and I'll forget about whatever was undefined.

./EYNTKA_Functional_Analysis.tex:683: Missing number, treated as zero.
<to be read again> 
                   =
l.683 			\end{enumerate}
                        
A number should have been here; I inserted `0'.
(If you can't figure out why I needed to see a number,
look up `weird error' in the index to The TeXbook.)

./EYNTKA_Functional_Analysis.tex:683: Undefined control sequence.
\enit@setresumekeys ...xpandafter {\enit@savekeys 
                                                  }\xdef \enit@afterlist {#2...
l.683 			\end{enumerate}
                        
The control sequence at the end of the top line
of your error message was never \def'ed. If you have
misspelled it (e.g., `\hobx'), type `I' and the correct
spelling (e.g., `I\hbox'). Otherwise just continue,
and I'll forget about whatever was undefined.

./EYNTKA_Functional_Analysis.tex:683: Undefined control sequence.
\enit@setresumekeys ...it@toks }\ifnum \enit@type 
                                                  =\z@ #3\def \enit@noexcs {...
l.683 			\end{enumerate}
                        
The control sequence at the end of the top line
of your error message was never \def'ed. If you have
misspelled it (e.g., `\hobx'), type `I' and the correct
spelling (e.g., `I\hbox'). Otherwise just continue,
and I'll forget about whatever was undefined.

./EYNTKA_Functional_Analysis.tex:683: Missing number, treated as zero.
<to be read again> 
                   =
l.683 			\end{enumerate}
                        
A number should have been here; I inserted `0'.
(If you can't figure out why I needed to see a number,
look up `weird error' in the index to The TeXbook.)

./EYNTKA_Functional_Analysis.tex:688: Undefined control sequence.
\enit@endenumerate ->\enit@after 
                                 \endlist \ifx \enit@series \relax \else \if...
l.688 			\end{enumerate}
                        
The control sequence at the end of the top line
of your error message was never \def'ed. If you have
misspelled it (e.g., `\hobx'), type `I' and the correct
spelling (e.g., `I\hbox'). Otherwise just continue,
and I'll forget about whatever was undefined.

./EYNTKA_Functional_Analysis.tex:688: Undefined control sequence.
\enit@endenumerate ...\else \ifnum \enit@resuming 
                                                  =\@ne \enit@setresumekeys ...
l.688 			\end{enumerate}
                        
The control sequence at the end of the top line
of your error message was never \def'ed. If you have
misspelled it (e.g., `\hobx'), type `I' and the correct
spelling (e.g., `I\hbox'). Otherwise just continue,
and I'll forget about whatever was undefined.

./EYNTKA_Functional_Analysis.tex:688: Missing number, treated as zero.
<to be read again> 
                   =
l.688 			\end{enumerate}
                        
A number should have been here; I inserted `0'.
(If you can't figure out why I needed to see a number,
look up `weird error' in the index to The TeXbook.)

./EYNTKA_Functional_Analysis.tex:688: Undefined control sequence.
\enit@setresumekeys ...xpandafter {\enit@savekeys 
                                                  }\xdef \enit@afterlist {#2...
l.688 			\end{enumerate}
                        
The control sequence at the end of the top line
of your error message was never \def'ed. If you have
misspelled it (e.g., `\hobx'), type `I' and the correct
spelling (e.g., `I\hbox'). Otherwise just continue,
and I'll forget about whatever was undefined.

./EYNTKA_Functional_Analysis.tex:688: Undefined control sequence.
\enit@setresumekeys ...it@toks }\ifnum \enit@type 
                                                  =\z@ #3\def \enit@noexcs {...
l.688 			\end{enumerate}
                        
The control sequence at the end of the top line
of your error message was never \def'ed. If you have
misspelled it (e.g., `\hobx'), type `I' and the correct
spelling (e.g., `I\hbox'). Otherwise just continue,
and I'll forget about whatever was undefined.

./EYNTKA_Functional_Analysis.tex:688: Missing number, treated as zero.
<to be read again> 
                   =
l.688 			\end{enumerate}
                        
A number should have been here; I inserted `0'.
(If you can't figure out why I needed to see a number,
look up `weird error' in the index to The TeXbook.)

./EYNTKA_Functional_Analysis.tex:688: Undefined control sequence.
<argument> enit@resume@series@\enit@series 
                                           
l.688 			\end{enumerate}
                        
The control sequence at the end of the top line
of your error message was never \def'ed. If you have
misspelled it (e.g., `\hobx'), type `I' and the correct
spelling (e.g., `I\hbox'). Otherwise just continue,
and I'll forget about whatever was undefined.

./EYNTKA_Functional_Analysis.tex:688: Undefined control sequence.
\enit@endenumerate ...t \fi \ifnum \enit@resuming 
                                                  =\thr@@ \enit@setresumekey...
l.688 			\end{enumerate}
                        
The control sequence at the end of the top line
of your error message was never \def'ed. If you have
misspelled it (e.g., `\hobx'), type `I' and the correct
spelling (e.g., `I\hbox'). Otherwise just continue,
and I'll forget about whatever was undefined.

./EYNTKA_Functional_Analysis.tex:688: Missing number, treated as zero.
<to be read again> 
                   =
l.688 			\end{enumerate}
                        
A number should have been here; I inserted `0'.
(If you can't figure out why I needed to see a number,
look up `weird error' in the index to The TeXbook.)

./EYNTKA_Functional_Analysis.tex:688: Undefined control sequence.
\enit@setresumekeys ...xpandafter {\enit@savekeys 
                                                  }\xdef \enit@afterlist {#2...
l.688 			\end{enumerate}
                        
The control sequence at the end of the top line
of your error message was never \def'ed. If you have
misspelled it (e.g., `\hobx'), type `I' and the correct
spelling (e.g., `I\hbox'). Otherwise just continue,
and I'll forget about whatever was undefined.

./EYNTKA_Functional_Analysis.tex:688: Undefined control sequence.
\enit@setresumekeys ...it@toks }\ifnum \enit@type 
                                                  =\z@ #3\def \enit@noexcs {...
l.688 			\end{enumerate}
                        
The control sequence at the end of the top line
of your error message was never \def'ed. If you have
misspelled it (e.g., `\hobx'), type `I' and the correct
spelling (e.g., `I\hbox'). Otherwise just continue,
and I'll forget about whatever was undefined.

./EYNTKA_Functional_Analysis.tex:688: Missing number, treated as zero.
<to be read again> 
                   =
l.688 			\end{enumerate}
                        
A number should have been here; I inserted `0'.
(If you can't figure out why I needed to see a number,
look up `weird error' in the index to The TeXbook.)

./EYNTKA_Functional_Analysis.tex:700: Undefined control sequence.
\enit@endenumerate ->\enit@after 
                                 \endlist \ifx \enit@series \relax \else \if...
l.700 	\end{enumerate}
                      
The control sequence at the end of the top line
of your error message was never \def'ed. If you have
misspelled it (e.g., `\hobx'), type `I' and the correct
spelling (e.g., `I\hbox'). Otherwise just continue,
and I'll forget about whatever was undefined.

./EYNTKA_Functional_Analysis.tex:700: Undefined control sequence.
\enit@endenumerate ...\else \ifnum \enit@resuming 
                                                  =\@ne \enit@setresumekeys ...
l.700 	\end{enumerate}
                      
The control sequence at the end of the top line
of your error message was never \def'ed. If you have
misspelled it (e.g., `\hobx'), type `I' and the correct
spelling (e.g., `I\hbox'). Otherwise just continue,
and I'll forget about whatever was undefined.

./EYNTKA_Functional_Analysis.tex:700: Missing number, treated as zero.
<to be read again> 
                   =
l.700 	\end{enumerate}
                      
A number should have been here; I inserted `0'.
(If you can't figure out why I needed to see a number,
look up `weird error' in the index to The TeXbook.)

./EYNTKA_Functional_Analysis.tex:700: Undefined control sequence.
\enit@setresumekeys ...xpandafter {\enit@savekeys 
                                                  }\xdef \enit@afterlist {#2...
l.700 	\end{enumerate}
                      
The control sequence at the end of the top line
of your error message was never \def'ed. If you have
misspelled it (e.g., `\hobx'), type `I' and the correct
spelling (e.g., `I\hbox'). Otherwise just continue,
and I'll forget about whatever was undefined.

./EYNTKA_Functional_Analysis.tex:700: Undefined control sequence.
\enit@setresumekeys ...it@toks }\ifnum \enit@type 
                                                  =\z@ #3\def \enit@noexcs {...
l.700 	\end{enumerate}
                      
The control sequence at the end of the top line
of your error message was never \def'ed. If you have
misspelled it (e.g., `\hobx'), type `I' and the correct
spelling (e.g., `I\hbox'). Otherwise just continue,
and I'll forget about whatever was undefined.

./EYNTKA_Functional_Analysis.tex:700: Missing number, treated as zero.
<to be read again> 
                   =
l.700 	\end{enumerate}
                      
A number should have been here; I inserted `0'.
(If you can't figure out why I needed to see a number,
look up `weird error' in the index to The TeXbook.)

./EYNTKA_Functional_Analysis.tex:700: Undefined control sequence.
<argument> enit@resume@series@\enit@series 
                                           
l.700 	\end{enumerate}
                      
The control sequence at the end of the top line
of your error message was never \def'ed. If you have
misspelled it (e.g., `\hobx'), type `I' and the correct
spelling (e.g., `I\hbox'). Otherwise just continue,
and I'll forget about whatever was undefined.

./EYNTKA_Functional_Analysis.tex:700: Undefined control sequence.
\enit@endenumerate ...t \fi \ifnum \enit@resuming 
                                                  =\thr@@ \enit@setresumekey...
l.700 	\end{enumerate}
                      
The control sequence at the end of the top line
of your error message was never \def'ed. If you have
misspelled it (e.g., `\hobx'), type `I' and the correct
spelling (e.g., `I\hbox'). Otherwise just continue,
and I'll forget about whatever was undefined.

./EYNTKA_Functional_Analysis.tex:700: Missing number, treated as zero.
<to be read again> 
                   =
l.700 	\end{enumerate}
                      
A number should have been here; I inserted `0'.
(If you can't figure out why I needed to see a number,
look up `weird error' in the index to The TeXbook.)

./EYNTKA_Functional_Analysis.tex:700: Undefined control sequence.
\enit@setresumekeys ...xpandafter {\enit@savekeys 
                                                  }\xdef \enit@afterlist {#2...
l.700 	\end{enumerate}
                      
The control sequence at the end of the top line
of your error message was never \def'ed. If you have
misspelled it (e.g., `\hobx'), type `I' and the correct
spelling (e.g., `I\hbox'). Otherwise just continue,
and I'll forget about whatever was undefined.

./EYNTKA_Functional_Analysis.tex:700: Undefined control sequence.
\enit@setresumekeys ...it@toks }\ifnum \enit@type 
                                                  =\z@ #3\def \enit@noexcs {...
l.700 	\end{enumerate}
                      
The control sequence at the end of the top line
of your error message was never \def'ed. If you have
misspelled it (e.g., `\hobx'), type `I' and the correct
spelling (e.g., `I\hbox'). Otherwise just continue,
and I'll forget about whatever was undefined.

./EYNTKA_Functional_Analysis.tex:700: Missing number, treated as zero.
<to be read again> 
                   =
l.700 	\end{enumerate}
                      
A number should have been here; I inserted `0'.
(If you can't figure out why I needed to see a number,
look up `weird error' in the index to The TeXbook.)

[6]
./EYNTKA_Functional_Analysis.tex:742: Undefined control sequence.
\enit@endenumerate ->\enit@after 
                                 \endlist \ifx \enit@series \relax \else \if...
l.742 	\end{enumerate}
                      
The control sequence at the end of the top line
of your error message was never \def'ed. If you have
misspelled it (e.g., `\hobx'), type `I' and the correct
spelling (e.g., `I\hbox'). Otherwise just continue,
and I'll forget about whatever was undefined.

./EYNTKA_Functional_Analysis.tex:742: Undefined control sequence.
\enit@endenumerate ...\else \ifnum \enit@resuming 
                                                  =\@ne \enit@setresumekeys ...
l.742 	\end{enumerate}
                      
The control sequence at the end of the top line
of your error message was never \def'ed. If you have
misspelled it (e.g., `\hobx'), type `I' and the correct
spelling (e.g., `I\hbox'). Otherwise just continue,
and I'll forget about whatever was undefined.

./EYNTKA_Functional_Analysis.tex:742: Missing number, treated as zero.
<to be read again> 
                   =
l.742 	\end{enumerate}
                      
A number should have been here; I inserted `0'.
(If you can't figure out why I needed to see a number,
look up `weird error' in the index to The TeXbook.)

./EYNTKA_Functional_Analysis.tex:742: Undefined control sequence.
\enit@setresumekeys ...xpandafter {\enit@savekeys 
                                                  }\xdef \enit@afterlist {#2...
l.742 	\end{enumerate}
                      
The control sequence at the end of the top line
of your error message was never \def'ed. If you have
misspelled it (e.g., `\hobx'), type `I' and the correct
spelling (e.g., `I\hbox'). Otherwise just continue,
and I'll forget about whatever was undefined.

./EYNTKA_Functional_Analysis.tex:742: Undefined control sequence.
\enit@setresumekeys ...it@toks }\ifnum \enit@type 
                                                  =\z@ #3\def \enit@noexcs {...
l.742 	\end{enumerate}
                      
The control sequence at the end of the top line
of your error message was never \def'ed. If you have
misspelled it (e.g., `\hobx'), type `I' and the correct
spelling (e.g., `I\hbox'). Otherwise just continue,
and I'll forget about whatever was undefined.

./EYNTKA_Functional_Analysis.tex:742: Missing number, treated as zero.
<to be read again> 
                   =
l.742 	\end{enumerate}
                      
A number should have been here; I inserted `0'.
(If you can't figure out why I needed to see a number,
look up `weird error' in the index to The TeXbook.)

./EYNTKA_Functional_Analysis.tex:742: Undefined control sequence.
<argument> enit@resume@series@\enit@series 
                                           
l.742 	\end{enumerate}
                      
The control sequence at the end of the top line
of your error message was never \def'ed. If you have
misspelled it (e.g., `\hobx'), type `I' and the correct
spelling (e.g., `I\hbox'). Otherwise just continue,
and I'll forget about whatever was undefined.

./EYNTKA_Functional_Analysis.tex:742: Undefined control sequence.
\enit@endenumerate ...t \fi \ifnum \enit@resuming 
                                                  =\thr@@ \enit@setresumekey...
l.742 	\end{enumerate}
                      
The control sequence at the end of the top line
of your error message was never \def'ed. If you have
misspelled it (e.g., `\hobx'), type `I' and the correct
spelling (e.g., `I\hbox'). Otherwise just continue,
and I'll forget about whatever was undefined.

./EYNTKA_Functional_Analysis.tex:742: Missing number, treated as zero.
<to be read again> 
                   =
l.742 	\end{enumerate}
                      
A number should have been here; I inserted `0'.
(If you can't figure out why I needed to see a number,
look up `weird error' in the index to The TeXbook.)

./EYNTKA_Functional_Analysis.tex:742: Undefined control sequence.
\enit@setresumekeys ...xpandafter {\enit@savekeys 
                                                  }\xdef \enit@afterlist {#2...
l.742 	\end{enumerate}
                      
The control sequence at the end of the top line
of your error message was never \def'ed. If you have
misspelled it (e.g., `\hobx'), type `I' and the correct
spelling (e.g., `I\hbox'). Otherwise just continue,
and I'll forget about whatever was undefined.

./EYNTKA_Functional_Analysis.tex:742: Undefined control sequence.
\enit@setresumekeys ...it@toks }\ifnum \enit@type 
                                                  =\z@ #3\def \enit@noexcs {...
l.742 	\end{enumerate}
                      
The control sequence at the end of the top line
of your error message was never \def'ed. If you have
misspelled it (e.g., `\hobx'), type `I' and the correct
spelling (e.g., `I\hbox'). Otherwise just continue,
and I'll forget about whatever was undefined.

./EYNTKA_Functional_Analysis.tex:742: Missing number, treated as zero.
<to be read again> 
                   =
l.742 	\end{enumerate}
                      
A number should have been here; I inserted `0'.
(If you can't figure out why I needed to see a number,
look up `weird error' in the index to The TeXbook.)

[7]
./EYNTKA_Functional_Analysis.tex:808: Undefined control sequence.
\enit@endenumerate ->\enit@after 
                                 \endlist \ifx \enit@series \relax \else \if...
l.808 	\end{enumerate}
                      
The control sequence at the end of the top line
of your error message was never \def'ed. If you have
misspelled it (e.g., `\hobx'), type `I' and the correct
spelling (e.g., `I\hbox'). Otherwise just continue,
and I'll forget about whatever was undefined.

./EYNTKA_Functional_Analysis.tex:808: Undefined control sequence.
\enit@endenumerate ...\else \ifnum \enit@resuming 
                                                  =\@ne \enit@setresumekeys ...
l.808 	\end{enumerate}
                      
The control sequence at the end of the top line
of your error message was never \def'ed. If you have
misspelled it (e.g., `\hobx'), type `I' and the correct
spelling (e.g., `I\hbox'). Otherwise just continue,
and I'll forget about whatever was undefined.

./EYNTKA_Functional_Analysis.tex:808: Missing number, treated as zero.
<to be read again> 
                   =
l.808 	\end{enumerate}
                      
A number should have been here; I inserted `0'.
(If you can't figure out why I needed to see a number,
look up `weird error' in the index to The TeXbook.)

./EYNTKA_Functional_Analysis.tex:808: Undefined control sequence.
\enit@setresumekeys ...xpandafter {\enit@savekeys 
                                                  }\xdef \enit@afterlist {#2...
l.808 	\end{enumerate}
                      
The control sequence at the end of the top line
of your error message was never \def'ed. If you have
misspelled it (e.g., `\hobx'), type `I' and the correct
spelling (e.g., `I\hbox'). Otherwise just continue,
and I'll forget about whatever was undefined.

./EYNTKA_Functional_Analysis.tex:808: Undefined control sequence.
\enit@setresumekeys ...it@toks }\ifnum \enit@type 
                                                  =\z@ #3\def \enit@noexcs {...
l.808 	\end{enumerate}
                      
The control sequence at the end of the top line
of your error message was never \def'ed. If you have
misspelled it (e.g., `\hobx'), type `I' and the correct
spelling (e.g., `I\hbox'). Otherwise just continue,
and I'll forget about whatever was undefined.

./EYNTKA_Functional_Analysis.tex:808: Missing number, treated as zero.
<to be read again> 
                   =
l.808 	\end{enumerate}
                      
A number should have been here; I inserted `0'.
(If you can't figure out why I needed to see a number,
look up `weird error' in the index to The TeXbook.)

./EYNTKA_Functional_Analysis.tex:808: Undefined control sequence.
<argument> enit@resume@series@\enit@series 
                                           
l.808 	\end{enumerate}
                      
The control sequence at the end of the top line
of your error message was never \def'ed. If you have
misspelled it (e.g., `\hobx'), type `I' and the correct
spelling (e.g., `I\hbox'). Otherwise just continue,
and I'll forget about whatever was undefined.

./EYNTKA_Functional_Analysis.tex:808: Undefined control sequence.
\enit@endenumerate ...t \fi \ifnum \enit@resuming 
                                                  =\thr@@ \enit@setresumekey...
l.808 	\end{enumerate}
                      
The control sequence at the end of the top line
of your error message was never \def'ed. If you have
misspelled it (e.g., `\hobx'), type `I' and the correct
spelling (e.g., `I\hbox'). Otherwise just continue,
and I'll forget about whatever was undefined.

./EYNTKA_Functional_Analysis.tex:808: Missing number, treated as zero.
<to be read again> 
                   =
l.808 	\end{enumerate}
                      
A number should have been here; I inserted `0'.
(If you can't figure out why I needed to see a number,
look up `weird error' in the index to The TeXbook.)

./EYNTKA_Functional_Analysis.tex:808: Undefined control sequence.
\enit@setresumekeys ...xpandafter {\enit@savekeys 
                                                  }\xdef \enit@afterlist {#2...
l.808 	\end{enumerate}
                      
The control sequence at the end of the top line
of your error message was never \def'ed. If you have
misspelled it (e.g., `\hobx'), type `I' and the correct
spelling (e.g., `I\hbox'). Otherwise just continue,
and I'll forget about whatever was undefined.

./EYNTKA_Functional_Analysis.tex:808: Undefined control sequence.
\enit@setresumekeys ...it@toks }\ifnum \enit@type 
                                                  =\z@ #3\def \enit@noexcs {...
l.808 	\end{enumerate}
                      
The control sequence at the end of the top line
of your error message was never \def'ed. If you have
misspelled it (e.g., `\hobx'), type `I' and the correct
spelling (e.g., `I\hbox'). Otherwise just continue,
and I'll forget about whatever was undefined.

./EYNTKA_Functional_Analysis.tex:808: Missing number, treated as zero.
<to be read again> 
                   =
l.808 	\end{enumerate}
                      
A number should have been here; I inserted `0'.
(If you can't figure out why I needed to see a number,
look up `weird error' in the index to The TeXbook.)

[8]
./EYNTKA_Functional_Analysis.tex:832: Undefined control sequence.
\enit@endenumerate ->\enit@after 
                                 \endlist \ifx \enit@series \relax \else \if...
l.832 				\end{enumerate}
                         
The control sequence at the end of the top line
of your error message was never \def'ed. If you have
misspelled it (e.g., `\hobx'), type `I' and the correct
spelling (e.g., `I\hbox'). Otherwise just continue,
and I'll forget about whatever was undefined.

./EYNTKA_Functional_Analysis.tex:832: Undefined control sequence.
\enit@endenumerate ...\else \ifnum \enit@resuming 
                                                  =\@ne \enit@setresumekeys ...
l.832 				\end{enumerate}
                         
The control sequence at the end of the top line
of your error message was never \def'ed. If you have
misspelled it (e.g., `\hobx'), type `I' and the correct
spelling (e.g., `I\hbox'). Otherwise just continue,
and I'll forget about whatever was undefined.

./EYNTKA_Functional_Analysis.tex:832: Missing number, treated as zero.
<to be read again> 
                   =
l.832 				\end{enumerate}
                         
A number should have been here; I inserted `0'.
(If you can't figure out why I needed to see a number,
look up `weird error' in the index to The TeXbook.)

./EYNTKA_Functional_Analysis.tex:832: Undefined control sequence.
\enit@setresumekeys ...xpandafter {\enit@savekeys 
                                                  }\xdef \enit@afterlist {#2...
l.832 				\end{enumerate}
                         
The control sequence at the end of the top line
of your error message was never \def'ed. If you have
misspelled it (e.g., `\hobx'), type `I' and the correct
spelling (e.g., `I\hbox'). Otherwise just continue,
and I'll forget about whatever was undefined.

./EYNTKA_Functional_Analysis.tex:832: Undefined control sequence.
\enit@setresumekeys ...it@toks }\ifnum \enit@type 
                                                  =\z@ #3\def \enit@noexcs {...
l.832 				\end{enumerate}
                         
The control sequence at the end of the top line
of your error message was never \def'ed. If you have
misspelled it (e.g., `\hobx'), type `I' and the correct
spelling (e.g., `I\hbox'). Otherwise just continue,
and I'll forget about whatever was undefined.

./EYNTKA_Functional_Analysis.tex:832: Missing number, treated as zero.
<to be read again> 
                   =
l.832 				\end{enumerate}
                         
A number should have been here; I inserted `0'.
(If you can't figure out why I needed to see a number,
look up `weird error' in the index to The TeXbook.)

./EYNTKA_Functional_Analysis.tex:832: Undefined control sequence.
<argument> enit@resume@series@\enit@series 
                                           
l.832 				\end{enumerate}
                         
The control sequence at the end of the top line
of your error message was never \def'ed. If you have
misspelled it (e.g., `\hobx'), type `I' and the correct
spelling (e.g., `I\hbox'). Otherwise just continue,
and I'll forget about whatever was undefined.

./EYNTKA_Functional_Analysis.tex:832: Undefined control sequence.
\enit@endenumerate ...t \fi \ifnum \enit@resuming 
                                                  =\thr@@ \enit@setresumekey...
l.832 				\end{enumerate}
                         
The control sequence at the end of the top line
of your error message was never \def'ed. If you have
misspelled it (e.g., `\hobx'), type `I' and the correct
spelling (e.g., `I\hbox'). Otherwise just continue,
and I'll forget about whatever was undefined.

./EYNTKA_Functional_Analysis.tex:832: Missing number, treated as zero.
<to be read again> 
                   =
l.832 				\end{enumerate}
                         
A number should have been here; I inserted `0'.
(If you can't figure out why I needed to see a number,
look up `weird error' in the index to The TeXbook.)

./EYNTKA_Functional_Analysis.tex:832: Undefined control sequence.
\enit@setresumekeys ...xpandafter {\enit@savekeys 
                                                  }\xdef \enit@afterlist {#2...
l.832 				\end{enumerate}
                         
The control sequence at the end of the top line
of your error message was never \def'ed. If you have
misspelled it (e.g., `\hobx'), type `I' and the correct
spelling (e.g., `I\hbox'). Otherwise just continue,
and I'll forget about whatever was undefined.

./EYNTKA_Functional_Analysis.tex:832: Undefined control sequence.
\enit@setresumekeys ...it@toks }\ifnum \enit@type 
                                                  =\z@ #3\def \enit@noexcs {...
l.832 				\end{enumerate}
                         
The control sequence at the end of the top line
of your error message was never \def'ed. If you have
misspelled it (e.g., `\hobx'), type `I' and the correct
spelling (e.g., `I\hbox'). Otherwise just continue,
and I'll forget about whatever was undefined.

./EYNTKA_Functional_Analysis.tex:832: Missing number, treated as zero.
<to be read again> 
                   =
l.832 				\end{enumerate}
                         
A number should have been here; I inserted `0'.
(If you can't figure out why I needed to see a number,
look up `weird error' in the index to The TeXbook.)

./EYNTKA_Functional_Analysis.tex:877: Undefined control sequence.
\enit@endenumerate ->\enit@after 
                                 \endlist \ifx \enit@series \relax \else \if...
l.877 							\end{enumerate}
                            
The control sequence at the end of the top line
of your error message was never \def'ed. If you have
misspelled it (e.g., `\hobx'), type `I' and the correct
spelling (e.g., `I\hbox'). Otherwise just continue,
and I'll forget about whatever was undefined.

./EYNTKA_Functional_Analysis.tex:877: Undefined control sequence.
\enit@endenumerate ...\else \ifnum \enit@resuming 
                                                  =\@ne \enit@setresumekeys ...
l.877 							\end{enumerate}
                            
The control sequence at the end of the top line
of your error message was never \def'ed. If you have
misspelled it (e.g., `\hobx'), type `I' and the correct
spelling (e.g., `I\hbox'). Otherwise just continue,
and I'll forget about whatever was undefined.

./EYNTKA_Functional_Analysis.tex:877: Missing number, treated as zero.
<to be read again> 
                   =
l.877 							\end{enumerate}
                            
A number should have been here; I inserted `0'.
(If you can't figure out why I needed to see a number,
look up `weird error' in the index to The TeXbook.)

./EYNTKA_Functional_Analysis.tex:877: Undefined control sequence.
\enit@setresumekeys ...xpandafter {\enit@savekeys 
                                                  }\xdef \enit@afterlist {#2...
l.877 							\end{enumerate}
                            
The control sequence at the end of the top line
of your error message was never \def'ed. If you have
misspelled it (e.g., `\hobx'), type `I' and the correct
spelling (e.g., `I\hbox'). Otherwise just continue,
and I'll forget about whatever was undefined.

./EYNTKA_Functional_Analysis.tex:877: Undefined control sequence.
\enit@endenumerate ...t \fi \ifnum \enit@resuming 
                                                  =\thr@@ \enit@setresumekey...
l.877 							\end{enumerate}
                            
The control sequence at the end of the top line
of your error message was never \def'ed. If you have
misspelled it (e.g., `\hobx'), type `I' and the correct
spelling (e.g., `I\hbox'). Otherwise just continue,
and I'll forget about whatever was undefined.

./EYNTKA_Functional_Analysis.tex:877: Missing number, treated as zero.
<to be read again> 
                   =
l.877 							\end{enumerate}
                            
A number should have been here; I inserted `0'.
(If you can't figure out why I needed to see a number,
look up `weird error' in the index to The TeXbook.)

./EYNTKA_Functional_Analysis.tex:877: Undefined control sequence.
\enit@setresumekeys ...xpandafter {\enit@savekeys 
                                                  }\xdef \enit@afterlist {#2...
l.877 							\end{enumerate}
                            
The control sequence at the end of the top line
of your error message was never \def'ed. If you have
misspelled it (e.g., `\hobx'), type `I' and the correct
spelling (e.g., `I\hbox'). Otherwise just continue,
and I'll forget about whatever was undefined.

./EYNTKA_Functional_Analysis.tex:883: Undefined control sequence.
\enit@endenumerate ->\enit@after 
                                 \endlist \ifx \enit@series \relax \else \if...
l.883 					\end{enumerate}
                          
The control sequence at the end of the top line
of your error message was never \def'ed. If you have
misspelled it (e.g., `\hobx'), type `I' and the correct
spelling (e.g., `I\hbox'). Otherwise just continue,
and I'll forget about whatever was undefined.

./EYNTKA_Functional_Analysis.tex:883: Undefined control sequence.
\enit@endenumerate ...\else \ifnum \enit@resuming 
                                                  =\@ne \enit@setresumekeys ...
l.883 					\end{enumerate}
                          
The control sequence at the end of the top line
of your error message was never \def'ed. If you have
misspelled it (e.g., `\hobx'), type `I' and the correct
spelling (e.g., `I\hbox'). Otherwise just continue,
and I'll forget about whatever was undefined.

./EYNTKA_Functional_Analysis.tex:883: Missing number, treated as zero.
<to be read again> 
                   =
l.883 					\end{enumerate}
                          
A number should have been here; I inserted `0'.
(If you can't figure out why I needed to see a number,
look up `weird error' in the index to The TeXbook.)

./EYNTKA_Functional_Analysis.tex:883: Undefined control sequence.
\enit@setresumekeys ...xpandafter {\enit@savekeys 
                                                  }\xdef \enit@afterlist {#2...
l.883 					\end{enumerate}
                          
The control sequence at the end of the top line
of your error message was never \def'ed. If you have
misspelled it (e.g., `\hobx'), type `I' and the correct
spelling (e.g., `I\hbox'). Otherwise just continue,
and I'll forget about whatever was undefined.

./EYNTKA_Functional_Analysis.tex:883: Undefined control sequence.
\enit@endenumerate ...t \fi \ifnum \enit@resuming 
                                                  =\thr@@ \enit@setresumekey...
l.883 					\end{enumerate}
                          
The control sequence at the end of the top line
of your error message was never \def'ed. If you have
misspelled it (e.g., `\hobx'), type `I' and the correct
spelling (e.g., `I\hbox'). Otherwise just continue,
and I'll forget about whatever was undefined.

./EYNTKA_Functional_Analysis.tex:883: Missing number, treated as zero.
<to be read again> 
                   =
l.883 					\end{enumerate}
                          
A number should have been here; I inserted `0'.
(If you can't figure out why I needed to see a number,
look up `weird error' in the index to The TeXbook.)

./EYNTKA_Functional_Analysis.tex:883: Undefined control sequence.
\enit@setresumekeys ...xpandafter {\enit@savekeys 
                                                  }\xdef \enit@afterlist {#2...
l.883 					\end{enumerate}
                          
The control sequence at the end of the top line
of your error message was never \def'ed. If you have
misspelled it (e.g., `\hobx'), type `I' and the correct
spelling (e.g., `I\hbox'). Otherwise just continue,
and I'll forget about whatever was undefined.

./EYNTKA_Functional_Analysis.tex:904: Undefined control sequence.
\enit@endenumerate ->\enit@after 
                                 \endlist \ifx \enit@series \relax \else \if...
l.904 							\end{enumerate}
                            
The control sequence at the end of the top line
of your error message was never \def'ed. If you have
misspelled it (e.g., `\hobx'), type `I' and the correct
spelling (e.g., `I\hbox'). Otherwise just continue,
and I'll forget about whatever was undefined.

./EYNTKA_Functional_Analysis.tex:904: Undefined control sequence.
\enit@endenumerate ...\else \ifnum \enit@resuming 
                                                  =\@ne \enit@setresumekeys ...
l.904 							\end{enumerate}
                            
The control sequence at the end of the top line
of your error message was never \def'ed. If you have
misspelled it (e.g., `\hobx'), type `I' and the correct
spelling (e.g., `I\hbox'). Otherwise just continue,
and I'll forget about whatever was undefined.

./EYNTKA_Functional_Analysis.tex:904: Missing number, treated as zero.
<to be read again> 
                   =
l.904 							\end{enumerate}
                            
A number should have been here; I inserted `0'.
(If you can't figure out why I needed to see a number,
look up `weird error' in the index to The TeXbook.)

./EYNTKA_Functional_Analysis.tex:904: Undefined control sequence.
\enit@setresumekeys ...xpandafter {\enit@savekeys 
                                                  }\xdef \enit@afterlist {#2...
l.904 							\end{enumerate}
                            
The control sequence at the end of the top line
of your error message was never \def'ed. If you have
misspelled it (e.g., `\hobx'), type `I' and the correct
spelling (e.g., `I\hbox'). Otherwise just continue,
and I'll forget about whatever was undefined.

./EYNTKA_Functional_Analysis.tex:904: Undefined control sequence.
\enit@endenumerate ...t \fi \ifnum \enit@resuming 
                                                  =\thr@@ \enit@setresumekey...
l.904 							\end{enumerate}
                            
The control sequence at the end of the top line
of your error message was never \def'ed. If you have
misspelled it (e.g., `\hobx'), type `I' and the correct
spelling (e.g., `I\hbox'). Otherwise just continue,
and I'll forget about whatever was undefined.

./EYNTKA_Functional_Analysis.tex:904: Missing number, treated as zero.
<to be read again> 
                   =
l.904 							\end{enumerate}
                            
A number should have been here; I inserted `0'.
(If you can't figure out why I needed to see a number,
look up `weird error' in the index to The TeXbook.)

./EYNTKA_Functional_Analysis.tex:904: Undefined control sequence.
\enit@setresumekeys ...xpandafter {\enit@savekeys 
                                                  }\xdef \enit@afterlist {#2...
l.904 							\end{enumerate}
                            
The control sequence at the end of the top line
of your error message was never \def'ed. If you have
misspelled it (e.g., `\hobx'), type `I' and the correct
spelling (e.g., `I\hbox'). Otherwise just continue,
and I'll forget about whatever was undefined.

./EYNTKA_Functional_Analysis.tex:924: Undefined control sequence.
\enit@endenumerate ->\enit@after 
                                 \endlist \ifx \enit@series \relax \else \if...
l.924 							\end{enumerate}
                            
The control sequence at the end of the top line
of your error message was never \def'ed. If you have
misspelled it (e.g., `\hobx'), type `I' and the correct
spelling (e.g., `I\hbox'). Otherwise just continue,
and I'll forget about whatever was undefined.

./EYNTKA_Functional_Analysis.tex:924: Undefined control sequence.
\enit@endenumerate ...\else \ifnum \enit@resuming 
                                                  =\@ne \enit@setresumekeys ...
l.924 							\end{enumerate}
                            
The control sequence at the end of the top line
of your error message was never \def'ed. If you have
misspelled it (e.g., `\hobx'), type `I' and the correct
spelling (e.g., `I\hbox'). Otherwise just continue,
and I'll forget about whatever was undefined.

./EYNTKA_Functional_Analysis.tex:924: Missing number, treated as zero.
<to be read again> 
                   =
l.924 							\end{enumerate}
                            
A number should have been here; I inserted `0'.
(If you can't figure out why I needed to see a number,
look up `weird error' in the index to The TeXbook.)

./EYNTKA_Functional_Analysis.tex:924: Undefined control sequence.
\enit@setresumekeys ...xpandafter {\enit@savekeys 
                                                  }\xdef \enit@afterlist {#2...
l.924 							\end{enumerate}
                            
The control sequence at the end of the top line
of your error message was never \def'ed. If you have
misspelled it (e.g., `\hobx'), type `I' and the correct
spelling (e.g., `I\hbox'). Otherwise just continue,
and I'll forget about whatever was undefined.

./EYNTKA_Functional_Analysis.tex:924: Undefined control sequence.
\enit@endenumerate ...t \fi \ifnum \enit@resuming 
                                                  =\thr@@ \enit@setresumekey...
l.924 							\end{enumerate}
                            
The control sequence at the end of the top line
of your error message was never \def'ed. If you have
misspelled it (e.g., `\hobx'), type `I' and the correct
spelling (e.g., `I\hbox'). Otherwise just continue,
and I'll forget about whatever was undefined.

./EYNTKA_Functional_Analysis.tex:924: Missing number, treated as zero.
<to be read again> 
                   =
l.924 							\end{enumerate}
                            
A number should have been here; I inserted `0'.
(If you can't figure out why I needed to see a number,
look up `weird error' in the index to The TeXbook.)

./EYNTKA_Functional_Analysis.tex:924: Undefined control sequence.
\enit@setresumekeys ...xpandafter {\enit@savekeys 
                                                  }\xdef \enit@afterlist {#2...
l.924 							\end{enumerate}
                            
The control sequence at the end of the top line
of your error message was never \def'ed. If you have
misspelled it (e.g., `\hobx'), type `I' and the correct
spelling (e.g., `I\hbox'). Otherwise just continue,
and I'll forget about whatever was undefined.

./EYNTKA_Functional_Analysis.tex:927: Undefined control sequence.
\enit@endenumerate ->\enit@after 
                                 \endlist \ifx \enit@series \relax \else \if...
l.927 					\end{enumerate}
                          
The control sequence at the end of the top line
of your error message was never \def'ed. If you have
misspelled it (e.g., `\hobx'), type `I' and the correct
spelling (e.g., `I\hbox'). Otherwise just continue,
and I'll forget about whatever was undefined.

./EYNTKA_Functional_Analysis.tex:927: Undefined control sequence.
\enit@endenumerate ...\else \ifnum \enit@resuming 
                                                  =\@ne \enit@setresumekeys ...
l.927 					\end{enumerate}
                          
The control sequence at the end of the top line
of your error message was never \def'ed. If you have
misspelled it (e.g., `\hobx'), type `I' and the correct
spelling (e.g., `I\hbox'). Otherwise just continue,
and I'll forget about whatever was undefined.

./EYNTKA_Functional_Analysis.tex:927: Missing number, treated as zero.
<to be read again> 
                   =
l.927 					\end{enumerate}
                          
A number should have been here; I inserted `0'.
(If you can't figure out why I needed to see a number,
look up `weird error' in the index to The TeXbook.)

./EYNTKA_Functional_Analysis.tex:927: Undefined control sequence.
\enit@setresumekeys ...xpandafter {\enit@savekeys 
                                                  }\xdef \enit@afterlist {#2...
l.927 					\end{enumerate}
                          
The control sequence at the end of the top line
of your error message was never \def'ed. If you have
misspelled it (e.g., `\hobx'), type `I' and the correct
spelling (e.g., `I\hbox'). Otherwise just continue,
and I'll forget about whatever was undefined.

./EYNTKA_Functional_Analysis.tex:927: Undefined control sequence.
\enit@endenumerate ...t \fi \ifnum \enit@resuming 
                                                  =\thr@@ \enit@setresumekey...
l.927 					\end{enumerate}
                          
The control sequence at the end of the top line
of your error message was never \def'ed. If you have
misspelled it (e.g., `\hobx'), type `I' and the correct
spelling (e.g., `I\hbox'). Otherwise just continue,
and I'll forget about whatever was undefined.

./EYNTKA_Functional_Analysis.tex:927: Missing number, treated as zero.
<to be read again> 
                   =
l.927 					\end{enumerate}
                          
A number should have been here; I inserted `0'.
(If you can't figure out why I needed to see a number,
look up `weird error' in the index to The TeXbook.)

./EYNTKA_Functional_Analysis.tex:927: Undefined control sequence.
\enit@setresumekeys ...xpandafter {\enit@savekeys 
                                                  }\xdef \enit@afterlist {#2...
l.927 					\end{enumerate}
                          
The control sequence at the end of the top line
of your error message was never \def'ed. If you have
misspelled it (e.g., `\hobx'), type `I' and the correct
spelling (e.g., `I\hbox'). Otherwise just continue,
and I'll forget about whatever was undefined.


LaTeX Warning: Reference `sec:equivRelations' on page 9 undefined on input line 966.

./EYNTKA_Functional_Analysis.tex:968: Undefined control sequence.
\enit@endenumerate ->\enit@after 
                                 \endlist \ifx \enit@series \relax \else \if...
l.968 				\end{enumerate}
                         
The control sequence at the end of the top line
of your error message was never \def'ed. If you have
misspelled it (e.g., `\hobx'), type `I' and the correct
spelling (e.g., `I\hbox'). Otherwise just continue,
and I'll forget about whatever was undefined.

./EYNTKA_Functional_Analysis.tex:968: Undefined control sequence.
\enit@endenumerate ...\else \ifnum \enit@resuming 
                                                  =\@ne \enit@setresumekeys ...
l.968 				\end{enumerate}
                         
The control sequence at the end of the top line
of your error message was never \def'ed. If you have
misspelled it (e.g., `\hobx'), type `I' and the correct
spelling (e.g., `I\hbox'). Otherwise just continue,
and I'll forget about whatever was undefined.

./EYNTKA_Functional_Analysis.tex:968: Missing number, treated as zero.
<to be read again> 
                   =
l.968 				\end{enumerate}
                         
A number should have been here; I inserted `0'.
(If you can't figure out why I needed to see a number,
look up `weird error' in the index to The TeXbook.)

./EYNTKA_Functional_Analysis.tex:968: Undefined control sequence.
\enit@setresumekeys ...xpandafter {\enit@savekeys 
                                                  }\xdef \enit@afterlist {#2...
l.968 				\end{enumerate}
                         
The control sequence at the end of the top line
of your error message was never \def'ed. If you have
misspelled it (e.g., `\hobx'), type `I' and the correct
spelling (e.g., `I\hbox'). Otherwise just continue,
and I'll forget about whatever was undefined.

./EYNTKA_Functional_Analysis.tex:968: Undefined control sequence.
\enit@setresumekeys ...it@toks }\ifnum \enit@type 
                                                  =\z@ #3\def \enit@noexcs {...
l.968 				\end{enumerate}
                         
The control sequence at the end of the top line
of your error message was never \def'ed. If you have
misspelled it (e.g., `\hobx'), type `I' and the correct
spelling (e.g., `I\hbox'). Otherwise just continue,
and I'll forget about whatever was undefined.

./EYNTKA_Functional_Analysis.tex:968: Missing number, treated as zero.
<to be read again> 
                   =
l.968 				\end{enumerate}
                         
A number should have been here; I inserted `0'.
(If you can't figure out why I needed to see a number,
look up `weird error' in the index to The TeXbook.)

./EYNTKA_Functional_Analysis.tex:968: Undefined control sequence.
<argument> enit@resume@series@\enit@series 
                                           
l.968 				\end{enumerate}
                         
The control sequence at the end of the top line
of your error message was never \def'ed. If you have
misspelled it (e.g., `\hobx'), type `I' and the correct
spelling (e.g., `I\hbox'). Otherwise just continue,
and I'll forget about whatever was undefined.

./EYNTKA_Functional_Analysis.tex:968: Undefined control sequence.
\enit@endenumerate ...t \fi \ifnum \enit@resuming 
                                                  =\thr@@ \enit@setresumekey...
l.968 				\end{enumerate}
                         
The control sequence at the end of the top line
of your error message was never \def'ed. If you have
misspelled it (e.g., `\hobx'), type `I' and the correct
spelling (e.g., `I\hbox'). Otherwise just continue,
and I'll forget about whatever was undefined.

./EYNTKA_Functional_Analysis.tex:968: Missing number, treated as zero.
<to be read again> 
                   =
l.968 				\end{enumerate}
                         
A number should have been here; I inserted `0'.
(If you can't figure out why I needed to see a number,
look up `weird error' in the index to The TeXbook.)

./EYNTKA_Functional_Analysis.tex:968: Undefined control sequence.
\enit@setresumekeys ...xpandafter {\enit@savekeys 
                                                  }\xdef \enit@afterlist {#2...
l.968 				\end{enumerate}
                         
The control sequence at the end of the top line
of your error message was never \def'ed. If you have
misspelled it (e.g., `\hobx'), type `I' and the correct
spelling (e.g., `I\hbox'). Otherwise just continue,
and I'll forget about whatever was undefined.

./EYNTKA_Functional_Analysis.tex:968: Undefined control sequence.
\enit@setresumekeys ...it@toks }\ifnum \enit@type 
                                                  =\z@ #3\def \enit@noexcs {...
l.968 				\end{enumerate}
                         
The control sequence at the end of the top line
of your error message was never \def'ed. If you have
misspelled it (e.g., `\hobx'), type `I' and the correct
spelling (e.g., `I\hbox'). Otherwise just continue,
and I'll forget about whatever was undefined.

./EYNTKA_Functional_Analysis.tex:968: Missing number, treated as zero.
<to be read again> 
                   =
l.968 				\end{enumerate}
                         
A number should have been here; I inserted `0'.
(If you can't figure out why I needed to see a number,
look up `weird error' in the index to The TeXbook.)


LaTeX Warning: Reference `df:relation' on page 9 undefined on input line 974.

./EYNTKA_Functional_Analysis.tex:998: Undefined control sequence.
\enit@endenumerate ->\enit@after 
                                 \endlist \ifx \enit@series \relax \else \if...
l.998 		\end{enumerate}
                       
The control sequence at the end of the top line
of your error message was never \def'ed. If you have
misspelled it (e.g., `\hobx'), type `I' and the correct
spelling (e.g., `I\hbox'). Otherwise just continue,
and I'll forget about whatever was undefined.

./EYNTKA_Functional_Analysis.tex:998: Undefined control sequence.
\enit@endenumerate ...\else \ifnum \enit@resuming 
                                                  =\@ne \enit@setresumekeys ...
l.998 		\end{enumerate}
                       
The control sequence at the end of the top line
of your error message was never \def'ed. If you have
misspelled it (e.g., `\hobx'), type `I' and the correct
spelling (e.g., `I\hbox'). Otherwise just continue,
and I'll forget about whatever was undefined.

./EYNTKA_Functional_Analysis.tex:998: Missing number, treated as zero.
<to be read again> 
                   =
l.998 		\end{enumerate}
                       
A number should have been here; I inserted `0'.
(If you can't figure out why I needed to see a number,
look up `weird error' in the index to The TeXbook.)

./EYNTKA_Functional_Analysis.tex:998: Undefined control sequence.
\enit@setresumekeys ...xpandafter {\enit@savekeys 
                                                  }\xdef \enit@afterlist {#2...
l.998 		\end{enumerate}
                       
The control sequence at the end of the top line
of your error message was never \def'ed. If you have
misspelled it (e.g., `\hobx'), type `I' and the correct
spelling (e.g., `I\hbox'). Otherwise just continue,
and I'll forget about whatever was undefined.

./EYNTKA_Functional_Analysis.tex:998: Undefined control sequence.
\enit@setresumekeys ...it@toks }\ifnum \enit@type 
                                                  =\z@ #3\def \enit@noexcs {...
l.998 		\end{enumerate}
                       
The control sequence at the end of the top line
of your error message was never \def'ed. If you have
misspelled it (e.g., `\hobx'), type `I' and the correct
spelling (e.g., `I\hbox'). Otherwise just continue,
and I'll forget about whatever was undefined.

./EYNTKA_Functional_Analysis.tex:998: Missing number, treated as zero.
<to be read again> 
                   =
l.998 		\end{enumerate}
                       
A number should have been here; I inserted `0'.
(If you can't figure out why I needed to see a number,
look up `weird error' in the index to The TeXbook.)

./EYNTKA_Functional_Analysis.tex:998: Undefined control sequence.
<argument> enit@resume@series@\enit@series 
                                           
l.998 		\end{enumerate}
                       
The control sequence at the end of the top line
of your error message was never \def'ed. If you have
misspelled it (e.g., `\hobx'), type `I' and the correct
spelling (e.g., `I\hbox'). Otherwise just continue,
and I'll forget about whatever was undefined.

./EYNTKA_Functional_Analysis.tex:998: Undefined control sequence.
\enit@endenumerate ...t \fi \ifnum \enit@resuming 
                                                  =\thr@@ \enit@setresumekey...
l.998 		\end{enumerate}
                       
The control sequence at the end of the top line
of your error message was never \def'ed. If you have
misspelled it (e.g., `\hobx'), type `I' and the correct
spelling (e.g., `I\hbox'). Otherwise just continue,
and I'll forget about whatever was undefined.

./EYNTKA_Functional_Analysis.tex:998: Missing number, treated as zero.
<to be read again> 
                   =
l.998 		\end{enumerate}
                       
A number should have been here; I inserted `0'.
(If you can't figure out why I needed to see a number,
look up `weird error' in the index to The TeXbook.)

./EYNTKA_Functional_Analysis.tex:998: Undefined control sequence.
\enit@setresumekeys ...xpandafter {\enit@savekeys 
                                                  }\xdef \enit@afterlist {#2...
l.998 		\end{enumerate}
                       
The control sequence at the end of the top line
of your error message was never \def'ed. If you have
misspelled it (e.g., `\hobx'), type `I' and the correct
spelling (e.g., `I\hbox'). Otherwise just continue,
and I'll forget about whatever was undefined.

./EYNTKA_Functional_Analysis.tex:998: Undefined control sequence.
\enit@setresumekeys ...it@toks }\ifnum \enit@type 
                                                  =\z@ #3\def \enit@noexcs {...
l.998 		\end{enumerate}
                       
The control sequence at the end of the top line
of your error message was never \def'ed. If you have
misspelled it (e.g., `\hobx'), type `I' and the correct
spelling (e.g., `I\hbox'). Otherwise just continue,
and I'll forget about whatever was undefined.

./EYNTKA_Functional_Analysis.tex:998: Missing number, treated as zero.
<to be read again> 
                   =
l.998 		\end{enumerate}
                       
A number should have been here; I inserted `0'.
(If you can't figure out why I needed to see a number,
look up `weird error' in the index to The TeXbook.)

[9] [10] [11] [12]
./EYNTKA_Functional_Analysis.tex:1032: Undefined control sequence.
\enit@endenumerate ->\enit@after 
                                 \endlist \ifx \enit@series \relax \else \if...
l.1032 \end{enumerate}
                      
The control sequence at the end of the top line
of your error message was never \def'ed. If you have
misspelled it (e.g., `\hobx'), type `I' and the correct
spelling (e.g., `I\hbox'). Otherwise just continue,
and I'll forget about whatever was undefined.

./EYNTKA_Functional_Analysis.tex:1032: Undefined control sequence.
\enit@endenumerate ...\else \ifnum \enit@resuming 
                                                  =\@ne \enit@setresumekeys ...
l.1032 \end{enumerate}
                      
The control sequence at the end of the top line
of your error message was never \def'ed. If you have
misspelled it (e.g., `\hobx'), type `I' and the correct
spelling (e.g., `I\hbox'). Otherwise just continue,
and I'll forget about whatever was undefined.

./EYNTKA_Functional_Analysis.tex:1032: Missing number, treated as zero.
<to be read again> 
                   =
l.1032 \end{enumerate}
                      
A number should have been here; I inserted `0'.
(If you can't figure out why I needed to see a number,
look up `weird error' in the index to The TeXbook.)

./EYNTKA_Functional_Analysis.tex:1032: Undefined control sequence.
\enit@setresumekeys ...xpandafter {\enit@savekeys 
                                                  }\xdef \enit@afterlist {#2...
l.1032 \end{enumerate}
                      
The control sequence at the end of the top line
of your error message was never \def'ed. If you have
misspelled it (e.g., `\hobx'), type `I' and the correct
spelling (e.g., `I\hbox'). Otherwise just continue,
and I'll forget about whatever was undefined.

./EYNTKA_Functional_Analysis.tex:1032: Undefined control sequence.
\enit@setresumekeys ...it@toks }\ifnum \enit@type 
                                                  =\z@ #3\def \enit@noexcs {...
l.1032 \end{enumerate}
                      
The control sequence at the end of the top line
of your error message was never \def'ed. If you have
misspelled it (e.g., `\hobx'), type `I' and the correct
spelling (e.g., `I\hbox'). Otherwise just continue,
and I'll forget about whatever was undefined.

./EYNTKA_Functional_Analysis.tex:1032: Missing number, treated as zero.
<to be read again> 
                   =
l.1032 \end{enumerate}
                      
A number should have been here; I inserted `0'.
(If you can't figure out why I needed to see a number,
look up `weird error' in the index to The TeXbook.)

./EYNTKA_Functional_Analysis.tex:1032: Undefined control sequence.
<argument> enit@resume@series@\enit@series 
                                           
l.1032 \end{enumerate}
                      
The control sequence at the end of the top line
of your error message was never \def'ed. If you have
misspelled it (e.g., `\hobx'), type `I' and the correct
spelling (e.g., `I\hbox'). Otherwise just continue,
and I'll forget about whatever was undefined.

./EYNTKA_Functional_Analysis.tex:1032: Undefined control sequence.
\enit@endenumerate ...t \fi \ifnum \enit@resuming 
                                                  =\thr@@ \enit@setresumekey...
l.1032 \end{enumerate}
                      
The control sequence at the end of the top line
of your error message was never \def'ed. If you have
misspelled it (e.g., `\hobx'), type `I' and the correct
spelling (e.g., `I\hbox'). Otherwise just continue,
and I'll forget about whatever was undefined.

./EYNTKA_Functional_Analysis.tex:1032: Missing number, treated as zero.
<to be read again> 
                   =
l.1032 \end{enumerate}
                      
A number should have been here; I inserted `0'.
(If you can't figure out why I needed to see a number,
look up `weird error' in the index to The TeXbook.)

./EYNTKA_Functional_Analysis.tex:1032: Undefined control sequence.
\enit@setresumekeys ...xpandafter {\enit@savekeys 
                                                  }\xdef \enit@afterlist {#2...
l.1032 \end{enumerate}
                      
The control sequence at the end of the top line
of your error message was never \def'ed. If you have
misspelled it (e.g., `\hobx'), type `I' and the correct
spelling (e.g., `I\hbox'). Otherwise just continue,
and I'll forget about whatever was undefined.

./EYNTKA_Functional_Analysis.tex:1032: Undefined control sequence.
\enit@setresumekeys ...it@toks }\ifnum \enit@type 
                                                  =\z@ #3\def \enit@noexcs {...
l.1032 \end{enumerate}
                      
The control sequence at the end of the top line
of your error message was never \def'ed. If you have
misspelled it (e.g., `\hobx'), type `I' and the correct
spelling (e.g., `I\hbox'). Otherwise just continue,
and I'll forget about whatever was undefined.

./EYNTKA_Functional_Analysis.tex:1032: Missing number, treated as zero.
<to be read again> 
                   =
l.1032 \end{enumerate}
                      
A number should have been here; I inserted `0'.
(If you can't figure out why I needed to see a number,
look up `weird error' in the index to The TeXbook.)


pdfTeX warning (ext4): destination with the same identifier (name{tcb@cnt@defn.1}) has been already used, duplicate ignored
<to be read again> 
                   \relax 
l.1039 ...al Vector Space (TVS)}{topologicalVecSp}
                                                  
LaTeX Font Info:    Trying to load font information for U+eus on input line 1119.
 (/usr/local/texlive/2023/texmf-dist/tex/latex/amsfonts/ueus.fd
File: ueus.fd 2013/01/14 v3.01 Euler Script
) (/usr/local/texlive/2023/texmf-dist/tex/latex/microtype/mt-eus.cfg
File: mt-eus.cfg 2006/07/28 v1.2 microtype config. file: AMS Euler Script (RS)
)
./EYNTKA_Functional_Analysis.tex:1166: Undefined control sequence.
\enit@endenumerate ->\enit@after 
                                 \endlist \ifx \enit@series \relax \else \if...
l.1166 		\end{enumerate}
                        
The control sequence at the end of the top line
of your error message was never \def'ed. If you have
misspelled it (e.g., `\hobx'), type `I' and the correct
spelling (e.g., `I\hbox'). Otherwise just continue,
and I'll forget about whatever was undefined.

./EYNTKA_Functional_Analysis.tex:1166: Undefined control sequence.
\enit@endenumerate ...\else \ifnum \enit@resuming 
                                                  =\@ne \enit@setresumekeys ...
l.1166 		\end{enumerate}
                        
The control sequence at the end of the top line
of your error message was never \def'ed. If you have
misspelled it (e.g., `\hobx'), type `I' and the correct
spelling (e.g., `I\hbox'). Otherwise just continue,
and I'll forget about whatever was undefined.

./EYNTKA_Functional_Analysis.tex:1166: Missing number, treated as zero.
<to be read again> 
                   =
l.1166 		\end{enumerate}
                        
A number should have been here; I inserted `0'.
(If you can't figure out why I needed to see a number,
look up `weird error' in the index to The TeXbook.)

./EYNTKA_Functional_Analysis.tex:1166: Undefined control sequence.
\enit@setresumekeys ...xpandafter {\enit@savekeys 
                                                  }\xdef \enit@afterlist {#2...
l.1166 		\end{enumerate}
                        
The control sequence at the end of the top line
of your error message was never \def'ed. If you have
misspelled it (e.g., `\hobx'), type `I' and the correct
spelling (e.g., `I\hbox'). Otherwise just continue,
and I'll forget about whatever was undefined.

./EYNTKA_Functional_Analysis.tex:1166: Undefined control sequence.
\enit@setresumekeys ...it@toks }\ifnum \enit@type 
                                                  =\z@ #3\def \enit@noexcs {...
l.1166 		\end{enumerate}
                        
The control sequence at the end of the top line
of your error message was never \def'ed. If you have
misspelled it (e.g., `\hobx'), type `I' and the correct
spelling (e.g., `I\hbox'). Otherwise just continue,
and I'll forget about whatever was undefined.

./EYNTKA_Functional_Analysis.tex:1166: Missing number, treated as zero.
<to be read again> 
                   =
l.1166 		\end{enumerate}
                        
A number should have been here; I inserted `0'.
(If you can't figure out why I needed to see a number,
look up `weird error' in the index to The TeXbook.)

./EYNTKA_Functional_Analysis.tex:1166: Undefined control sequence.
<argument> enit@resume@series@\enit@series 
                                           
l.1166 		\end{enumerate}
                        
The control sequence at the end of the top line
of your error message was never \def'ed. If you have
misspelled it (e.g., `\hobx'), type `I' and the correct
spelling (e.g., `I\hbox'). Otherwise just continue,
and I'll forget about whatever was undefined.

./EYNTKA_Functional_Analysis.tex:1166: Undefined control sequence.
\enit@endenumerate ...t \fi \ifnum \enit@resuming 
                                                  =\thr@@ \enit@setresumekey...
l.1166 		\end{enumerate}
                        
The control sequence at the end of the top line
of your error message was never \def'ed. If you have
misspelled it (e.g., `\hobx'), type `I' and the correct
spelling (e.g., `I\hbox'). Otherwise just continue,
and I'll forget about whatever was undefined.

./EYNTKA_Functional_Analysis.tex:1166: Missing number, treated as zero.
<to be read again> 
                   =
l.1166 		\end{enumerate}
                        
A number should have been here; I inserted `0'.
(If you can't figure out why I needed to see a number,
look up `weird error' in the index to The TeXbook.)

./EYNTKA_Functional_Analysis.tex:1166: Undefined control sequence.
\enit@setresumekeys ...xpandafter {\enit@savekeys 
                                                  }\xdef \enit@afterlist {#2...
l.1166 		\end{enumerate}
                        
The control sequence at the end of the top line
of your error message was never \def'ed. If you have
misspelled it (e.g., `\hobx'), type `I' and the correct
spelling (e.g., `I\hbox'). Otherwise just continue,
and I'll forget about whatever was undefined.

./EYNTKA_Functional_Analysis.tex:1166: Undefined control sequence.
\enit@setresumekeys ...it@toks }\ifnum \enit@type 
                                                  =\z@ #3\def \enit@noexcs {...
l.1166 		\end{enumerate}
                        
The control sequence at the end of the top line
of your error message was never \def'ed. If you have
misspelled it (e.g., `\hobx'), type `I' and the correct
spelling (e.g., `I\hbox'). Otherwise just continue,
and I'll forget about whatever was undefined.

./EYNTKA_Functional_Analysis.tex:1166: Missing number, treated as zero.
<to be read again> 
                   =
l.1166 		\end{enumerate}
                        
A number should have been here; I inserted `0'.
(If you can't figure out why I needed to see a number,
look up `weird error' in the index to The TeXbook.)

./EYNTKA_Functional_Analysis.tex:1167: Undefined control sequence.
\enit@endenumerate ->\enit@after 
                                 \endlist \ifx \enit@series \relax \else \if...
l.1167 	\end{enumerate}
                       
The control sequence at the end of the top line
of your error message was never \def'ed. If you have
misspelled it (e.g., `\hobx'), type `I' and the correct
spelling (e.g., `I\hbox'). Otherwise just continue,
and I'll forget about whatever was undefined.

./EYNTKA_Functional_Analysis.tex:1167: Undefined control sequence.
\enit@endenumerate ...\else \ifnum \enit@resuming 
                                                  =\@ne \enit@setresumekeys ...
l.1167 	\end{enumerate}
                       
The control sequence at the end of the top line
of your error message was never \def'ed. If you have
misspelled it (e.g., `\hobx'), type `I' and the correct
spelling (e.g., `I\hbox'). Otherwise just continue,
and I'll forget about whatever was undefined.

./EYNTKA_Functional_Analysis.tex:1167: Missing number, treated as zero.
<to be read again> 
                   =
l.1167 	\end{enumerate}
                       
A number should have been here; I inserted `0'.
(If you can't figure out why I needed to see a number,
look up `weird error' in the index to The TeXbook.)

./EYNTKA_Functional_Analysis.tex:1167: Undefined control sequence.
\enit@setresumekeys ...xpandafter {\enit@savekeys 
                                                  }\xdef \enit@afterlist {#2...
l.1167 	\end{enumerate}
                       
The control sequence at the end of the top line
of your error message was never \def'ed. If you have
misspelled it (e.g., `\hobx'), type `I' and the correct
spelling (e.g., `I\hbox'). Otherwise just continue,
and I'll forget about whatever was undefined.

./EYNTKA_Functional_Analysis.tex:1167: Undefined control sequence.
\enit@setresumekeys ...it@toks }\ifnum \enit@type 
                                                  =\z@ #3\def \enit@noexcs {...
l.1167 	\end{enumerate}
                       
The control sequence at the end of the top line
of your error message was never \def'ed. If you have
misspelled it (e.g., `\hobx'), type `I' and the correct
spelling (e.g., `I\hbox'). Otherwise just continue,
and I'll forget about whatever was undefined.

./EYNTKA_Functional_Analysis.tex:1167: Missing number, treated as zero.
<to be read again> 
                   =
l.1167 	\end{enumerate}
                       
A number should have been here; I inserted `0'.
(If you can't figure out why I needed to see a number,
look up `weird error' in the index to The TeXbook.)

./EYNTKA_Functional_Analysis.tex:1167: Undefined control sequence.
<argument> enit@resume@series@\enit@series 
                                           
l.1167 	\end{enumerate}
                       
The control sequence at the end of the top line
of your error message was never \def'ed. If you have
misspelled it (e.g., `\hobx'), type `I' and the correct
spelling (e.g., `I\hbox'). Otherwise just continue,
and I'll forget about whatever was undefined.

./EYNTKA_Functional_Analysis.tex:1167: Undefined control sequence.
\enit@endenumerate ...t \fi \ifnum \enit@resuming 
                                                  =\thr@@ \enit@setresumekey...
l.1167 	\end{enumerate}
                       
The control sequence at the end of the top line
of your error message was never \def'ed. If you have
misspelled it (e.g., `\hobx'), type `I' and the correct
spelling (e.g., `I\hbox'). Otherwise just continue,
and I'll forget about whatever was undefined.

./EYNTKA_Functional_Analysis.tex:1167: Missing number, treated as zero.
<to be read again> 
                   =
l.1167 	\end{enumerate}
                       
A number should have been here; I inserted `0'.
(If you can't figure out why I needed to see a number,
look up `weird error' in the index to The TeXbook.)

./EYNTKA_Functional_Analysis.tex:1167: Undefined control sequence.
\enit@setresumekeys ...xpandafter {\enit@savekeys 
                                                  }\xdef \enit@afterlist {#2...
l.1167 	\end{enumerate}
                       
The control sequence at the end of the top line
of your error message was never \def'ed. If you have
misspelled it (e.g., `\hobx'), type `I' and the correct
spelling (e.g., `I\hbox'). Otherwise just continue,
and I'll forget about whatever was undefined.

./EYNTKA_Functional_Analysis.tex:1167: Undefined control sequence.
\enit@setresumekeys ...it@toks }\ifnum \enit@type 
                                                  =\z@ #3\def \enit@noexcs {...
l.1167 	\end{enumerate}
                       
The control sequence at the end of the top line
of your error message was never \def'ed. If you have
misspelled it (e.g., `\hobx'), type `I' and the correct
spelling (e.g., `I\hbox'). Otherwise just continue,
and I'll forget about whatever was undefined.

./EYNTKA_Functional_Analysis.tex:1167: Missing number, treated as zero.
<to be read again> 
                   =
l.1167 	\end{enumerate}
                       
A number should have been here; I inserted `0'.
(If you can't figure out why I needed to see a number,
look up `weird error' in the index to The TeXbook.)

[13] [14] [15]
pdfTeX warning (ext4): destination with the same identifier (name{tcb@cnt@defn.2}) has been already used, duplicate ignored
<to be read again> 
                   \relax 
l.1188 ...^*$ Topologies}{weakAndWeak^*Topologies}
                                                  
./EYNTKA_Functional_Analysis.tex:1195: Undefined control sequence.
\enit@endenumerate ->\enit@after 
                                 \endlist \ifx \enit@series \relax \else \if...
l.1195 	\end{enumerate}
                       
The control sequence at the end of the top line
of your error message was never \def'ed. If you have
misspelled it (e.g., `\hobx'), type `I' and the correct
spelling (e.g., `I\hbox'). Otherwise just continue,
and I'll forget about whatever was undefined.

./EYNTKA_Functional_Analysis.tex:1195: Undefined control sequence.
\enit@endenumerate ...\else \ifnum \enit@resuming 
                                                  =\@ne \enit@setresumekeys ...
l.1195 	\end{enumerate}
                       
The control sequence at the end of the top line
of your error message was never \def'ed. If you have
misspelled it (e.g., `\hobx'), type `I' and the correct
spelling (e.g., `I\hbox'). Otherwise just continue,
and I'll forget about whatever was undefined.

./EYNTKA_Functional_Analysis.tex:1195: Missing number, treated as zero.
<to be read again> 
                   =
l.1195 	\end{enumerate}
                       
A number should have been here; I inserted `0'.
(If you can't figure out why I needed to see a number,
look up `weird error' in the index to The TeXbook.)

./EYNTKA_Functional_Analysis.tex:1195: Undefined control sequence.
\enit@setresumekeys ...xpandafter {\enit@savekeys 
                                                  }\xdef \enit@afterlist {#2...
l.1195 	\end{enumerate}
                       
The control sequence at the end of the top line
of your error message was never \def'ed. If you have
misspelled it (e.g., `\hobx'), type `I' and the correct
spelling (e.g., `I\hbox'). Otherwise just continue,
and I'll forget about whatever was undefined.

./EYNTKA_Functional_Analysis.tex:1195: Undefined control sequence.
\enit@setresumekeys ...it@toks }\ifnum \enit@type 
                                                  =\z@ #3\def \enit@noexcs {...
l.1195 	\end{enumerate}
                       
The control sequence at the end of the top line
of your error message was never \def'ed. If you have
misspelled it (e.g., `\hobx'), type `I' and the correct
spelling (e.g., `I\hbox'). Otherwise just continue,
and I'll forget about whatever was undefined.

./EYNTKA_Functional_Analysis.tex:1195: Missing number, treated as zero.
<to be read again> 
                   =
l.1195 	\end{enumerate}
                       
A number should have been here; I inserted `0'.
(If you can't figure out why I needed to see a number,
look up `weird error' in the index to The TeXbook.)

./EYNTKA_Functional_Analysis.tex:1195: Undefined control sequence.
<argument> enit@resume@series@\enit@series 
                                           
l.1195 	\end{enumerate}
                       
The control sequence at the end of the top line
of your error message was never \def'ed. If you have
misspelled it (e.g., `\hobx'), type `I' and the correct
spelling (e.g., `I\hbox'). Otherwise just continue,
and I'll forget about whatever was undefined.

./EYNTKA_Functional_Analysis.tex:1195: Undefined control sequence.
\enit@endenumerate ...t \fi \ifnum \enit@resuming 
                                                  =\thr@@ \enit@setresumekey...
l.1195 	\end{enumerate}
                       
The control sequence at the end of the top line
of your error message was never \def'ed. If you have
misspelled it (e.g., `\hobx'), type `I' and the correct
spelling (e.g., `I\hbox'). Otherwise just continue,
and I'll forget about whatever was undefined.

./EYNTKA_Functional_Analysis.tex:1195: Missing number, treated as zero.
<to be read again> 
                   =
l.1195 	\end{enumerate}
                       
A number should have been here; I inserted `0'.
(If you can't figure out why I needed to see a number,
look up `weird error' in the index to The TeXbook.)

./EYNTKA_Functional_Analysis.tex:1195: Undefined control sequence.
\enit@setresumekeys ...xpandafter {\enit@savekeys 
                                                  }\xdef \enit@afterlist {#2...
l.1195 	\end{enumerate}
                       
The control sequence at the end of the top line
of your error message was never \def'ed. If you have
misspelled it (e.g., `\hobx'), type `I' and the correct
spelling (e.g., `I\hbox'). Otherwise just continue,
and I'll forget about whatever was undefined.

./EYNTKA_Functional_Analysis.tex:1195: Undefined control sequence.
\enit@setresumekeys ...it@toks }\ifnum \enit@type 
                                                  =\z@ #3\def \enit@noexcs {...
l.1195 	\end{enumerate}
                       
The control sequence at the end of the top line
of your error message was never \def'ed. If you have
misspelled it (e.g., `\hobx'), type `I' and the correct
spelling (e.g., `I\hbox'). Otherwise just continue,
and I'll forget about whatever was undefined.

./EYNTKA_Functional_Analysis.tex:1195: Missing number, treated as zero.
<to be read again> 
                   =
l.1195 	\end{enumerate}
                       
A number should have been here; I inserted `0'.
(If you can't figure out why I needed to see a number,
look up `weird error' in the index to The TeXbook.)

[16]
pdfTeX warning (ext4): destination with the same identifier (name{tcb@cnt@defn.3}) has been already used, duplicate ignored
<to be read again> 
                   \relax 
l.1203 ...defn}{Weak Convergence}{weakConvergence}
                                                  
./EYNTKA_Functional_Analysis.tex:1230: Undefined control sequence.
\enit@endenumerate ->\enit@after 
                                 \endlist \ifx \enit@series \relax \else \if...
l.1230 	\end{enumerate}
                       
The control sequence at the end of the top line
of your error message was never \def'ed. If you have
misspelled it (e.g., `\hobx'), type `I' and the correct
spelling (e.g., `I\hbox'). Otherwise just continue,
and I'll forget about whatever was undefined.

./EYNTKA_Functional_Analysis.tex:1230: Undefined control sequence.
\enit@endenumerate ...\else \ifnum \enit@resuming 
                                                  =\@ne \enit@setresumekeys ...
l.1230 	\end{enumerate}
                       
The control sequence at the end of the top line
of your error message was never \def'ed. If you have
misspelled it (e.g., `\hobx'), type `I' and the correct
spelling (e.g., `I\hbox'). Otherwise just continue,
and I'll forget about whatever was undefined.

./EYNTKA_Functional_Analysis.tex:1230: Missing number, treated as zero.
<to be read again> 
                   =
l.1230 	\end{enumerate}
                       
A number should have been here; I inserted `0'.
(If you can't figure out why I needed to see a number,
look up `weird error' in the index to The TeXbook.)

./EYNTKA_Functional_Analysis.tex:1230: Undefined control sequence.
\enit@setresumekeys ...xpandafter {\enit@savekeys 
                                                  }\xdef \enit@afterlist {#2...
l.1230 	\end{enumerate}
                       
The control sequence at the end of the top line
of your error message was never \def'ed. If you have
misspelled it (e.g., `\hobx'), type `I' and the correct
spelling (e.g., `I\hbox'). Otherwise just continue,
and I'll forget about whatever was undefined.

./EYNTKA_Functional_Analysis.tex:1230: Undefined control sequence.
\enit@setresumekeys ...it@toks }\ifnum \enit@type 
                                                  =\z@ #3\def \enit@noexcs {...
l.1230 	\end{enumerate}
                       
The control sequence at the end of the top line
of your error message was never \def'ed. If you have
misspelled it (e.g., `\hobx'), type `I' and the correct
spelling (e.g., `I\hbox'). Otherwise just continue,
and I'll forget about whatever was undefined.

./EYNTKA_Functional_Analysis.tex:1230: Missing number, treated as zero.
<to be read again> 
                   =
l.1230 	\end{enumerate}
                       
A number should have been here; I inserted `0'.
(If you can't figure out why I needed to see a number,
look up `weird error' in the index to The TeXbook.)

./EYNTKA_Functional_Analysis.tex:1230: Undefined control sequence.
<argument> enit@resume@series@\enit@series 
                                           
l.1230 	\end{enumerate}
                       
The control sequence at the end of the top line
of your error message was never \def'ed. If you have
misspelled it (e.g., `\hobx'), type `I' and the correct
spelling (e.g., `I\hbox'). Otherwise just continue,
and I'll forget about whatever was undefined.

./EYNTKA_Functional_Analysis.tex:1230: Undefined control sequence.
\enit@endenumerate ...t \fi \ifnum \enit@resuming 
                                                  =\thr@@ \enit@setresumekey...
l.1230 	\end{enumerate}
                       
The control sequence at the end of the top line
of your error message was never \def'ed. If you have
misspelled it (e.g., `\hobx'), type `I' and the correct
spelling (e.g., `I\hbox'). Otherwise just continue,
and I'll forget about whatever was undefined.

./EYNTKA_Functional_Analysis.tex:1230: Missing number, treated as zero.
<to be read again> 
                   =
l.1230 	\end{enumerate}
                       
A number should have been here; I inserted `0'.
(If you can't figure out why I needed to see a number,
look up `weird error' in the index to The TeXbook.)

./EYNTKA_Functional_Analysis.tex:1230: Undefined control sequence.
\enit@setresumekeys ...xpandafter {\enit@savekeys 
                                                  }\xdef \enit@afterlist {#2...
l.1230 	\end{enumerate}
                       
The control sequence at the end of the top line
of your error message was never \def'ed. If you have
misspelled it (e.g., `\hobx'), type `I' and the correct
spelling (e.g., `I\hbox'). Otherwise just continue,
and I'll forget about whatever was undefined.

./EYNTKA_Functional_Analysis.tex:1230: Undefined control sequence.
\enit@setresumekeys ...it@toks }\ifnum \enit@type 
                                                  =\z@ #3\def \enit@noexcs {...
l.1230 	\end{enumerate}
                       
The control sequence at the end of the top line
of your error message was never \def'ed. If you have
misspelled it (e.g., `\hobx'), type `I' and the correct
spelling (e.g., `I\hbox'). Otherwise just continue,
and I'll forget about whatever was undefined.

./EYNTKA_Functional_Analysis.tex:1230: Missing number, treated as zero.
<to be read again> 
                   =
l.1230 	\end{enumerate}
                       
A number should have been here; I inserted `0'.
(If you can't figure out why I needed to see a number,
look up `weird error' in the index to The TeXbook.)

./EYNTKA_Functional_Analysis.tex:1242: Undefined control sequence.
\enit@endenumerate ->\enit@after 
                                 \endlist \ifx \enit@series \relax \else \if...
l.1242 	\end{enumerate}
                       
The control sequence at the end of the top line
of your error message was never \def'ed. If you have
misspelled it (e.g., `\hobx'), type `I' and the correct
spelling (e.g., `I\hbox'). Otherwise just continue,
and I'll forget about whatever was undefined.

./EYNTKA_Functional_Analysis.tex:1242: Undefined control sequence.
\enit@endenumerate ...\else \ifnum \enit@resuming 
                                                  =\@ne \enit@setresumekeys ...
l.1242 	\end{enumerate}
                       
The control sequence at the end of the top line
of your error message was never \def'ed. If you have
misspelled it (e.g., `\hobx'), type `I' and the correct
spelling (e.g., `I\hbox'). Otherwise just continue,
and I'll forget about whatever was undefined.

./EYNTKA_Functional_Analysis.tex:1242: Missing number, treated as zero.
<to be read again> 
                   =
l.1242 	\end{enumerate}
                       
A number should have been here; I inserted `0'.
(If you can't figure out why I needed to see a number,
look up `weird error' in the index to The TeXbook.)

./EYNTKA_Functional_Analysis.tex:1242: Undefined control sequence.
\enit@setresumekeys ...xpandafter {\enit@savekeys 
                                                  }\xdef \enit@afterlist {#2...
l.1242 	\end{enumerate}
                       
The control sequence at the end of the top line
of your error message was never \def'ed. If you have
misspelled it (e.g., `\hobx'), type `I' and the correct
spelling (e.g., `I\hbox'). Otherwise just continue,
and I'll forget about whatever was undefined.

./EYNTKA_Functional_Analysis.tex:1242: Undefined control sequence.
\enit@setresumekeys ...it@toks }\ifnum \enit@type 
                                                  =\z@ #3\def \enit@noexcs {...
l.1242 	\end{enumerate}
                       
The control sequence at the end of the top line
of your error message was never \def'ed. If you have
misspelled it (e.g., `\hobx'), type `I' and the correct
spelling (e.g., `I\hbox'). Otherwise just continue,
and I'll forget about whatever was undefined.

./EYNTKA_Functional_Analysis.tex:1242: Missing number, treated as zero.
<to be read again> 
                   =
l.1242 	\end{enumerate}
                       
A number should have been here; I inserted `0'.
(If you can't figure out why I needed to see a number,
look up `weird error' in the index to The TeXbook.)

./EYNTKA_Functional_Analysis.tex:1242: Undefined control sequence.
<argument> enit@resume@series@\enit@series 
                                           
l.1242 	\end{enumerate}
                       
The control sequence at the end of the top line
of your error message was never \def'ed. If you have
misspelled it (e.g., `\hobx'), type `I' and the correct
spelling (e.g., `I\hbox'). Otherwise just continue,
and I'll forget about whatever was undefined.

./EYNTKA_Functional_Analysis.tex:1242: Undefined control sequence.
\enit@endenumerate ...t \fi \ifnum \enit@resuming 
                                                  =\thr@@ \enit@setresumekey...
l.1242 	\end{enumerate}
                       
The control sequence at the end of the top line
of your error message was never \def'ed. If you have
misspelled it (e.g., `\hobx'), type `I' and the correct
spelling (e.g., `I\hbox'). Otherwise just continue,
and I'll forget about whatever was undefined.

./EYNTKA_Functional_Analysis.tex:1242: Missing number, treated as zero.
<to be read again> 
                   =
l.1242 	\end{enumerate}
                       
A number should have been here; I inserted `0'.
(If you can't figure out why I needed to see a number,
look up `weird error' in the index to The TeXbook.)

./EYNTKA_Functional_Analysis.tex:1242: Undefined control sequence.
\enit@setresumekeys ...xpandafter {\enit@savekeys 
                                                  }\xdef \enit@afterlist {#2...
l.1242 	\end{enumerate}
                       
The control sequence at the end of the top line
of your error message was never \def'ed. If you have
misspelled it (e.g., `\hobx'), type `I' and the correct
spelling (e.g., `I\hbox'). Otherwise just continue,
and I'll forget about whatever was undefined.

./EYNTKA_Functional_Analysis.tex:1242: Undefined control sequence.
\enit@setresumekeys ...it@toks }\ifnum \enit@type 
                                                  =\z@ #3\def \enit@noexcs {...
l.1242 	\end{enumerate}
                       
The control sequence at the end of the top line
of your error message was never \def'ed. If you have
misspelled it (e.g., `\hobx'), type `I' and the correct
spelling (e.g., `I\hbox'). Otherwise just continue,
and I'll forget about whatever was undefined.

./EYNTKA_Functional_Analysis.tex:1242: Missing number, treated as zero.
<to be read again> 
                   =
l.1242 	\end{enumerate}
                       
A number should have been here; I inserted `0'.
(If you can't figure out why I needed to see a number,
look up `weird error' in the index to The TeXbook.)

[17]
./EYNTKA_Functional_Analysis.tex:1262: Undefined control sequence.
\enit@endenumerate ->\enit@after 
                                 \endlist \ifx \enit@series \relax \else \if...
l.1262 	\end{enumerate}
                       
The control sequence at the end of the top line
of your error message was never \def'ed. If you have
misspelled it (e.g., `\hobx'), type `I' and the correct
spelling (e.g., `I\hbox'). Otherwise just continue,
and I'll forget about whatever was undefined.

./EYNTKA_Functional_Analysis.tex:1262: Undefined control sequence.
\enit@endenumerate ...\else \ifnum \enit@resuming 
                                                  =\@ne \enit@setresumekeys ...
l.1262 	\end{enumerate}
                       
The control sequence at the end of the top line
of your error message was never \def'ed. If you have
misspelled it (e.g., `\hobx'), type `I' and the correct
spelling (e.g., `I\hbox'). Otherwise just continue,
and I'll forget about whatever was undefined.

./EYNTKA_Functional_Analysis.tex:1262: Missing number, treated as zero.
<to be read again> 
                   =
l.1262 	\end{enumerate}
                       
A number should have been here; I inserted `0'.
(If you can't figure out why I needed to see a number,
look up `weird error' in the index to The TeXbook.)

./EYNTKA_Functional_Analysis.tex:1262: Undefined control sequence.
\enit@setresumekeys ...xpandafter {\enit@savekeys 
                                                  }\xdef \enit@afterlist {#2...
l.1262 	\end{enumerate}
                       
The control sequence at the end of the top line
of your error message was never \def'ed. If you have
misspelled it (e.g., `\hobx'), type `I' and the correct
spelling (e.g., `I\hbox'). Otherwise just continue,
and I'll forget about whatever was undefined.

./EYNTKA_Functional_Analysis.tex:1262: Undefined control sequence.
\enit@setresumekeys ...it@toks }\ifnum \enit@type 
                                                  =\z@ #3\def \enit@noexcs {...
l.1262 	\end{enumerate}
                       
The control sequence at the end of the top line
of your error message was never \def'ed. If you have
misspelled it (e.g., `\hobx'), type `I' and the correct
spelling (e.g., `I\hbox'). Otherwise just continue,
and I'll forget about whatever was undefined.

./EYNTKA_Functional_Analysis.tex:1262: Missing number, treated as zero.
<to be read again> 
                   =
l.1262 	\end{enumerate}
                       
A number should have been here; I inserted `0'.
(If you can't figure out why I needed to see a number,
look up `weird error' in the index to The TeXbook.)

./EYNTKA_Functional_Analysis.tex:1262: Undefined control sequence.
<argument> enit@resume@series@\enit@series 
                                           
l.1262 	\end{enumerate}
                       
The control sequence at the end of the top line
of your error message was never \def'ed. If you have
misspelled it (e.g., `\hobx'), type `I' and the correct
spelling (e.g., `I\hbox'). Otherwise just continue,
and I'll forget about whatever was undefined.

./EYNTKA_Functional_Analysis.tex:1262: Undefined control sequence.
\enit@endenumerate ...t \fi \ifnum \enit@resuming 
                                                  =\thr@@ \enit@setresumekey...
l.1262 	\end{enumerate}
                       
The control sequence at the end of the top line
of your error message was never \def'ed. If you have
misspelled it (e.g., `\hobx'), type `I' and the correct
spelling (e.g., `I\hbox'). Otherwise just continue,
and I'll forget about whatever was undefined.

./EYNTKA_Functional_Analysis.tex:1262: Missing number, treated as zero.
<to be read again> 
                   =
l.1262 	\end{enumerate}
                       
A number should have been here; I inserted `0'.
(If you can't figure out why I needed to see a number,
look up `weird error' in the index to The TeXbook.)

./EYNTKA_Functional_Analysis.tex:1262: Undefined control sequence.
\enit@setresumekeys ...xpandafter {\enit@savekeys 
                                                  }\xdef \enit@afterlist {#2...
l.1262 	\end{enumerate}
                       
The control sequence at the end of the top line
of your error message was never \def'ed. If you have
misspelled it (e.g., `\hobx'), type `I' and the correct
spelling (e.g., `I\hbox'). Otherwise just continue,
and I'll forget about whatever was undefined.

./EYNTKA_Functional_Analysis.tex:1262: Undefined control sequence.
\enit@setresumekeys ...it@toks }\ifnum \enit@type 
                                                  =\z@ #3\def \enit@noexcs {...
l.1262 	\end{enumerate}
                       
The control sequence at the end of the top line
of your error message was never \def'ed. If you have
misspelled it (e.g., `\hobx'), type `I' and the correct
spelling (e.g., `I\hbox'). Otherwise just continue,
and I'll forget about whatever was undefined.

./EYNTKA_Functional_Analysis.tex:1262: Missing number, treated as zero.
<to be read again> 
                   =
l.1262 	\end{enumerate}
                       
A number should have been here; I inserted `0'.
(If you can't figure out why I needed to see a number,
look up `weird error' in the index to The TeXbook.)


pdfTeX warning (ext4): destination with the same identifier (name{tcb@cnt@thm.1}) has been already used, duplicate ignored
<to be read again> 
                   \relax 
l.1268 \begin{thm}{Alaoglu's Theorem}{alaogluThm}
                                                  [18]
Chapter 2.

pdfTeX warning (ext4): destination with the same identifier (name{tcb@cnt@defn.1}) has been already used, duplicate ignored
<to be read again> 
                   \relax 
l.1292 ...n}{Semi-Norm And Norm}{semi-NormAndNorm}
                                                  
./EYNTKA_Functional_Analysis.tex:1298: Undefined control sequence.
\enit@endenumerate ->\enit@after 
                                 \endlist \ifx \enit@series \relax \else \if...
l.1298 	\end{enumerate}
                       
The control sequence at the end of the top line
of your error message was never \def'ed. If you have
misspelled it (e.g., `\hobx'), type `I' and the correct
spelling (e.g., `I\hbox'). Otherwise just continue,
and I'll forget about whatever was undefined.

./EYNTKA_Functional_Analysis.tex:1298: Undefined control sequence.
\enit@endenumerate ...\else \ifnum \enit@resuming 
                                                  =\@ne \enit@setresumekeys ...
l.1298 	\end{enumerate}
                       
The control sequence at the end of the top line
of your error message was never \def'ed. If you have
misspelled it (e.g., `\hobx'), type `I' and the correct
spelling (e.g., `I\hbox'). Otherwise just continue,
and I'll forget about whatever was undefined.

./EYNTKA_Functional_Analysis.tex:1298: Missing number, treated as zero.
<to be read again> 
                   =
l.1298 	\end{enumerate}
                       
A number should have been here; I inserted `0'.
(If you can't figure out why I needed to see a number,
look up `weird error' in the index to The TeXbook.)

./EYNTKA_Functional_Analysis.tex:1298: Undefined control sequence.
\enit@setresumekeys ...xpandafter {\enit@savekeys 
                                                  }\xdef \enit@afterlist {#2...
l.1298 	\end{enumerate}
                       
The control sequence at the end of the top line
of your error message was never \def'ed. If you have
misspelled it (e.g., `\hobx'), type `I' and the correct
spelling (e.g., `I\hbox'). Otherwise just continue,
and I'll forget about whatever was undefined.

./EYNTKA_Functional_Analysis.tex:1298: Undefined control sequence.
\enit@setresumekeys ...it@toks }\ifnum \enit@type 
                                                  =\z@ #3\def \enit@noexcs {...
l.1298 	\end{enumerate}
                       
The control sequence at the end of the top line
of your error message was never \def'ed. If you have
misspelled it (e.g., `\hobx'), type `I' and the correct
spelling (e.g., `I\hbox'). Otherwise just continue,
and I'll forget about whatever was undefined.

./EYNTKA_Functional_Analysis.tex:1298: Missing number, treated as zero.
<to be read again> 
                   =
l.1298 	\end{enumerate}
                       
A number should have been here; I inserted `0'.
(If you can't figure out why I needed to see a number,
look up `weird error' in the index to The TeXbook.)

./EYNTKA_Functional_Analysis.tex:1298: Undefined control sequence.
<argument> enit@resume@series@\enit@series 
                                           
l.1298 	\end{enumerate}
                       
The control sequence at the end of the top line
of your error message was never \def'ed. If you have
misspelled it (e.g., `\hobx'), type `I' and the correct
spelling (e.g., `I\hbox'). Otherwise just continue,
and I'll forget about whatever was undefined.

./EYNTKA_Functional_Analysis.tex:1298: Undefined control sequence.
\enit@endenumerate ...t \fi \ifnum \enit@resuming 
                                                  =\thr@@ \enit@setresumekey...
l.1298 	\end{enumerate}
                       
The control sequence at the end of the top line
of your error message was never \def'ed. If you have
misspelled it (e.g., `\hobx'), type `I' and the correct
spelling (e.g., `I\hbox'). Otherwise just continue,
and I'll forget about whatever was undefined.

./EYNTKA_Functional_Analysis.tex:1298: Missing number, treated as zero.
<to be read again> 
                   =
l.1298 	\end{enumerate}
                       
A number should have been here; I inserted `0'.
(If you can't figure out why I needed to see a number,
look up `weird error' in the index to The TeXbook.)

./EYNTKA_Functional_Analysis.tex:1298: Undefined control sequence.
\enit@setresumekeys ...xpandafter {\enit@savekeys 
                                                  }\xdef \enit@afterlist {#2...
l.1298 	\end{enumerate}
                       
The control sequence at the end of the top line
of your error message was never \def'ed. If you have
misspelled it (e.g., `\hobx'), type `I' and the correct
spelling (e.g., `I\hbox'). Otherwise just continue,
and I'll forget about whatever was undefined.

./EYNTKA_Functional_Analysis.tex:1298: Undefined control sequence.
\enit@setresumekeys ...it@toks }\ifnum \enit@type 
                                                  =\z@ #3\def \enit@noexcs {...
l.1298 	\end{enumerate}
                       
The control sequence at the end of the top line
of your error message was never \def'ed. If you have
misspelled it (e.g., `\hobx'), type `I' and the correct
spelling (e.g., `I\hbox'). Otherwise just continue,
and I'll forget about whatever was undefined.

./EYNTKA_Functional_Analysis.tex:1298: Missing number, treated as zero.
<to be read again> 
                   =
l.1298 	\end{enumerate}
                       
A number should have been here; I inserted `0'.
(If you can't figure out why I needed to see a number,
look up `weird error' in the index to The TeXbook.)

./EYNTKA_Functional_Analysis.tex:1302: Undefined control sequence.
\enit@endenumerate ->\enit@after 
                                 \endlist \ifx \enit@series \relax \else \if...
l.1302 	\end{enumerate}
                       
The control sequence at the end of the top line
of your error message was never \def'ed. If you have
misspelled it (e.g., `\hobx'), type `I' and the correct
spelling (e.g., `I\hbox'). Otherwise just continue,
and I'll forget about whatever was undefined.

./EYNTKA_Functional_Analysis.tex:1302: Undefined control sequence.
\enit@endenumerate ...\else \ifnum \enit@resuming 
                                                  =\@ne \enit@setresumekeys ...
l.1302 	\end{enumerate}
                       
The control sequence at the end of the top line
of your error message was never \def'ed. If you have
misspelled it (e.g., `\hobx'), type `I' and the correct
spelling (e.g., `I\hbox'). Otherwise just continue,
and I'll forget about whatever was undefined.

./EYNTKA_Functional_Analysis.tex:1302: Missing number, treated as zero.
<to be read again> 
                   =
l.1302 	\end{enumerate}
                       
A number should have been here; I inserted `0'.
(If you can't figure out why I needed to see a number,
look up `weird error' in the index to The TeXbook.)

./EYNTKA_Functional_Analysis.tex:1302: Undefined control sequence.
\enit@setresumekeys ...xpandafter {\enit@savekeys 
                                                  }\xdef \enit@afterlist {#2...
l.1302 	\end{enumerate}
                       
The control sequence at the end of the top line
of your error message was never \def'ed. If you have
misspelled it (e.g., `\hobx'), type `I' and the correct
spelling (e.g., `I\hbox'). Otherwise just continue,
and I'll forget about whatever was undefined.

./EYNTKA_Functional_Analysis.tex:1302: Undefined control sequence.
\enit@setresumekeys ...it@toks }\ifnum \enit@type 
                                                  =\z@ #3\def \enit@noexcs {...
l.1302 	\end{enumerate}
                       
The control sequence at the end of the top line
of your error message was never \def'ed. If you have
misspelled it (e.g., `\hobx'), type `I' and the correct
spelling (e.g., `I\hbox'). Otherwise just continue,
and I'll forget about whatever was undefined.

./EYNTKA_Functional_Analysis.tex:1302: Missing number, treated as zero.
<to be read again> 
                   =
l.1302 	\end{enumerate}
                       
A number should have been here; I inserted `0'.
(If you can't figure out why I needed to see a number,
look up `weird error' in the index to The TeXbook.)

./EYNTKA_Functional_Analysis.tex:1302: Undefined control sequence.
<argument> enit@resume@series@\enit@series 
                                           
l.1302 	\end{enumerate}
                       
The control sequence at the end of the top line
of your error message was never \def'ed. If you have
misspelled it (e.g., `\hobx'), type `I' and the correct
spelling (e.g., `I\hbox'). Otherwise just continue,
and I'll forget about whatever was undefined.

./EYNTKA_Functional_Analysis.tex:1302: Undefined control sequence.
\enit@endenumerate ...t \fi \ifnum \enit@resuming 
                                                  =\thr@@ \enit@setresumekey...
l.1302 	\end{enumerate}
                       
The control sequence at the end of the top line
of your error message was never \def'ed. If you have
misspelled it (e.g., `\hobx'), type `I' and the correct
spelling (e.g., `I\hbox'). Otherwise just continue,
and I'll forget about whatever was undefined.

./EYNTKA_Functional_Analysis.tex:1302: Missing number, treated as zero.
<to be read again> 
                   =
l.1302 	\end{enumerate}
                       
A number should have been here; I inserted `0'.
(If you can't figure out why I needed to see a number,
look up `weird error' in the index to The TeXbook.)

./EYNTKA_Functional_Analysis.tex:1302: Undefined control sequence.
\enit@setresumekeys ...xpandafter {\enit@savekeys 
                                                  }\xdef \enit@afterlist {#2...
l.1302 	\end{enumerate}
                       
The control sequence at the end of the top line
of your error message was never \def'ed. If you have
misspelled it (e.g., `\hobx'), type `I' and the correct
spelling (e.g., `I\hbox'). Otherwise just continue,
and I'll forget about whatever was undefined.

./EYNTKA_Functional_Analysis.tex:1302: Undefined control sequence.
\enit@setresumekeys ...it@toks }\ifnum \enit@type 
                                                  =\z@ #3\def \enit@noexcs {...
l.1302 	\end{enumerate}
                       
The control sequence at the end of the top line
of your error message was never \def'ed. If you have
misspelled it (e.g., `\hobx'), type `I' and the correct
spelling (e.g., `I\hbox'). Otherwise just continue,
and I'll forget about whatever was undefined.

./EYNTKA_Functional_Analysis.tex:1302: Missing number, treated as zero.
<to be read again> 
                   =
l.1302 	\end{enumerate}
                       
A number should have been here; I inserted `0'.
(If you can't figure out why I needed to see a number,
look up `weird error' in the index to The TeXbook.)


pdfTeX warning (ext4): destination with the same identifier (name{tcb@cnt@defn.2}) has been already used, duplicate ignored
<to be read again> 
                   \relax 
l.1307 ...{defn}{Normed Vector-Space}{normedVecSp}
                                                   [19

]
pdfTeX warning (ext4): destination with the same identifier (name{tcb@cnt@defn.3}) has been already used, duplicate ignored
<to be read again> 
                   \relax 
l.1348 \begin{defn}{Banach Space}{banachSp}
                                           
pdfTeX warning (ext4): destination with the same identifier (name{tcb@cnt@example.1}) has been already used, duplicate ignored
<to be read again> 
                   \relax 
l.1353 \begin{example}{Banach Spaces}{banachSpsEx}
                                                  
./EYNTKA_Functional_Analysis.tex:1372: Undefined control sequence.
\enit@endenumerate ->\enit@after 
                                 \endlist \ifx \enit@series \relax \else \if...
l.1372 	\end{enumerate}
                       
The control sequence at the end of the top line
of your error message was never \def'ed. If you have
misspelled it (e.g., `\hobx'), type `I' and the correct
spelling (e.g., `I\hbox'). Otherwise just continue,
and I'll forget about whatever was undefined.

./EYNTKA_Functional_Analysis.tex:1372: Undefined control sequence.
\enit@endenumerate ...\else \ifnum \enit@resuming 
                                                  =\@ne \enit@setresumekeys ...
l.1372 	\end{enumerate}
                       
The control sequence at the end of the top line
of your error message was never \def'ed. If you have
misspelled it (e.g., `\hobx'), type `I' and the correct
spelling (e.g., `I\hbox'). Otherwise just continue,
and I'll forget about whatever was undefined.

./EYNTKA_Functional_Analysis.tex:1372: Missing number, treated as zero.
<to be read again> 
                   =
l.1372 	\end{enumerate}
                       
A number should have been here; I inserted `0'.
(If you can't figure out why I needed to see a number,
look up `weird error' in the index to The TeXbook.)

./EYNTKA_Functional_Analysis.tex:1372: Undefined control sequence.
\enit@setresumekeys ...xpandafter {\enit@savekeys 
                                                  }\xdef \enit@afterlist {#2...
l.1372 	\end{enumerate}
                       
The control sequence at the end of the top line
of your error message was never \def'ed. If you have
misspelled it (e.g., `\hobx'), type `I' and the correct
spelling (e.g., `I\hbox'). Otherwise just continue,
and I'll forget about whatever was undefined.

./EYNTKA_Functional_Analysis.tex:1372: Undefined control sequence.
\enit@setresumekeys ...it@toks }\ifnum \enit@type 
                                                  =\z@ #3\def \enit@noexcs {...
l.1372 	\end{enumerate}
                       
The control sequence at the end of the top line
of your error message was never \def'ed. If you have
misspelled it (e.g., `\hobx'), type `I' and the correct
spelling (e.g., `I\hbox'). Otherwise just continue,
and I'll forget about whatever was undefined.

./EYNTKA_Functional_Analysis.tex:1372: Missing number, treated as zero.
<to be read again> 
                   =
l.1372 	\end{enumerate}
                       
A number should have been here; I inserted `0'.
(If you can't figure out why I needed to see a number,
look up `weird error' in the index to The TeXbook.)

./EYNTKA_Functional_Analysis.tex:1372: Undefined control sequence.
<argument> enit@resume@series@\enit@series 
                                           
l.1372 	\end{enumerate}
                       
The control sequence at the end of the top line
of your error message was never \def'ed. If you have
misspelled it (e.g., `\hobx'), type `I' and the correct
spelling (e.g., `I\hbox'). Otherwise just continue,
and I'll forget about whatever was undefined.

./EYNTKA_Functional_Analysis.tex:1372: Undefined control sequence.
\enit@endenumerate ...t \fi \ifnum \enit@resuming 
                                                  =\thr@@ \enit@setresumekey...
l.1372 	\end{enumerate}
                       
The control sequence at the end of the top line
of your error message was never \def'ed. If you have
misspelled it (e.g., `\hobx'), type `I' and the correct
spelling (e.g., `I\hbox'). Otherwise just continue,
and I'll forget about whatever was undefined.

./EYNTKA_Functional_Analysis.tex:1372: Missing number, treated as zero.
<to be read again> 
                   =
l.1372 	\end{enumerate}
                       
A number should have been here; I inserted `0'.
(If you can't figure out why I needed to see a number,
look up `weird error' in the index to The TeXbook.)

./EYNTKA_Functional_Analysis.tex:1372: Undefined control sequence.
\enit@setresumekeys ...xpandafter {\enit@savekeys 
                                                  }\xdef \enit@afterlist {#2...
l.1372 	\end{enumerate}
                       
The control sequence at the end of the top line
of your error message was never \def'ed. If you have
misspelled it (e.g., `\hobx'), type `I' and the correct
spelling (e.g., `I\hbox'). Otherwise just continue,
and I'll forget about whatever was undefined.

./EYNTKA_Functional_Analysis.tex:1372: Undefined control sequence.
\enit@setresumekeys ...it@toks }\ifnum \enit@type 
                                                  =\z@ #3\def \enit@noexcs {...
l.1372 	\end{enumerate}
                       
The control sequence at the end of the top line
of your error message was never \def'ed. If you have
misspelled it (e.g., `\hobx'), type `I' and the correct
spelling (e.g., `I\hbox'). Otherwise just continue,
and I'll forget about whatever was undefined.

./EYNTKA_Functional_Analysis.tex:1372: Missing number, treated as zero.
<to be read again> 
                   =
l.1372 	\end{enumerate}
                       
A number should have been here; I inserted `0'.
(If you can't figure out why I needed to see a number,
look up `weird error' in the index to The TeXbook.)

./EYNTKA_Functional_Analysis.tex:1383: Undefined control sequence.
\enit@endenumerate ->\enit@after 
                                 \endlist \ifx \enit@series \relax \else \if...
l.1383 	\end{enumerate}
                       
The control sequence at the end of the top line
of your error message was never \def'ed. If you have
misspelled it (e.g., `\hobx'), type `I' and the correct
spelling (e.g., `I\hbox'). Otherwise just continue,
and I'll forget about whatever was undefined.

./EYNTKA_Functional_Analysis.tex:1383: Undefined control sequence.
\enit@endenumerate ...\else \ifnum \enit@resuming 
                                                  =\@ne \enit@setresumekeys ...
l.1383 	\end{enumerate}
                       
The control sequence at the end of the top line
of your error message was never \def'ed. If you have
misspelled it (e.g., `\hobx'), type `I' and the correct
spelling (e.g., `I\hbox'). Otherwise just continue,
and I'll forget about whatever was undefined.

./EYNTKA_Functional_Analysis.tex:1383: Missing number, treated as zero.
<to be read again> 
                   =
l.1383 	\end{enumerate}
                       
A number should have been here; I inserted `0'.
(If you can't figure out why I needed to see a number,
look up `weird error' in the index to The TeXbook.)

./EYNTKA_Functional_Analysis.tex:1383: Undefined control sequence.
\enit@setresumekeys ...xpandafter {\enit@savekeys 
                                                  }\xdef \enit@afterlist {#2...
l.1383 	\end{enumerate}
                       
The control sequence at the end of the top line
of your error message was never \def'ed. If you have
misspelled it (e.g., `\hobx'), type `I' and the correct
spelling (e.g., `I\hbox'). Otherwise just continue,
and I'll forget about whatever was undefined.

./EYNTKA_Functional_Analysis.tex:1383: Undefined control sequence.
\enit@setresumekeys ...it@toks }\ifnum \enit@type 
                                                  =\z@ #3\def \enit@noexcs {...
l.1383 	\end{enumerate}
                       
The control sequence at the end of the top line
of your error message was never \def'ed. If you have
misspelled it (e.g., `\hobx'), type `I' and the correct
spelling (e.g., `I\hbox'). Otherwise just continue,
and I'll forget about whatever was undefined.

./EYNTKA_Functional_Analysis.tex:1383: Missing number, treated as zero.
<to be read again> 
                   =
l.1383 	\end{enumerate}
                       
A number should have been here; I inserted `0'.
(If you can't figure out why I needed to see a number,
look up `weird error' in the index to The TeXbook.)

./EYNTKA_Functional_Analysis.tex:1383: Undefined control sequence.
<argument> enit@resume@series@\enit@series 
                                           
l.1383 	\end{enumerate}
                       
The control sequence at the end of the top line
of your error message was never \def'ed. If you have
misspelled it (e.g., `\hobx'), type `I' and the correct
spelling (e.g., `I\hbox'). Otherwise just continue,
and I'll forget about whatever was undefined.

./EYNTKA_Functional_Analysis.tex:1383: Undefined control sequence.
\enit@endenumerate ...t \fi \ifnum \enit@resuming 
                                                  =\thr@@ \enit@setresumekey...
l.1383 	\end{enumerate}
                       
The control sequence at the end of the top line
of your error message was never \def'ed. If you have
misspelled it (e.g., `\hobx'), type `I' and the correct
spelling (e.g., `I\hbox'). Otherwise just continue,
and I'll forget about whatever was undefined.

./EYNTKA_Functional_Analysis.tex:1383: Missing number, treated as zero.
<to be read again> 
                   =
l.1383 	\end{enumerate}
                       
A number should have been here; I inserted `0'.
(If you can't figure out why I needed to see a number,
look up `weird error' in the index to The TeXbook.)

./EYNTKA_Functional_Analysis.tex:1383: Undefined control sequence.
\enit@setresumekeys ...xpandafter {\enit@savekeys 
                                                  }\xdef \enit@afterlist {#2...
l.1383 	\end{enumerate}
                       
The control sequence at the end of the top line
of your error message was never \def'ed. If you have
misspelled it (e.g., `\hobx'), type `I' and the correct
spelling (e.g., `I\hbox'). Otherwise just continue,
and I'll forget about whatever was undefined.

./EYNTKA_Functional_Analysis.tex:1383: Undefined control sequence.
\enit@setresumekeys ...it@toks }\ifnum \enit@type 
                                                  =\z@ #3\def \enit@noexcs {...
l.1383 	\end{enumerate}
                       
The control sequence at the end of the top line
of your error message was never \def'ed. If you have
misspelled it (e.g., `\hobx'), type `I' and the correct
spelling (e.g., `I\hbox'). Otherwise just continue,
and I'll forget about whatever was undefined.

./EYNTKA_Functional_Analysis.tex:1383: Missing number, treated as zero.
<to be read again> 
                   =
l.1383 	\end{enumerate}
                       
A number should have been here; I inserted `0'.
(If you can't figure out why I needed to see a number,
look up `weird error' in the index to The TeXbook.)


LaTeX Warning: Reference `sec:tvs' on page 20 undefined on input line 1385.

[20]
pdfTeX warning (ext4): destination with the same identifier (name{tcb@cnt@defn.4}) has been already used, duplicate ignored
<to be read again> 
                   \relax 
l.1392 ...n}{Absolutely Convergent}{absConvergent}
                                                  
pdfTeX warning (ext4): destination with the same identifier (name{tcb@cnt@lem.1}) has been already used, duplicate ignored
<to be read again> 
                   \relax 
l.1400 ...d Absolute Convergence}{cauchAndAbsConv}
                                                   [21]
pdfTeX warning (ext4): destination with the same identifier (name{tcb@cnt@prop.1}) has been already used, duplicate ignored
<to be read again> 
                   \relax 
l.1451 ...nded $\LRw$ Continuous}{boundedThenCont}
                                                  
./EYNTKA_Functional_Analysis.tex:1457: Undefined control sequence.
\enit@endenumerate ->\enit@after 
                                 \endlist \ifx \enit@series \relax \else \if...
l.1457 	\end{enumerate}
                       
The control sequence at the end of the top line
of your error message was never \def'ed. If you have
misspelled it (e.g., `\hobx'), type `I' and the correct
spelling (e.g., `I\hbox'). Otherwise just continue,
and I'll forget about whatever was undefined.

./EYNTKA_Functional_Analysis.tex:1457: Undefined control sequence.
\enit@endenumerate ...\else \ifnum \enit@resuming 
                                                  =\@ne \enit@setresumekeys ...
l.1457 	\end{enumerate}
                       
The control sequence at the end of the top line
of your error message was never \def'ed. If you have
misspelled it (e.g., `\hobx'), type `I' and the correct
spelling (e.g., `I\hbox'). Otherwise just continue,
and I'll forget about whatever was undefined.

./EYNTKA_Functional_Analysis.tex:1457: Missing number, treated as zero.
<to be read again> 
                   =
l.1457 	\end{enumerate}
                       
A number should have been here; I inserted `0'.
(If you can't figure out why I needed to see a number,
look up `weird error' in the index to The TeXbook.)

./EYNTKA_Functional_Analysis.tex:1457: Undefined control sequence.
\enit@setresumekeys ...xpandafter {\enit@savekeys 
                                                  }\xdef \enit@afterlist {#2...
l.1457 	\end{enumerate}
                       
The control sequence at the end of the top line
of your error message was never \def'ed. If you have
misspelled it (e.g., `\hobx'), type `I' and the correct
spelling (e.g., `I\hbox'). Otherwise just continue,
and I'll forget about whatever was undefined.

./EYNTKA_Functional_Analysis.tex:1457: Undefined control sequence.
\enit@setresumekeys ...it@toks }\ifnum \enit@type 
                                                  =\z@ #3\def \enit@noexcs {...
l.1457 	\end{enumerate}
                       
The control sequence at the end of the top line
of your error message was never \def'ed. If you have
misspelled it (e.g., `\hobx'), type `I' and the correct
spelling (e.g., `I\hbox'). Otherwise just continue,
and I'll forget about whatever was undefined.

./EYNTKA_Functional_Analysis.tex:1457: Missing number, treated as zero.
<to be read again> 
                   =
l.1457 	\end{enumerate}
                       
A number should have been here; I inserted `0'.
(If you can't figure out why I needed to see a number,
look up `weird error' in the index to The TeXbook.)

./EYNTKA_Functional_Analysis.tex:1457: Undefined control sequence.
<argument> enit@resume@series@\enit@series 
                                           
l.1457 	\end{enumerate}
                       
The control sequence at the end of the top line
of your error message was never \def'ed. If you have
misspelled it (e.g., `\hobx'), type `I' and the correct
spelling (e.g., `I\hbox'). Otherwise just continue,
and I'll forget about whatever was undefined.

./EYNTKA_Functional_Analysis.tex:1457: Undefined control sequence.
\enit@endenumerate ...t \fi \ifnum \enit@resuming 
                                                  =\thr@@ \enit@setresumekey...
l.1457 	\end{enumerate}
                       
The control sequence at the end of the top line
of your error message was never \def'ed. If you have
misspelled it (e.g., `\hobx'), type `I' and the correct
spelling (e.g., `I\hbox'). Otherwise just continue,
and I'll forget about whatever was undefined.

./EYNTKA_Functional_Analysis.tex:1457: Missing number, treated as zero.
<to be read again> 
                   =
l.1457 	\end{enumerate}
                       
A number should have been here; I inserted `0'.
(If you can't figure out why I needed to see a number,
look up `weird error' in the index to The TeXbook.)

./EYNTKA_Functional_Analysis.tex:1457: Undefined control sequence.
\enit@setresumekeys ...xpandafter {\enit@savekeys 
                                                  }\xdef \enit@afterlist {#2...
l.1457 	\end{enumerate}
                       
The control sequence at the end of the top line
of your error message was never \def'ed. If you have
misspelled it (e.g., `\hobx'), type `I' and the correct
spelling (e.g., `I\hbox'). Otherwise just continue,
and I'll forget about whatever was undefined.

./EYNTKA_Functional_Analysis.tex:1457: Undefined control sequence.
\enit@setresumekeys ...it@toks }\ifnum \enit@type 
                                                  =\z@ #3\def \enit@noexcs {...
l.1457 	\end{enumerate}
                       
The control sequence at the end of the top line
of your error message was never \def'ed. If you have
misspelled it (e.g., `\hobx'), type `I' and the correct
spelling (e.g., `I\hbox'). Otherwise just continue,
and I'll forget about whatever was undefined.

./EYNTKA_Functional_Analysis.tex:1457: Missing number, treated as zero.
<to be read again> 
                   =
l.1457 	\end{enumerate}
                       
A number should have been here; I inserted `0'.
(If you can't figure out why I needed to see a number,
look up `weird error' in the index to The TeXbook.)

[22] [23]
pdfTeX warning (ext4): destination with the same identifier (name{tcb@cnt@prop.2}) has been already used, duplicate ignored
<to be read again> 
                   \relax 
l.1527 ...letness Of $B(X, Y)$}{completnessB(X,Y)}
                                                   [24]
./EYNTKA_Functional_Analysis.tex:1553: Undefined control sequence.
\enit@endenumerate ->\enit@after 
                                 \endlist \ifx \enit@series \relax \else \if...
l.1553 \end{enumerate}
                      
The control sequence at the end of the top line
of your error message was never \def'ed. If you have
misspelled it (e.g., `\hobx'), type `I' and the correct
spelling (e.g., `I\hbox'). Otherwise just continue,
and I'll forget about whatever was undefined.

./EYNTKA_Functional_Analysis.tex:1553: Undefined control sequence.
\enit@endenumerate ...\else \ifnum \enit@resuming 
                                                  =\@ne \enit@setresumekeys ...
l.1553 \end{enumerate}
                      
The control sequence at the end of the top line
of your error message was never \def'ed. If you have
misspelled it (e.g., `\hobx'), type `I' and the correct
spelling (e.g., `I\hbox'). Otherwise just continue,
and I'll forget about whatever was undefined.

./EYNTKA_Functional_Analysis.tex:1553: Missing number, treated as zero.
<to be read again> 
                   =
l.1553 \end{enumerate}
                      
A number should have been here; I inserted `0'.
(If you can't figure out why I needed to see a number,
look up `weird error' in the index to The TeXbook.)

./EYNTKA_Functional_Analysis.tex:1553: Undefined control sequence.
\enit@setresumekeys ...xpandafter {\enit@savekeys 
                                                  }\xdef \enit@afterlist {#2...
l.1553 \end{enumerate}
                      
The control sequence at the end of the top line
of your error message was never \def'ed. If you have
misspelled it (e.g., `\hobx'), type `I' and the correct
spelling (e.g., `I\hbox'). Otherwise just continue,
and I'll forget about whatever was undefined.

./EYNTKA_Functional_Analysis.tex:1553: Undefined control sequence.
\enit@setresumekeys ...it@toks }\ifnum \enit@type 
                                                  =\z@ #3\def \enit@noexcs {...
l.1553 \end{enumerate}
                      
The control sequence at the end of the top line
of your error message was never \def'ed. If you have
misspelled it (e.g., `\hobx'), type `I' and the correct
spelling (e.g., `I\hbox'). Otherwise just continue,
and I'll forget about whatever was undefined.

./EYNTKA_Functional_Analysis.tex:1553: Missing number, treated as zero.
<to be read again> 
                   =
l.1553 \end{enumerate}
                      
A number should have been here; I inserted `0'.
(If you can't figure out why I needed to see a number,
look up `weird error' in the index to The TeXbook.)

./EYNTKA_Functional_Analysis.tex:1553: Undefined control sequence.
<argument> enit@resume@series@\enit@series 
                                           
l.1553 \end{enumerate}
                      
The control sequence at the end of the top line
of your error message was never \def'ed. If you have
misspelled it (e.g., `\hobx'), type `I' and the correct
spelling (e.g., `I\hbox'). Otherwise just continue,
and I'll forget about whatever was undefined.

./EYNTKA_Functional_Analysis.tex:1553: Undefined control sequence.
\enit@endenumerate ...t \fi \ifnum \enit@resuming 
                                                  =\thr@@ \enit@setresumekey...
l.1553 \end{enumerate}
                      
The control sequence at the end of the top line
of your error message was never \def'ed. If you have
misspelled it (e.g., `\hobx'), type `I' and the correct
spelling (e.g., `I\hbox'). Otherwise just continue,
and I'll forget about whatever was undefined.

./EYNTKA_Functional_Analysis.tex:1553: Missing number, treated as zero.
<to be read again> 
                   =
l.1553 \end{enumerate}
                      
A number should have been here; I inserted `0'.
(If you can't figure out why I needed to see a number,
look up `weird error' in the index to The TeXbook.)

./EYNTKA_Functional_Analysis.tex:1553: Undefined control sequence.
\enit@setresumekeys ...xpandafter {\enit@savekeys 
                                                  }\xdef \enit@afterlist {#2...
l.1553 \end{enumerate}
                      
The control sequence at the end of the top line
of your error message was never \def'ed. If you have
misspelled it (e.g., `\hobx'), type `I' and the correct
spelling (e.g., `I\hbox'). Otherwise just continue,
and I'll forget about whatever was undefined.

./EYNTKA_Functional_Analysis.tex:1553: Undefined control sequence.
\enit@setresumekeys ...it@toks }\ifnum \enit@type 
                                                  =\z@ #3\def \enit@noexcs {...
l.1553 \end{enumerate}
                      
The control sequence at the end of the top line
of your error message was never \def'ed. If you have
misspelled it (e.g., `\hobx'), type `I' and the correct
spelling (e.g., `I\hbox'). Otherwise just continue,
and I'll forget about whatever was undefined.

./EYNTKA_Functional_Analysis.tex:1553: Missing number, treated as zero.
<to be read again> 
                   =
l.1553 \end{enumerate}
                      
A number should have been here; I inserted `0'.
(If you can't figure out why I needed to see a number,
look up `weird error' in the index to The TeXbook.)


pdfTeX warning (ext4): destination with the same identifier (name{tcb@cnt@prop.3}) has been already used, duplicate ignored
<to be read again> 
                   \relax 
l.1564 ...Banach Quotient Space}{banachQuotientSp}
                                                   [25] [26] [27]
./EYNTKA_Functional_Analysis.tex:1728: Undefined control sequence.
\enit@endenumerate ->\enit@after 
                                 \endlist \ifx \enit@series \relax \else \if...
l.1728 	\end{enumerate}
                       
The control sequence at the end of the top line
of your error message was never \def'ed. If you have
misspelled it (e.g., `\hobx'), type `I' and the correct
spelling (e.g., `I\hbox'). Otherwise just continue,
and I'll forget about whatever was undefined.

./EYNTKA_Functional_Analysis.tex:1728: Undefined control sequence.
\enit@endenumerate ...\else \ifnum \enit@resuming 
                                                  =\@ne \enit@setresumekeys ...
l.1728 	\end{enumerate}
                       
The control sequence at the end of the top line
of your error message was never \def'ed. If you have
misspelled it (e.g., `\hobx'), type `I' and the correct
spelling (e.g., `I\hbox'). Otherwise just continue,
and I'll forget about whatever was undefined.

./EYNTKA_Functional_Analysis.tex:1728: Missing number, treated as zero.
<to be read again> 
                   =
l.1728 	\end{enumerate}
                       
A number should have been here; I inserted `0'.
(If you can't figure out why I needed to see a number,
look up `weird error' in the index to The TeXbook.)

./EYNTKA_Functional_Analysis.tex:1728: Undefined control sequence.
\enit@setresumekeys ...xpandafter {\enit@savekeys 
                                                  }\xdef \enit@afterlist {#2...
l.1728 	\end{enumerate}
                       
The control sequence at the end of the top line
of your error message was never \def'ed. If you have
misspelled it (e.g., `\hobx'), type `I' and the correct
spelling (e.g., `I\hbox'). Otherwise just continue,
and I'll forget about whatever was undefined.

./EYNTKA_Functional_Analysis.tex:1728: Undefined control sequence.
\enit@setresumekeys ...it@toks }\ifnum \enit@type 
                                                  =\z@ #3\def \enit@noexcs {...
l.1728 	\end{enumerate}
                       
The control sequence at the end of the top line
of your error message was never \def'ed. If you have
misspelled it (e.g., `\hobx'), type `I' and the correct
spelling (e.g., `I\hbox'). Otherwise just continue,
and I'll forget about whatever was undefined.

./EYNTKA_Functional_Analysis.tex:1728: Missing number, treated as zero.
<to be read again> 
                   =
l.1728 	\end{enumerate}
                       
A number should have been here; I inserted `0'.
(If you can't figure out why I needed to see a number,
look up `weird error' in the index to The TeXbook.)

./EYNTKA_Functional_Analysis.tex:1728: Undefined control sequence.
<argument> enit@resume@series@\enit@series 
                                           
l.1728 	\end{enumerate}
                       
The control sequence at the end of the top line
of your error message was never \def'ed. If you have
misspelled it (e.g., `\hobx'), type `I' and the correct
spelling (e.g., `I\hbox'). Otherwise just continue,
and I'll forget about whatever was undefined.

./EYNTKA_Functional_Analysis.tex:1728: Undefined control sequence.
\enit@endenumerate ...t \fi \ifnum \enit@resuming 
                                                  =\thr@@ \enit@setresumekey...
l.1728 	\end{enumerate}
                       
The control sequence at the end of the top line
of your error message was never \def'ed. If you have
misspelled it (e.g., `\hobx'), type `I' and the correct
spelling (e.g., `I\hbox'). Otherwise just continue,
and I'll forget about whatever was undefined.

./EYNTKA_Functional_Analysis.tex:1728: Missing number, treated as zero.
<to be read again> 
                   =
l.1728 	\end{enumerate}
                       
A number should have been here; I inserted `0'.
(If you can't figure out why I needed to see a number,
look up `weird error' in the index to The TeXbook.)

./EYNTKA_Functional_Analysis.tex:1728: Undefined control sequence.
\enit@setresumekeys ...xpandafter {\enit@savekeys 
                                                  }\xdef \enit@afterlist {#2...
l.1728 	\end{enumerate}
                       
The control sequence at the end of the top line
of your error message was never \def'ed. If you have
misspelled it (e.g., `\hobx'), type `I' and the correct
spelling (e.g., `I\hbox'). Otherwise just continue,
and I'll forget about whatever was undefined.

./EYNTKA_Functional_Analysis.tex:1728: Undefined control sequence.
\enit@setresumekeys ...it@toks }\ifnum \enit@type 
                                                  =\z@ #3\def \enit@noexcs {...
l.1728 	\end{enumerate}
                       
The control sequence at the end of the top line
of your error message was never \def'ed. If you have
misspelled it (e.g., `\hobx'), type `I' and the correct
spelling (e.g., `I\hbox'). Otherwise just continue,
and I'll forget about whatever was undefined.

./EYNTKA_Functional_Analysis.tex:1728: Missing number, treated as zero.
<to be read again> 
                   =
l.1728 	\end{enumerate}
                       
A number should have been here; I inserted `0'.
(If you can't figure out why I needed to see a number,
look up `weird error' in the index to The TeXbook.)

./EYNTKA_Functional_Analysis.tex:1735: Undefined control sequence.
\enit@endenumerate ->\enit@after 
                                 \endlist \ifx \enit@series \relax \else \if...
l.1735 	\end{enumerate}
                       
The control sequence at the end of the top line
of your error message was never \def'ed. If you have
misspelled it (e.g., `\hobx'), type `I' and the correct
spelling (e.g., `I\hbox'). Otherwise just continue,
and I'll forget about whatever was undefined.

./EYNTKA_Functional_Analysis.tex:1735: Undefined control sequence.
\enit@endenumerate ...\else \ifnum \enit@resuming 
                                                  =\@ne \enit@setresumekeys ...
l.1735 	\end{enumerate}
                       
The control sequence at the end of the top line
of your error message was never \def'ed. If you have
misspelled it (e.g., `\hobx'), type `I' and the correct
spelling (e.g., `I\hbox'). Otherwise just continue,
and I'll forget about whatever was undefined.

./EYNTKA_Functional_Analysis.tex:1735: Missing number, treated as zero.
<to be read again> 
                   =
l.1735 	\end{enumerate}
                       
A number should have been here; I inserted `0'.
(If you can't figure out why I needed to see a number,
look up `weird error' in the index to The TeXbook.)

./EYNTKA_Functional_Analysis.tex:1735: Undefined control sequence.
\enit@setresumekeys ...xpandafter {\enit@savekeys 
                                                  }\xdef \enit@afterlist {#2...
l.1735 	\end{enumerate}
                       
The control sequence at the end of the top line
of your error message was never \def'ed. If you have
misspelled it (e.g., `\hobx'), type `I' and the correct
spelling (e.g., `I\hbox'). Otherwise just continue,
and I'll forget about whatever was undefined.

./EYNTKA_Functional_Analysis.tex:1735: Undefined control sequence.
\enit@setresumekeys ...it@toks }\ifnum \enit@type 
                                                  =\z@ #3\def \enit@noexcs {...
l.1735 	\end{enumerate}
                       
The control sequence at the end of the top line
of your error message was never \def'ed. If you have
misspelled it (e.g., `\hobx'), type `I' and the correct
spelling (e.g., `I\hbox'). Otherwise just continue,
and I'll forget about whatever was undefined.

./EYNTKA_Functional_Analysis.tex:1735: Missing number, treated as zero.
<to be read again> 
                   =
l.1735 	\end{enumerate}
                       
A number should have been here; I inserted `0'.
(If you can't figure out why I needed to see a number,
look up `weird error' in the index to The TeXbook.)

./EYNTKA_Functional_Analysis.tex:1735: Undefined control sequence.
<argument> enit@resume@series@\enit@series 
                                           
l.1735 	\end{enumerate}
                       
The control sequence at the end of the top line
of your error message was never \def'ed. If you have
misspelled it (e.g., `\hobx'), type `I' and the correct
spelling (e.g., `I\hbox'). Otherwise just continue,
and I'll forget about whatever was undefined.

./EYNTKA_Functional_Analysis.tex:1735: Undefined control sequence.
\enit@endenumerate ...t \fi \ifnum \enit@resuming 
                                                  =\thr@@ \enit@setresumekey...
l.1735 	\end{enumerate}
                       
The control sequence at the end of the top line
of your error message was never \def'ed. If you have
misspelled it (e.g., `\hobx'), type `I' and the correct
spelling (e.g., `I\hbox'). Otherwise just continue,
and I'll forget about whatever was undefined.

./EYNTKA_Functional_Analysis.tex:1735: Missing number, treated as zero.
<to be read again> 
                   =
l.1735 	\end{enumerate}
                       
A number should have been here; I inserted `0'.
(If you can't figure out why I needed to see a number,
look up `weird error' in the index to The TeXbook.)

./EYNTKA_Functional_Analysis.tex:1735: Undefined control sequence.
\enit@setresumekeys ...xpandafter {\enit@savekeys 
                                                  }\xdef \enit@afterlist {#2...
l.1735 	\end{enumerate}
                       
The control sequence at the end of the top line
of your error message was never \def'ed. If you have
misspelled it (e.g., `\hobx'), type `I' and the correct
spelling (e.g., `I\hbox'). Otherwise just continue,
and I'll forget about whatever was undefined.

./EYNTKA_Functional_Analysis.tex:1735: Undefined control sequence.
\enit@setresumekeys ...it@toks }\ifnum \enit@type 
                                                  =\z@ #3\def \enit@noexcs {...
l.1735 	\end{enumerate}
                       
The control sequence at the end of the top line
of your error message was never \def'ed. If you have
misspelled it (e.g., `\hobx'), type `I' and the correct
spelling (e.g., `I\hbox'). Otherwise just continue,
and I'll forget about whatever was undefined.

./EYNTKA_Functional_Analysis.tex:1735: Missing number, treated as zero.
<to be read again> 
                   =
l.1735 	\end{enumerate}
                       
A number should have been here; I inserted `0'.
(If you can't figure out why I needed to see a number,
look up `weird error' in the index to The TeXbook.)


pdfTeX warning (ext4): destination with the same identifier (name{tcb@cnt@example.2}) has been already used, duplicate ignored
<to be read again> 
                   \relax 
l.1742 ...In Banach Spaces}{compSetsInBanachSpsEx}
                                                   [28]
Package hyperref Info: bookmark level for unknown exercise defaults to 0 on input line 1777.
 [29]
pdfTeX warning (ext4): destination with the same identifier (name{tcb@cnt@prop.1}) has been already used, duplicate ignored
<to be read again> 
                   \relax 
l.1803 ...e Category Theorem I}{baireCategoryThmI}
                                                  
pdfTeX warning (ext4): destination with the same identifier (name{tcb@cnt@prop.2}) has been already used, duplicate ignored
<to be read again> 
                   \relax 
l.1831 ...Category Theorem II}{baireCategoryThmII}
                                                   [30]
./EYNTKA_Functional_Analysis.tex:1874: Undefined control sequence.
\enit@endenumerate ->\enit@after 
                                 \endlist \ifx \enit@series \relax \else \if...
l.1874 \end{enumerate}
                      
The control sequence at the end of the top line
of your error message was never \def'ed. If you have
misspelled it (e.g., `\hobx'), type `I' and the correct
spelling (e.g., `I\hbox'). Otherwise just continue,
and I'll forget about whatever was undefined.

./EYNTKA_Functional_Analysis.tex:1874: Undefined control sequence.
\enit@endenumerate ...\else \ifnum \enit@resuming 
                                                  =\@ne \enit@setresumekeys ...
l.1874 \end{enumerate}
                      
The control sequence at the end of the top line
of your error message was never \def'ed. If you have
misspelled it (e.g., `\hobx'), type `I' and the correct
spelling (e.g., `I\hbox'). Otherwise just continue,
and I'll forget about whatever was undefined.

./EYNTKA_Functional_Analysis.tex:1874: Missing number, treated as zero.
<to be read again> 
                   =
l.1874 \end{enumerate}
                      
A number should have been here; I inserted `0'.
(If you can't figure out why I needed to see a number,
look up `weird error' in the index to The TeXbook.)

./EYNTKA_Functional_Analysis.tex:1874: Undefined control sequence.
\enit@setresumekeys ...xpandafter {\enit@savekeys 
                                                  }\xdef \enit@afterlist {#2...
l.1874 \end{enumerate}
                      
The control sequence at the end of the top line
of your error message was never \def'ed. If you have
misspelled it (e.g., `\hobx'), type `I' and the correct
spelling (e.g., `I\hbox'). Otherwise just continue,
and I'll forget about whatever was undefined.

./EYNTKA_Functional_Analysis.tex:1874: Undefined control sequence.
\enit@setresumekeys ...it@toks }\ifnum \enit@type 
                                                  =\z@ #3\def \enit@noexcs {...
l.1874 \end{enumerate}
                      
The control sequence at the end of the top line
of your error message was never \def'ed. If you have
misspelled it (e.g., `\hobx'), type `I' and the correct
spelling (e.g., `I\hbox'). Otherwise just continue,
and I'll forget about whatever was undefined.

./EYNTKA_Functional_Analysis.tex:1874: Missing number, treated as zero.
<to be read again> 
                   =
l.1874 \end{enumerate}
                      
A number should have been here; I inserted `0'.
(If you can't figure out why I needed to see a number,
look up `weird error' in the index to The TeXbook.)

./EYNTKA_Functional_Analysis.tex:1874: Undefined control sequence.
<argument> enit@resume@series@\enit@series 
                                           
l.1874 \end{enumerate}
                      
The control sequence at the end of the top line
of your error message was never \def'ed. If you have
misspelled it (e.g., `\hobx'), type `I' and the correct
spelling (e.g., `I\hbox'). Otherwise just continue,
and I'll forget about whatever was undefined.

./EYNTKA_Functional_Analysis.tex:1874: Undefined control sequence.
\enit@endenumerate ...t \fi \ifnum \enit@resuming 
                                                  =\thr@@ \enit@setresumekey...
l.1874 \end{enumerate}
                      
The control sequence at the end of the top line
of your error message was never \def'ed. If you have
misspelled it (e.g., `\hobx'), type `I' and the correct
spelling (e.g., `I\hbox'). Otherwise just continue,
and I'll forget about whatever was undefined.

./EYNTKA_Functional_Analysis.tex:1874: Missing number, treated as zero.
<to be read again> 
                   =
l.1874 \end{enumerate}
                      
A number should have been here; I inserted `0'.
(If you can't figure out why I needed to see a number,
look up `weird error' in the index to The TeXbook.)

./EYNTKA_Functional_Analysis.tex:1874: Undefined control sequence.
\enit@setresumekeys ...xpandafter {\enit@savekeys 
                                                  }\xdef \enit@afterlist {#2...
l.1874 \end{enumerate}
                      
The control sequence at the end of the top line
of your error message was never \def'ed. If you have
misspelled it (e.g., `\hobx'), type `I' and the correct
spelling (e.g., `I\hbox'). Otherwise just continue,
and I'll forget about whatever was undefined.

./EYNTKA_Functional_Analysis.tex:1874: Undefined control sequence.
\enit@setresumekeys ...it@toks }\ifnum \enit@type 
                                                  =\z@ #3\def \enit@noexcs {...
l.1874 \end{enumerate}
                      
The control sequence at the end of the top line
of your error message was never \def'ed. If you have
misspelled it (e.g., `\hobx'), type `I' and the correct
spelling (e.g., `I\hbox'). Otherwise just continue,
and I'll forget about whatever was undefined.

./EYNTKA_Functional_Analysis.tex:1874: Missing number, treated as zero.
<to be read again> 
                   =
l.1874 \end{enumerate}
                      
A number should have been here; I inserted `0'.
(If you can't figure out why I needed to see a number,
look up `weird error' in the index to The TeXbook.)

[31]
pdfTeX warning (ext4): destination with the same identifier (name{tcb@cnt@thm.1}) has been already used, duplicate ignored
<to be read again> 
                   \relax 
l.1888 ...m}{Open Mapping Theorem}{openMappingThm}
                                                  
pdfTeX warning (ext4): destination with the same identifier (name{tcb@cnt@thm.2}) has been already used, duplicate ignored
<to be read again> 
                   \relax 
l.1931 ...m}{Closed Graph Theorem}{closedGraphThm}
                                                   [32]
pdfTeX warning (ext4): destination with the same identifier (name{tcb@cnt@thm.3}) has been already used, duplicate ignored
<to be read again> 
                   \relax 
l.1953 ...oundedness}{principleUniformBoundedness}
                                                   [33]
pdfTeX warning (ext4): destination with the same identifier (name{tcb@cnt@defn.1}) has been already used, duplicate ignored
<to be read again> 
                   \relax 
l.1990 ...nkowski Functional}{minkowskiFunctional}
                                                  
pdfTeX warning (ext4): destination with the same identifier (name{tcb@cnt@lem.1}) has been already used, duplicate ignored
<to be read again> 
                   \relax 
l.1999 \begin{lem}{Fundamental Lemma}{fundLemma}
                                                
pdfTeX warning (ext4): destination with the same identifier (name{tcb@cnt@thm.1}) has been already used, duplicate ignored
<to be read again> 
                   \relax 
l.2011 ...ach Extension theorem}{hahnBanachExtThm}
                                                  
pdfTeX warning (ext4): destination with the same identifier (name{tcb@cnt@cor.1}) has been already used, duplicate ignored
<to be read again> 
                   \relax 
l.2021 ...Banch Corollary I}{hahn-BanchCorollaryI}
                                                  
pdfTeX warning (ext4): destination with the same identifier (name{tcb@cnt@cor.2}) has been already used, duplicate ignored
<to be read again> 
                   \relax 
l.2030 ...ch Corollary II}{hahn-BanachCorollaryII}
                                                   [34]
pdfTeX warning (ext4): destination with the same identifier (name{tcb@cnt@defn.2}) has been already used, duplicate ignored
<to be read again> 
                   \relax 
l.2041 \begin{defn}{Annihilator}{ann}
                                     
pdfTeX warning (ext4): destination with the same identifier (name{tcb@cnt@thm.1}) has been already used, duplicate ignored
<to be read again> 
                   \relax 
l.2070 ...rms Generate TVS}{semi-NormsGenerateTvs}
                                                  
./EYNTKA_Functional_Analysis.tex:2083: Undefined control sequence.
\enit@endenumerate ->\enit@after 
                                 \endlist \ifx \enit@series \relax \else \if...
l.2083 	\end{enumerate}
                       
The control sequence at the end of the top line
of your error message was never \def'ed. If you have
misspelled it (e.g., `\hobx'), type `I' and the correct
spelling (e.g., `I\hbox'). Otherwise just continue,
and I'll forget about whatever was undefined.

./EYNTKA_Functional_Analysis.tex:2083: Undefined control sequence.
\enit@endenumerate ...\else \ifnum \enit@resuming 
                                                  =\@ne \enit@setresumekeys ...
l.2083 	\end{enumerate}
                       
The control sequence at the end of the top line
of your error message was never \def'ed. If you have
misspelled it (e.g., `\hobx'), type `I' and the correct
spelling (e.g., `I\hbox'). Otherwise just continue,
and I'll forget about whatever was undefined.

./EYNTKA_Functional_Analysis.tex:2083: Missing number, treated as zero.
<to be read again> 
                   =
l.2083 	\end{enumerate}
                       
A number should have been here; I inserted `0'.
(If you can't figure out why I needed to see a number,
look up `weird error' in the index to The TeXbook.)

./EYNTKA_Functional_Analysis.tex:2083: Undefined control sequence.
\enit@setresumekeys ...xpandafter {\enit@savekeys 
                                                  }\xdef \enit@afterlist {#2...
l.2083 	\end{enumerate}
                       
The control sequence at the end of the top line
of your error message was never \def'ed. If you have
misspelled it (e.g., `\hobx'), type `I' and the correct
spelling (e.g., `I\hbox'). Otherwise just continue,
and I'll forget about whatever was undefined.

./EYNTKA_Functional_Analysis.tex:2083: Undefined control sequence.
\enit@setresumekeys ...it@toks }\ifnum \enit@type 
                                                  =\z@ #3\def \enit@noexcs {...
l.2083 	\end{enumerate}
                       
The control sequence at the end of the top line
of your error message was never \def'ed. If you have
misspelled it (e.g., `\hobx'), type `I' and the correct
spelling (e.g., `I\hbox'). Otherwise just continue,
and I'll forget about whatever was undefined.

./EYNTKA_Functional_Analysis.tex:2083: Missing number, treated as zero.
<to be read again> 
                   =
l.2083 	\end{enumerate}
                       
A number should have been here; I inserted `0'.
(If you can't figure out why I needed to see a number,
look up `weird error' in the index to The TeXbook.)

./EYNTKA_Functional_Analysis.tex:2083: Undefined control sequence.
<argument> enit@resume@series@\enit@series 
                                           
l.2083 	\end{enumerate}
                       
The control sequence at the end of the top line
of your error message was never \def'ed. If you have
misspelled it (e.g., `\hobx'), type `I' and the correct
spelling (e.g., `I\hbox'). Otherwise just continue,
and I'll forget about whatever was undefined.

./EYNTKA_Functional_Analysis.tex:2083: Undefined control sequence.
\enit@endenumerate ...t \fi \ifnum \enit@resuming 
                                                  =\thr@@ \enit@setresumekey...
l.2083 	\end{enumerate}
                       
The control sequence at the end of the top line
of your error message was never \def'ed. If you have
misspelled it (e.g., `\hobx'), type `I' and the correct
spelling (e.g., `I\hbox'). Otherwise just continue,
and I'll forget about whatever was undefined.

./EYNTKA_Functional_Analysis.tex:2083: Missing number, treated as zero.
<to be read again> 
                   =
l.2083 	\end{enumerate}
                       
A number should have been here; I inserted `0'.
(If you can't figure out why I needed to see a number,
look up `weird error' in the index to The TeXbook.)

./EYNTKA_Functional_Analysis.tex:2083: Undefined control sequence.
\enit@setresumekeys ...xpandafter {\enit@savekeys 
                                                  }\xdef \enit@afterlist {#2...
l.2083 	\end{enumerate}
                       
The control sequence at the end of the top line
of your error message was never \def'ed. If you have
misspelled it (e.g., `\hobx'), type `I' and the correct
spelling (e.g., `I\hbox'). Otherwise just continue,
and I'll forget about whatever was undefined.

./EYNTKA_Functional_Analysis.tex:2083: Undefined control sequence.
\enit@setresumekeys ...it@toks }\ifnum \enit@type 
                                                  =\z@ #3\def \enit@noexcs {...
l.2083 	\end{enumerate}
                       
The control sequence at the end of the top line
of your error message was never \def'ed. If you have
misspelled it (e.g., `\hobx'), type `I' and the correct
spelling (e.g., `I\hbox'). Otherwise just continue,
and I'll forget about whatever was undefined.

./EYNTKA_Functional_Analysis.tex:2083: Missing number, treated as zero.
<to be read again> 
                   =
l.2083 	\end{enumerate}
                       
A number should have been here; I inserted `0'.
(If you can't figure out why I needed to see a number,
look up `weird error' in the index to The TeXbook.)

[35]
pdfTeX warning (ext4): destination with the same identifier (name{tcb@cnt@defn.1}) has been already used, duplicate ignored
<to be read again> 
                   \relax 
l.2090 \begin{defn}{Fr\'echet Space}{frechetSp}
                                                [36]
Chapter 3.
[37

]
pdfTeX warning (ext4): destination with the same identifier (name{tcb@cnt@defn.1}) has been already used, duplicate ignored
<to be read again> 
                   \relax 
l.2159 ...in{defn}{Inner Product Space}{innProdSp}
                                                  
./EYNTKA_Functional_Analysis.tex:2167: Undefined control sequence.
\enit@endenumerate ->\enit@after 
                                 \endlist \ifx \enit@series \relax \else \if...
l.2167 \end{enumerate}
                      
The control sequence at the end of the top line
of your error message was never \def'ed. If you have
misspelled it (e.g., `\hobx'), type `I' and the correct
spelling (e.g., `I\hbox'). Otherwise just continue,
and I'll forget about whatever was undefined.

./EYNTKA_Functional_Analysis.tex:2167: Undefined control sequence.
\enit@endenumerate ...\else \ifnum \enit@resuming 
                                                  =\@ne \enit@setresumekeys ...
l.2167 \end{enumerate}
                      
The control sequence at the end of the top line
of your error message was never \def'ed. If you have
misspelled it (e.g., `\hobx'), type `I' and the correct
spelling (e.g., `I\hbox'). Otherwise just continue,
and I'll forget about whatever was undefined.

./EYNTKA_Functional_Analysis.tex:2167: Missing number, treated as zero.
<to be read again> 
                   =
l.2167 \end{enumerate}
                      
A number should have been here; I inserted `0'.
(If you can't figure out why I needed to see a number,
look up `weird error' in the index to The TeXbook.)

./EYNTKA_Functional_Analysis.tex:2167: Undefined control sequence.
\enit@setresumekeys ...xpandafter {\enit@savekeys 
                                                  }\xdef \enit@afterlist {#2...
l.2167 \end{enumerate}
                      
The control sequence at the end of the top line
of your error message was never \def'ed. If you have
misspelled it (e.g., `\hobx'), type `I' and the correct
spelling (e.g., `I\hbox'). Otherwise just continue,
and I'll forget about whatever was undefined.

./EYNTKA_Functional_Analysis.tex:2167: Undefined control sequence.
\enit@setresumekeys ...it@toks }\ifnum \enit@type 
                                                  =\z@ #3\def \enit@noexcs {...
l.2167 \end{enumerate}
                      
The control sequence at the end of the top line
of your error message was never \def'ed. If you have
misspelled it (e.g., `\hobx'), type `I' and the correct
spelling (e.g., `I\hbox'). Otherwise just continue,
and I'll forget about whatever was undefined.

./EYNTKA_Functional_Analysis.tex:2167: Missing number, treated as zero.
<to be read again> 
                   =
l.2167 \end{enumerate}
                      
A number should have been here; I inserted `0'.
(If you can't figure out why I needed to see a number,
look up `weird error' in the index to The TeXbook.)

./EYNTKA_Functional_Analysis.tex:2167: Undefined control sequence.
<argument> enit@resume@series@\enit@series 
                                           
l.2167 \end{enumerate}
                      
The control sequence at the end of the top line
of your error message was never \def'ed. If you have
misspelled it (e.g., `\hobx'), type `I' and the correct
spelling (e.g., `I\hbox'). Otherwise just continue,
and I'll forget about whatever was undefined.

./EYNTKA_Functional_Analysis.tex:2167: Undefined control sequence.
\enit@endenumerate ...t \fi \ifnum \enit@resuming 
                                                  =\thr@@ \enit@setresumekey...
l.2167 \end{enumerate}
                      
The control sequence at the end of the top line
of your error message was never \def'ed. If you have
misspelled it (e.g., `\hobx'), type `I' and the correct
spelling (e.g., `I\hbox'). Otherwise just continue,
and I'll forget about whatever was undefined.

./EYNTKA_Functional_Analysis.tex:2167: Missing number, treated as zero.
<to be read again> 
                   =
l.2167 \end{enumerate}
                      
A number should have been here; I inserted `0'.
(If you can't figure out why I needed to see a number,
look up `weird error' in the index to The TeXbook.)

./EYNTKA_Functional_Analysis.tex:2167: Undefined control sequence.
\enit@setresumekeys ...xpandafter {\enit@savekeys 
                                                  }\xdef \enit@afterlist {#2...
l.2167 \end{enumerate}
                      
The control sequence at the end of the top line
of your error message was never \def'ed. If you have
misspelled it (e.g., `\hobx'), type `I' and the correct
spelling (e.g., `I\hbox'). Otherwise just continue,
and I'll forget about whatever was undefined.

./EYNTKA_Functional_Analysis.tex:2167: Undefined control sequence.
\enit@setresumekeys ...it@toks }\ifnum \enit@type 
                                                  =\z@ #3\def \enit@noexcs {...
l.2167 \end{enumerate}
                      
The control sequence at the end of the top line
of your error message was never \def'ed. If you have
misspelled it (e.g., `\hobx'), type `I' and the correct
spelling (e.g., `I\hbox'). Otherwise just continue,
and I'll forget about whatever was undefined.

./EYNTKA_Functional_Analysis.tex:2167: Missing number, treated as zero.
<to be read again> 
                   =
l.2167 \end{enumerate}
                      
A number should have been here; I inserted `0'.
(If you can't figure out why I needed to see a number,
look up `weird error' in the index to The TeXbook.)

./EYNTKA_Functional_Analysis.tex:2175: Undefined control sequence.
\enit@endenumerate ->\enit@after 
                                 \endlist \ifx \enit@series \relax \else \if...
l.2175 \end{enumerate}
                      
The control sequence at the end of the top line
of your error message was never \def'ed. If you have
misspelled it (e.g., `\hobx'), type `I' and the correct
spelling (e.g., `I\hbox'). Otherwise just continue,
and I'll forget about whatever was undefined.

./EYNTKA_Functional_Analysis.tex:2175: Undefined control sequence.
\enit@endenumerate ...\else \ifnum \enit@resuming 
                                                  =\@ne \enit@setresumekeys ...
l.2175 \end{enumerate}
                      
The control sequence at the end of the top line
of your error message was never \def'ed. If you have
misspelled it (e.g., `\hobx'), type `I' and the correct
spelling (e.g., `I\hbox'). Otherwise just continue,
and I'll forget about whatever was undefined.

./EYNTKA_Functional_Analysis.tex:2175: Missing number, treated as zero.
<to be read again> 
                   =
l.2175 \end{enumerate}
                      
A number should have been here; I inserted `0'.
(If you can't figure out why I needed to see a number,
look up `weird error' in the index to The TeXbook.)

./EYNTKA_Functional_Analysis.tex:2175: Undefined control sequence.
\enit@setresumekeys ...xpandafter {\enit@savekeys 
                                                  }\xdef \enit@afterlist {#2...
l.2175 \end{enumerate}
                      
The control sequence at the end of the top line
of your error message was never \def'ed. If you have
misspelled it (e.g., `\hobx'), type `I' and the correct
spelling (e.g., `I\hbox'). Otherwise just continue,
and I'll forget about whatever was undefined.

./EYNTKA_Functional_Analysis.tex:2175: Undefined control sequence.
\enit@setresumekeys ...it@toks }\ifnum \enit@type 
                                                  =\z@ #3\def \enit@noexcs {...
l.2175 \end{enumerate}
                      
The control sequence at the end of the top line
of your error message was never \def'ed. If you have
misspelled it (e.g., `\hobx'), type `I' and the correct
spelling (e.g., `I\hbox'). Otherwise just continue,
and I'll forget about whatever was undefined.

./EYNTKA_Functional_Analysis.tex:2175: Missing number, treated as zero.
<to be read again> 
                   =
l.2175 \end{enumerate}
                      
A number should have been here; I inserted `0'.
(If you can't figure out why I needed to see a number,
look up `weird error' in the index to The TeXbook.)

./EYNTKA_Functional_Analysis.tex:2175: Undefined control sequence.
<argument> enit@resume@series@\enit@series 
                                           
l.2175 \end{enumerate}
                      
The control sequence at the end of the top line
of your error message was never \def'ed. If you have
misspelled it (e.g., `\hobx'), type `I' and the correct
spelling (e.g., `I\hbox'). Otherwise just continue,
and I'll forget about whatever was undefined.

./EYNTKA_Functional_Analysis.tex:2175: Undefined control sequence.
\enit@endenumerate ...t \fi \ifnum \enit@resuming 
                                                  =\thr@@ \enit@setresumekey...
l.2175 \end{enumerate}
                      
The control sequence at the end of the top line
of your error message was never \def'ed. If you have
misspelled it (e.g., `\hobx'), type `I' and the correct
spelling (e.g., `I\hbox'). Otherwise just continue,
and I'll forget about whatever was undefined.

./EYNTKA_Functional_Analysis.tex:2175: Missing number, treated as zero.
<to be read again> 
                   =
l.2175 \end{enumerate}
                      
A number should have been here; I inserted `0'.
(If you can't figure out why I needed to see a number,
look up `weird error' in the index to The TeXbook.)

./EYNTKA_Functional_Analysis.tex:2175: Undefined control sequence.
\enit@setresumekeys ...xpandafter {\enit@savekeys 
                                                  }\xdef \enit@afterlist {#2...
l.2175 \end{enumerate}
                      
The control sequence at the end of the top line
of your error message was never \def'ed. If you have
misspelled it (e.g., `\hobx'), type `I' and the correct
spelling (e.g., `I\hbox'). Otherwise just continue,
and I'll forget about whatever was undefined.

./EYNTKA_Functional_Analysis.tex:2175: Undefined control sequence.
\enit@setresumekeys ...it@toks }\ifnum \enit@type 
                                                  =\z@ #3\def \enit@noexcs {...
l.2175 \end{enumerate}
                      
The control sequence at the end of the top line
of your error message was never \def'ed. If you have
misspelled it (e.g., `\hobx'), type `I' and the correct
spelling (e.g., `I\hbox'). Otherwise just continue,
and I'll forget about whatever was undefined.

./EYNTKA_Functional_Analysis.tex:2175: Missing number, treated as zero.
<to be read again> 
                   =
l.2175 \end{enumerate}
                      
A number should have been here; I inserted `0'.
(If you can't figure out why I needed to see a number,
look up `weird error' in the index to The TeXbook.)


pdfTeX warning (ext4): destination with the same identifier (name{tcb@cnt@thm.1}) has been already used, duplicate ignored
<to be read again> 
                   \relax 
l.2189 ...z Inequality}{cauchy-SchwartzInequality}
                                                  

Package tcolorbox Warning: Discard zero height first box part due to break problems (possible loss of zero height content) on input line 2214.

[38]
pdfTeX warning (ext4): destination with the same identifier (name{tcb@cnt@thm.2}) has been already used, duplicate ignored
<to be read again> 
                   \relax 
l.2218 ... For Induced Norm}{triaInequInducedNorm}
                                                  
./EYNTKA_Functional_Analysis.tex:2245: Undefined control sequence.
\enit@endenumerate ->\enit@after 
                                 \endlist \ifx \enit@series \relax \else \if...
l.2245 \end{enumerate}
                      
The control sequence at the end of the top line
of your error message was never \def'ed. If you have
misspelled it (e.g., `\hobx'), type `I' and the correct
spelling (e.g., `I\hbox'). Otherwise just continue,
and I'll forget about whatever was undefined.

./EYNTKA_Functional_Analysis.tex:2245: Undefined control sequence.
\enit@endenumerate ...\else \ifnum \enit@resuming 
                                                  =\@ne \enit@setresumekeys ...
l.2245 \end{enumerate}
                      
The control sequence at the end of the top line
of your error message was never \def'ed. If you have
misspelled it (e.g., `\hobx'), type `I' and the correct
spelling (e.g., `I\hbox'). Otherwise just continue,
and I'll forget about whatever was undefined.

./EYNTKA_Functional_Analysis.tex:2245: Missing number, treated as zero.
<to be read again> 
                   =
l.2245 \end{enumerate}
                      
A number should have been here; I inserted `0'.
(If you can't figure out why I needed to see a number,
look up `weird error' in the index to The TeXbook.)

./EYNTKA_Functional_Analysis.tex:2245: Undefined control sequence.
\enit@setresumekeys ...xpandafter {\enit@savekeys 
                                                  }\xdef \enit@afterlist {#2...
l.2245 \end{enumerate}
                      
The control sequence at the end of the top line
of your error message was never \def'ed. If you have
misspelled it (e.g., `\hobx'), type `I' and the correct
spelling (e.g., `I\hbox'). Otherwise just continue,
and I'll forget about whatever was undefined.

./EYNTKA_Functional_Analysis.tex:2245: Undefined control sequence.
\enit@setresumekeys ...it@toks }\ifnum \enit@type 
                                                  =\z@ #3\def \enit@noexcs {...
l.2245 \end{enumerate}
                      
The control sequence at the end of the top line
of your error message was never \def'ed. If you have
misspelled it (e.g., `\hobx'), type `I' and the correct
spelling (e.g., `I\hbox'). Otherwise just continue,
and I'll forget about whatever was undefined.

./EYNTKA_Functional_Analysis.tex:2245: Missing number, treated as zero.
<to be read again> 
                   =
l.2245 \end{enumerate}
                      
A number should have been here; I inserted `0'.
(If you can't figure out why I needed to see a number,
look up `weird error' in the index to The TeXbook.)

./EYNTKA_Functional_Analysis.tex:2245: Undefined control sequence.
<argument> enit@resume@series@\enit@series 
                                           
l.2245 \end{enumerate}
                      
The control sequence at the end of the top line
of your error message was never \def'ed. If you have
misspelled it (e.g., `\hobx'), type `I' and the correct
spelling (e.g., `I\hbox'). Otherwise just continue,
and I'll forget about whatever was undefined.

./EYNTKA_Functional_Analysis.tex:2245: Undefined control sequence.
\enit@endenumerate ...t \fi \ifnum \enit@resuming 
                                                  =\thr@@ \enit@setresumekey...
l.2245 \end{enumerate}
                      
The control sequence at the end of the top line
of your error message was never \def'ed. If you have
misspelled it (e.g., `\hobx'), type `I' and the correct
spelling (e.g., `I\hbox'). Otherwise just continue,
and I'll forget about whatever was undefined.

./EYNTKA_Functional_Analysis.tex:2245: Missing number, treated as zero.
<to be read again> 
                   =
l.2245 \end{enumerate}
                      
A number should have been here; I inserted `0'.
(If you can't figure out why I needed to see a number,
look up `weird error' in the index to The TeXbook.)

./EYNTKA_Functional_Analysis.tex:2245: Undefined control sequence.
\enit@setresumekeys ...xpandafter {\enit@savekeys 
                                                  }\xdef \enit@afterlist {#2...
l.2245 \end{enumerate}
                      
The control sequence at the end of the top line
of your error message was never \def'ed. If you have
misspelled it (e.g., `\hobx'), type `I' and the correct
spelling (e.g., `I\hbox'). Otherwise just continue,
and I'll forget about whatever was undefined.

./EYNTKA_Functional_Analysis.tex:2245: Undefined control sequence.
\enit@setresumekeys ...it@toks }\ifnum \enit@type 
                                                  =\z@ #3\def \enit@noexcs {...
l.2245 \end{enumerate}
                      
The control sequence at the end of the top line
of your error message was never \def'ed. If you have
misspelled it (e.g., `\hobx'), type `I' and the correct
spelling (e.g., `I\hbox'). Otherwise just continue,
and I'll forget about whatever was undefined.

./EYNTKA_Functional_Analysis.tex:2245: Missing number, treated as zero.
<to be read again> 
                   =
l.2245 \end{enumerate}
                      
A number should have been here; I inserted `0'.
(If you can't figure out why I needed to see a number,
look up `weird error' in the index to The TeXbook.)


pdfTeX warning (ext4): destination with the same identifier (name{tcb@cnt@defn.2}) has been already used, duplicate ignored
<to be read again> 
                   \relax 
l.2248 \begin{defn}{Hilbert Space}{hilbertSp}
                                              [39]
pdfTeX warning (ext4): destination with the same identifier (name{tcb@cnt@example.1}) has been already used, duplicate ignored
<to be read again> 
                   \relax 
l.2253 ...n{example}{Hilbert Spaces}{hilbertSpsEx}
                                                  
./EYNTKA_Functional_Analysis.tex:2264: Undefined control sequence.
\enit@endenumerate ->\enit@after 
                                 \endlist \ifx \enit@series \relax \else \if...
l.2264 \end{enumerate}
                      
The control sequence at the end of the top line
of your error message was never \def'ed. If you have
misspelled it (e.g., `\hobx'), type `I' and the correct
spelling (e.g., `I\hbox'). Otherwise just continue,
and I'll forget about whatever was undefined.

./EYNTKA_Functional_Analysis.tex:2264: Undefined control sequence.
\enit@endenumerate ...\else \ifnum \enit@resuming 
                                                  =\@ne \enit@setresumekeys ...
l.2264 \end{enumerate}
                      
The control sequence at the end of the top line
of your error message was never \def'ed. If you have
misspelled it (e.g., `\hobx'), type `I' and the correct
spelling (e.g., `I\hbox'). Otherwise just continue,
and I'll forget about whatever was undefined.

./EYNTKA_Functional_Analysis.tex:2264: Missing number, treated as zero.
<to be read again> 
                   =
l.2264 \end{enumerate}
                      
A number should have been here; I inserted `0'.
(If you can't figure out why I needed to see a number,
look up `weird error' in the index to The TeXbook.)

./EYNTKA_Functional_Analysis.tex:2264: Undefined control sequence.
\enit@setresumekeys ...xpandafter {\enit@savekeys 
                                                  }\xdef \enit@afterlist {#2...
l.2264 \end{enumerate}
                      
The control sequence at the end of the top line
of your error message was never \def'ed. If you have
misspelled it (e.g., `\hobx'), type `I' and the correct
spelling (e.g., `I\hbox'). Otherwise just continue,
and I'll forget about whatever was undefined.

./EYNTKA_Functional_Analysis.tex:2264: Undefined control sequence.
\enit@setresumekeys ...it@toks }\ifnum \enit@type 
                                                  =\z@ #3\def \enit@noexcs {...
l.2264 \end{enumerate}
                      
The control sequence at the end of the top line
of your error message was never \def'ed. If you have
misspelled it (e.g., `\hobx'), type `I' and the correct
spelling (e.g., `I\hbox'). Otherwise just continue,
and I'll forget about whatever was undefined.

./EYNTKA_Functional_Analysis.tex:2264: Missing number, treated as zero.
<to be read again> 
                   =
l.2264 \end{enumerate}
                      
A number should have been here; I inserted `0'.
(If you can't figure out why I needed to see a number,
look up `weird error' in the index to The TeXbook.)

./EYNTKA_Functional_Analysis.tex:2264: Undefined control sequence.
<argument> enit@resume@series@\enit@series 
                                           
l.2264 \end{enumerate}
                      
The control sequence at the end of the top line
of your error message was never \def'ed. If you have
misspelled it (e.g., `\hobx'), type `I' and the correct
spelling (e.g., `I\hbox'). Otherwise just continue,
and I'll forget about whatever was undefined.

./EYNTKA_Functional_Analysis.tex:2264: Undefined control sequence.
\enit@endenumerate ...t \fi \ifnum \enit@resuming 
                                                  =\thr@@ \enit@setresumekey...
l.2264 \end{enumerate}
                      
The control sequence at the end of the top line
of your error message was never \def'ed. If you have
misspelled it (e.g., `\hobx'), type `I' and the correct
spelling (e.g., `I\hbox'). Otherwise just continue,
and I'll forget about whatever was undefined.

./EYNTKA_Functional_Analysis.tex:2264: Missing number, treated as zero.
<to be read again> 
                   =
l.2264 \end{enumerate}
                      
A number should have been here; I inserted `0'.
(If you can't figure out why I needed to see a number,
look up `weird error' in the index to The TeXbook.)

./EYNTKA_Functional_Analysis.tex:2264: Undefined control sequence.
\enit@setresumekeys ...xpandafter {\enit@savekeys 
                                                  }\xdef \enit@afterlist {#2...
l.2264 \end{enumerate}
                      
The control sequence at the end of the top line
of your error message was never \def'ed. If you have
misspelled it (e.g., `\hobx'), type `I' and the correct
spelling (e.g., `I\hbox'). Otherwise just continue,
and I'll forget about whatever was undefined.

./EYNTKA_Functional_Analysis.tex:2264: Undefined control sequence.
\enit@setresumekeys ...it@toks }\ifnum \enit@type 
                                                  =\z@ #3\def \enit@noexcs {...
l.2264 \end{enumerate}
                      
The control sequence at the end of the top line
of your error message was never \def'ed. If you have
misspelled it (e.g., `\hobx'), type `I' and the correct
spelling (e.g., `I\hbox'). Otherwise just continue,
and I'll forget about whatever was undefined.

./EYNTKA_Functional_Analysis.tex:2264: Missing number, treated as zero.
<to be read again> 
                   =
l.2264 \end{enumerate}
                      
A number should have been here; I inserted `0'.
(If you can't figure out why I needed to see a number,
look up `weird error' in the index to The TeXbook.)


pdfTeX warning (ext4): destination with the same identifier (name{tcb@cnt@thm.3}) has been already used, duplicate ignored
<to be read again> 
                   \relax 
l.2270 \begin{thm}{Parralelogram}{parralelogram}
                                                
<parralelogramLaw.png, id=463, 770.88pt x 528.7755pt>
File: parralelogramLaw.png Graphic file (type png)
<use parralelogramLaw.png>
Package pdftex.def Info: parralelogramLaw.png  used on input line 2280.
(pdftex.def)             Requested size: 199.16928pt x 136.61507pt.


Package tcolorbox Warning: Discard zero height first box part due to break problems (possible loss of zero height content) on input line 2290.

[40 <./parralelogramLaw.png>]
pdfTeX warning (ext4): destination with the same identifier (name{tcb@cnt@example.2}) has been already used, duplicate ignored
<to be read again> 
                   \relax 
l.2295 ...logram Law}{exploringParralelogramLawEx}
                                                  
./EYNTKA_Functional_Analysis.tex:2356: Undefined control sequence.
\enit@endenumerate ->\enit@after 
                                 \endlist \ifx \enit@series \relax \else \if...
l.2356 	\end{enumerate}
                       
The control sequence at the end of the top line
of your error message was never \def'ed. If you have
misspelled it (e.g., `\hobx'), type `I' and the correct
spelling (e.g., `I\hbox'). Otherwise just continue,
and I'll forget about whatever was undefined.

./EYNTKA_Functional_Analysis.tex:2356: Undefined control sequence.
\enit@endenumerate ...\else \ifnum \enit@resuming 
                                                  =\@ne \enit@setresumekeys ...
l.2356 	\end{enumerate}
                       
The control sequence at the end of the top line
of your error message was never \def'ed. If you have
misspelled it (e.g., `\hobx'), type `I' and the correct
spelling (e.g., `I\hbox'). Otherwise just continue,
and I'll forget about whatever was undefined.

./EYNTKA_Functional_Analysis.tex:2356: Missing number, treated as zero.
<to be read again> 
                   =
l.2356 	\end{enumerate}
                       
A number should have been here; I inserted `0'.
(If you can't figure out why I needed to see a number,
look up `weird error' in the index to The TeXbook.)

./EYNTKA_Functional_Analysis.tex:2356: Undefined control sequence.
\enit@setresumekeys ...xpandafter {\enit@savekeys 
                                                  }\xdef \enit@afterlist {#2...
l.2356 	\end{enumerate}
                       
The control sequence at the end of the top line
of your error message was never \def'ed. If you have
misspelled it (e.g., `\hobx'), type `I' and the correct
spelling (e.g., `I\hbox'). Otherwise just continue,
and I'll forget about whatever was undefined.

./EYNTKA_Functional_Analysis.tex:2356: Undefined control sequence.
\enit@setresumekeys ...it@toks }\ifnum \enit@type 
                                                  =\z@ #3\def \enit@noexcs {...
l.2356 	\end{enumerate}
                       
The control sequence at the end of the top line
of your error message was never \def'ed. If you have
misspelled it (e.g., `\hobx'), type `I' and the correct
spelling (e.g., `I\hbox'). Otherwise just continue,
and I'll forget about whatever was undefined.

./EYNTKA_Functional_Analysis.tex:2356: Missing number, treated as zero.
<to be read again> 
                   =
l.2356 	\end{enumerate}
                       
A number should have been here; I inserted `0'.
(If you can't figure out why I needed to see a number,
look up `weird error' in the index to The TeXbook.)

./EYNTKA_Functional_Analysis.tex:2356: Undefined control sequence.
<argument> enit@resume@series@\enit@series 
                                           
l.2356 	\end{enumerate}
                       
The control sequence at the end of the top line
of your error message was never \def'ed. If you have
misspelled it (e.g., `\hobx'), type `I' and the correct
spelling (e.g., `I\hbox'). Otherwise just continue,
and I'll forget about whatever was undefined.

./EYNTKA_Functional_Analysis.tex:2356: Undefined control sequence.
\enit@endenumerate ...t \fi \ifnum \enit@resuming 
                                                  =\thr@@ \enit@setresumekey...
l.2356 	\end{enumerate}
                       
The control sequence at the end of the top line
of your error message was never \def'ed. If you have
misspelled it (e.g., `\hobx'), type `I' and the correct
spelling (e.g., `I\hbox'). Otherwise just continue,
and I'll forget about whatever was undefined.

./EYNTKA_Functional_Analysis.tex:2356: Missing number, treated as zero.
<to be read again> 
                   =
l.2356 	\end{enumerate}
                       
A number should have been here; I inserted `0'.
(If you can't figure out why I needed to see a number,
look up `weird error' in the index to The TeXbook.)

./EYNTKA_Functional_Analysis.tex:2356: Undefined control sequence.
\enit@setresumekeys ...xpandafter {\enit@savekeys 
                                                  }\xdef \enit@afterlist {#2...
l.2356 	\end{enumerate}
                       
The control sequence at the end of the top line
of your error message was never \def'ed. If you have
misspelled it (e.g., `\hobx'), type `I' and the correct
spelling (e.g., `I\hbox'). Otherwise just continue,
and I'll forget about whatever was undefined.

./EYNTKA_Functional_Analysis.tex:2356: Undefined control sequence.
\enit@setresumekeys ...it@toks }\ifnum \enit@type 
                                                  =\z@ #3\def \enit@noexcs {...
l.2356 	\end{enumerate}
                       
The control sequence at the end of the top line
of your error message was never \def'ed. If you have
misspelled it (e.g., `\hobx'), type `I' and the correct
spelling (e.g., `I\hbox'). Otherwise just continue,
and I'll forget about whatever was undefined.

./EYNTKA_Functional_Analysis.tex:2356: Missing number, treated as zero.
<to be read again> 
                   =
l.2356 	\end{enumerate}
                       
A number should have been here; I inserted `0'.
(If you can't figure out why I needed to see a number,
look up `weird error' in the index to The TeXbook.)

[41

pdfTeX warning: pdflatex: pop empty color page stack 0
]
pdfTeX warning (ext4): destination with the same identifier (name{tcb@cnt@prop.1}) has been already used, duplicate ignored
<to be read again> 
                   \relax 
l.2359 ...n Inner Product}{convergenceInInnerProd}
                                                  
pdfTeX warning (ext4): destination with the same identifier (name{tcb@cnt@defn.3}) has been already used, duplicate ignored
<to be read again> 
                   \relax 
l.2375 \begin{defn}{Unitary Map}{unitaryMap}
                                             [42]
pdfTeX warning (ext4): destination with the same identifier (name{tcb@cnt@defn.4}) has been already used, duplicate ignored
<to be read again> 
                   \relax 
l.2421 \begin{defn}{Orthogonal}{orthogonal}
                                           
pdfTeX warning (ext4): destination with the same identifier (name{tcb@cnt@thm.4}) has been already used, duplicate ignored
<to be read again> 
                   \relax 
l.2427 \begin{thm}{Pythagoras}{pythagoras}
                                           [43]
pdfTeX warning (ext4): destination with the same identifier (name{tcb@cnt@example.3}) has been already used, duplicate ignored
<to be read again> 
                   \relax 
l.2457 ...Subspaces Examples}{subspacesExamplesEx}
                                                  
./EYNTKA_Functional_Analysis.tex:2475: Undefined control sequence.
\enit@endenumerate ->\enit@after 
                                 \endlist \ifx \enit@series \relax \else \if...
l.2475 \end{enumerate}
                      
The control sequence at the end of the top line
of your error message was never \def'ed. If you have
misspelled it (e.g., `\hobx'), type `I' and the correct
spelling (e.g., `I\hbox'). Otherwise just continue,
and I'll forget about whatever was undefined.

./EYNTKA_Functional_Analysis.tex:2475: Undefined control sequence.
\enit@endenumerate ...\else \ifnum \enit@resuming 
                                                  =\@ne \enit@setresumekeys ...
l.2475 \end{enumerate}
                      
The control sequence at the end of the top line
of your error message was never \def'ed. If you have
misspelled it (e.g., `\hobx'), type `I' and the correct
spelling (e.g., `I\hbox'). Otherwise just continue,
and I'll forget about whatever was undefined.

./EYNTKA_Functional_Analysis.tex:2475: Missing number, treated as zero.
<to be read again> 
                   =
l.2475 \end{enumerate}
                      
A number should have been here; I inserted `0'.
(If you can't figure out why I needed to see a number,
look up `weird error' in the index to The TeXbook.)

./EYNTKA_Functional_Analysis.tex:2475: Undefined control sequence.
\enit@setresumekeys ...xpandafter {\enit@savekeys 
                                                  }\xdef \enit@afterlist {#2...
l.2475 \end{enumerate}
                      
The control sequence at the end of the top line
of your error message was never \def'ed. If you have
misspelled it (e.g., `\hobx'), type `I' and the correct
spelling (e.g., `I\hbox'). Otherwise just continue,
and I'll forget about whatever was undefined.

./EYNTKA_Functional_Analysis.tex:2475: Undefined control sequence.
\enit@setresumekeys ...it@toks }\ifnum \enit@type 
                                                  =\z@ #3\def \enit@noexcs {...
l.2475 \end{enumerate}
                      
The control sequence at the end of the top line
of your error message was never \def'ed. If you have
misspelled it (e.g., `\hobx'), type `I' and the correct
spelling (e.g., `I\hbox'). Otherwise just continue,
and I'll forget about whatever was undefined.

./EYNTKA_Functional_Analysis.tex:2475: Missing number, treated as zero.
<to be read again> 
                   =
l.2475 \end{enumerate}
                      
A number should have been here; I inserted `0'.
(If you can't figure out why I needed to see a number,
look up `weird error' in the index to The TeXbook.)

./EYNTKA_Functional_Analysis.tex:2475: Undefined control sequence.
<argument> enit@resume@series@\enit@series 
                                           
l.2475 \end{enumerate}
                      
The control sequence at the end of the top line
of your error message was never \def'ed. If you have
misspelled it (e.g., `\hobx'), type `I' and the correct
spelling (e.g., `I\hbox'). Otherwise just continue,
and I'll forget about whatever was undefined.

./EYNTKA_Functional_Analysis.tex:2475: Undefined control sequence.
\enit@endenumerate ...t \fi \ifnum \enit@resuming 
                                                  =\thr@@ \enit@setresumekey...
l.2475 \end{enumerate}
                      
The control sequence at the end of the top line
of your error message was never \def'ed. If you have
misspelled it (e.g., `\hobx'), type `I' and the correct
spelling (e.g., `I\hbox'). Otherwise just continue,
and I'll forget about whatever was undefined.

./EYNTKA_Functional_Analysis.tex:2475: Missing number, treated as zero.
<to be read again> 
                   =
l.2475 \end{enumerate}
                      
A number should have been here; I inserted `0'.
(If you can't figure out why I needed to see a number,
look up `weird error' in the index to The TeXbook.)

./EYNTKA_Functional_Analysis.tex:2475: Undefined control sequence.
\enit@setresumekeys ...xpandafter {\enit@savekeys 
                                                  }\xdef \enit@afterlist {#2...
l.2475 \end{enumerate}
                      
The control sequence at the end of the top line
of your error message was never \def'ed. If you have
misspelled it (e.g., `\hobx'), type `I' and the correct
spelling (e.g., `I\hbox'). Otherwise just continue,
and I'll forget about whatever was undefined.

./EYNTKA_Functional_Analysis.tex:2475: Undefined control sequence.
\enit@setresumekeys ...it@toks }\ifnum \enit@type 
                                                  =\z@ #3\def \enit@noexcs {...
l.2475 \end{enumerate}
                      
The control sequence at the end of the top line
of your error message was never \def'ed. If you have
misspelled it (e.g., `\hobx'), type `I' and the correct
spelling (e.g., `I\hbox'). Otherwise just continue,
and I'll forget about whatever was undefined.

./EYNTKA_Functional_Analysis.tex:2475: Missing number, treated as zero.
<to be read again> 
                   =
l.2475 \end{enumerate}
                      
A number should have been here; I inserted `0'.
(If you can't figure out why I needed to see a number,
look up `weird error' in the index to The TeXbook.)


pdfTeX warning (ext4): destination with the same identifier (name{tcb@cnt@thm.5}) has been already used, duplicate ignored
<to be read again> 
                   \relax 
l.2481 ...rt Space Decomposition}{hilbertSpDecomp}
                                                   [44]
pdfTeX warning (ext4): destination with the same identifier (name{tcb@cnt@cor.1}) has been already used, duplicate ignored
<to be read again> 
                   \relax 
l.2531 ...ouble Dual Property}{doubleDualProperty}
                                                   [45]
pdfTeX warning (ext4): destination with the same identifier (name{tcb@cnt@example.4}) has been already used, duplicate ignored
<to be read again> 
                   \relax 
l.2583 ...Representation}{funcalWithoutRieszRepEx}
                                                   [46] [47]
./EYNTKA_Functional_Analysis.tex:2663: Undefined control sequence.
\enit@endenumerate ->\enit@after 
                                 \endlist \ifx \enit@series \relax \else \if...
l.2663 \end{enumerate}
                      
The control sequence at the end of the top line
of your error message was never \def'ed. If you have
misspelled it (e.g., `\hobx'), type `I' and the correct
spelling (e.g., `I\hbox'). Otherwise just continue,
and I'll forget about whatever was undefined.

./EYNTKA_Functional_Analysis.tex:2663: Undefined control sequence.
\enit@endenumerate ...\else \ifnum \enit@resuming 
                                                  =\@ne \enit@setresumekeys ...
l.2663 \end{enumerate}
                      
The control sequence at the end of the top line
of your error message was never \def'ed. If you have
misspelled it (e.g., `\hobx'), type `I' and the correct
spelling (e.g., `I\hbox'). Otherwise just continue,
and I'll forget about whatever was undefined.

./EYNTKA_Functional_Analysis.tex:2663: Missing number, treated as zero.
<to be read again> 
                   =
l.2663 \end{enumerate}
                      
A number should have been here; I inserted `0'.
(If you can't figure out why I needed to see a number,
look up `weird error' in the index to The TeXbook.)

./EYNTKA_Functional_Analysis.tex:2663: Undefined control sequence.
\enit@setresumekeys ...xpandafter {\enit@savekeys 
                                                  }\xdef \enit@afterlist {#2...
l.2663 \end{enumerate}
                      
The control sequence at the end of the top line
of your error message was never \def'ed. If you have
misspelled it (e.g., `\hobx'), type `I' and the correct
spelling (e.g., `I\hbox'). Otherwise just continue,
and I'll forget about whatever was undefined.

./EYNTKA_Functional_Analysis.tex:2663: Undefined control sequence.
\enit@setresumekeys ...it@toks }\ifnum \enit@type 
                                                  =\z@ #3\def \enit@noexcs {...
l.2663 \end{enumerate}
                      
The control sequence at the end of the top line
of your error message was never \def'ed. If you have
misspelled it (e.g., `\hobx'), type `I' and the correct
spelling (e.g., `I\hbox'). Otherwise just continue,
and I'll forget about whatever was undefined.

./EYNTKA_Functional_Analysis.tex:2663: Missing number, treated as zero.
<to be read again> 
                   =
l.2663 \end{enumerate}
                      
A number should have been here; I inserted `0'.
(If you can't figure out why I needed to see a number,
look up `weird error' in the index to The TeXbook.)

./EYNTKA_Functional_Analysis.tex:2663: Undefined control sequence.
<argument> enit@resume@series@\enit@series 
                                           
l.2663 \end{enumerate}
                      
The control sequence at the end of the top line
of your error message was never \def'ed. If you have
misspelled it (e.g., `\hobx'), type `I' and the correct
spelling (e.g., `I\hbox'). Otherwise just continue,
and I'll forget about whatever was undefined.

./EYNTKA_Functional_Analysis.tex:2663: Undefined control sequence.
\enit@endenumerate ...t \fi \ifnum \enit@resuming 
                                                  =\thr@@ \enit@setresumekey...
l.2663 \end{enumerate}
                      
The control sequence at the end of the top line
of your error message was never \def'ed. If you have
misspelled it (e.g., `\hobx'), type `I' and the correct
spelling (e.g., `I\hbox'). Otherwise just continue,
and I'll forget about whatever was undefined.

./EYNTKA_Functional_Analysis.tex:2663: Missing number, treated as zero.
<to be read again> 
                   =
l.2663 \end{enumerate}
                      
A number should have been here; I inserted `0'.
(If you can't figure out why I needed to see a number,
look up `weird error' in the index to The TeXbook.)

./EYNTKA_Functional_Analysis.tex:2663: Undefined control sequence.
\enit@setresumekeys ...xpandafter {\enit@savekeys 
                                                  }\xdef \enit@afterlist {#2...
l.2663 \end{enumerate}
                      
The control sequence at the end of the top line
of your error message was never \def'ed. If you have
misspelled it (e.g., `\hobx'), type `I' and the correct
spelling (e.g., `I\hbox'). Otherwise just continue,
and I'll forget about whatever was undefined.

./EYNTKA_Functional_Analysis.tex:2663: Undefined control sequence.
\enit@setresumekeys ...it@toks }\ifnum \enit@type 
                                                  =\z@ #3\def \enit@noexcs {...
l.2663 \end{enumerate}
                      
The control sequence at the end of the top line
of your error message was never \def'ed. If you have
misspelled it (e.g., `\hobx'), type `I' and the correct
spelling (e.g., `I\hbox'). Otherwise just continue,
and I'll forget about whatever was undefined.

./EYNTKA_Functional_Analysis.tex:2663: Missing number, treated as zero.
<to be read again> 
                   =
l.2663 \end{enumerate}
                      
A number should have been here; I inserted `0'.
(If you can't figure out why I needed to see a number,
look up `weird error' in the index to The TeXbook.)


pdfTeX warning (ext4): destination with the same identifier (name{tcb@cnt@defn.5}) has been already used, duplicate ignored
<to be read again> 
                   \relax 
l.2670 ...fn}{Orthonormal Basis}{orthonormalBasis}
                                                   [48]
pdfTeX warning (ext4): destination with the same identifier (name{tcb@cnt@prop.2}) has been already used, duplicate ignored
<to be read again> 
                   \relax 
l.2688 ...ble Hilbert Spaces}{seperableHilbertSps}
                                                   [49]
./EYNTKA_Functional_Analysis.tex:2731: Undefined control sequence.
\enit@endenumerate ->\enit@after 
                                 \endlist \ifx \enit@series \relax \else \if...
l.2731 \end{enumerate}
                      
The control sequence at the end of the top line
of your error message was never \def'ed. If you have
misspelled it (e.g., `\hobx'), type `I' and the correct
spelling (e.g., `I\hbox'). Otherwise just continue,
and I'll forget about whatever was undefined.

./EYNTKA_Functional_Analysis.tex:2731: Undefined control sequence.
\enit@endenumerate ...\else \ifnum \enit@resuming 
                                                  =\@ne \enit@setresumekeys ...
l.2731 \end{enumerate}
                      
The control sequence at the end of the top line
of your error message was never \def'ed. If you have
misspelled it (e.g., `\hobx'), type `I' and the correct
spelling (e.g., `I\hbox'). Otherwise just continue,
and I'll forget about whatever was undefined.

./EYNTKA_Functional_Analysis.tex:2731: Missing number, treated as zero.
<to be read again> 
                   =
l.2731 \end{enumerate}
                      
A number should have been here; I inserted `0'.
(If you can't figure out why I needed to see a number,
look up `weird error' in the index to The TeXbook.)

./EYNTKA_Functional_Analysis.tex:2731: Undefined control sequence.
\enit@setresumekeys ...xpandafter {\enit@savekeys 
                                                  }\xdef \enit@afterlist {#2...
l.2731 \end{enumerate}
                      
The control sequence at the end of the top line
of your error message was never \def'ed. If you have
misspelled it (e.g., `\hobx'), type `I' and the correct
spelling (e.g., `I\hbox'). Otherwise just continue,
and I'll forget about whatever was undefined.

./EYNTKA_Functional_Analysis.tex:2731: Undefined control sequence.
\enit@setresumekeys ...it@toks }\ifnum \enit@type 
                                                  =\z@ #3\def \enit@noexcs {...
l.2731 \end{enumerate}
                      
The control sequence at the end of the top line
of your error message was never \def'ed. If you have
misspelled it (e.g., `\hobx'), type `I' and the correct
spelling (e.g., `I\hbox'). Otherwise just continue,
and I'll forget about whatever was undefined.

./EYNTKA_Functional_Analysis.tex:2731: Missing number, treated as zero.
<to be read again> 
                   =
l.2731 \end{enumerate}
                      
A number should have been here; I inserted `0'.
(If you can't figure out why I needed to see a number,
look up `weird error' in the index to The TeXbook.)

./EYNTKA_Functional_Analysis.tex:2731: Undefined control sequence.
<argument> enit@resume@series@\enit@series 
                                           
l.2731 \end{enumerate}
                      
The control sequence at the end of the top line
of your error message was never \def'ed. If you have
misspelled it (e.g., `\hobx'), type `I' and the correct
spelling (e.g., `I\hbox'). Otherwise just continue,
and I'll forget about whatever was undefined.

./EYNTKA_Functional_Analysis.tex:2731: Undefined control sequence.
\enit@endenumerate ...t \fi \ifnum \enit@resuming 
                                                  =\thr@@ \enit@setresumekey...
l.2731 \end{enumerate}
                      
The control sequence at the end of the top line
of your error message was never \def'ed. If you have
misspelled it (e.g., `\hobx'), type `I' and the correct
spelling (e.g., `I\hbox'). Otherwise just continue,
and I'll forget about whatever was undefined.

./EYNTKA_Functional_Analysis.tex:2731: Missing number, treated as zero.
<to be read again> 
                   =
l.2731 \end{enumerate}
                      
A number should have been here; I inserted `0'.
(If you can't figure out why I needed to see a number,
look up `weird error' in the index to The TeXbook.)

./EYNTKA_Functional_Analysis.tex:2731: Undefined control sequence.
\enit@setresumekeys ...xpandafter {\enit@savekeys 
                                                  }\xdef \enit@afterlist {#2...
l.2731 \end{enumerate}
                      
The control sequence at the end of the top line
of your error message was never \def'ed. If you have
misspelled it (e.g., `\hobx'), type `I' and the correct
spelling (e.g., `I\hbox'). Otherwise just continue,
and I'll forget about whatever was undefined.

./EYNTKA_Functional_Analysis.tex:2731: Undefined control sequence.
\enit@setresumekeys ...it@toks }\ifnum \enit@type 
                                                  =\z@ #3\def \enit@noexcs {...
l.2731 \end{enumerate}
                      
The control sequence at the end of the top line
of your error message was never \def'ed. If you have
misspelled it (e.g., `\hobx'), type `I' and the correct
spelling (e.g., `I\hbox'). Otherwise just continue,
and I'll forget about whatever was undefined.

./EYNTKA_Functional_Analysis.tex:2731: Missing number, treated as zero.
<to be read again> 
                   =
l.2731 \end{enumerate}
                      
A number should have been here; I inserted `0'.
(If you can't figure out why I needed to see a number,
look up `weird error' in the index to The TeXbook.)


pdfTeX warning (ext4): destination with the same identifier (name{tcb@cnt@lem.1}) has been already used, duplicate ignored
<to be read again> 
                   \relax 
l.2756 ...d And Inner Products}{DualAndInnerProds}
                                                   [50]
pdfTeX warning (ext4): destination with the same identifier (name{tcb@cnt@thm.1}) has been already used, duplicate ignored
<to be read again> 
                   \relax 
l.2781 ...{Existence Of Adjoint}{existenceAdjoint}
                                                  
pdfTeX warning (ext4): destination with the same identifier (name{tcb@cnt@defn.1}) has been already used, duplicate ignored
<to be read again> 
                   \relax 
l.2832 ...nd Self-Adjoint}{adjointAndSelf-Adjoint}
                                                   [51]
pdfTeX warning (ext4): destination with the same identifier (name{tcb@cnt@prop.1}) has been already used, duplicate ignored
<to be read again> 
                   \relax 
l.2837 ...rop}{Adjoint Properties I}{adjointPropI}
                                                  
pdfTeX warning (ext4): destination with the same identifier (name{tcb@cnt@prop.2}) has been already used, duplicate ignored
<to be read again> 
                   \relax 
l.2850 ...p}{Adjoint Properties II}{adjointPropII}
                                                  
./EYNTKA_Functional_Analysis.tex:2858: Undefined control sequence.
\enit@endenumerate ->\enit@after 
                                 \endlist \ifx \enit@series \relax \else \if...
l.2858 	\end{enumerate}
                       
The control sequence at the end of the top line
of your error message was never \def'ed. If you have
misspelled it (e.g., `\hobx'), type `I' and the correct
spelling (e.g., `I\hbox'). Otherwise just continue,
and I'll forget about whatever was undefined.

./EYNTKA_Functional_Analysis.tex:2858: Undefined control sequence.
\enit@endenumerate ...\else \ifnum \enit@resuming 
                                                  =\@ne \enit@setresumekeys ...
l.2858 	\end{enumerate}
                       
The control sequence at the end of the top line
of your error message was never \def'ed. If you have
misspelled it (e.g., `\hobx'), type `I' and the correct
spelling (e.g., `I\hbox'). Otherwise just continue,
and I'll forget about whatever was undefined.

./EYNTKA_Functional_Analysis.tex:2858: Missing number, treated as zero.
<to be read again> 
                   =
l.2858 	\end{enumerate}
                       
A number should have been here; I inserted `0'.
(If you can't figure out why I needed to see a number,
look up `weird error' in the index to The TeXbook.)

./EYNTKA_Functional_Analysis.tex:2858: Undefined control sequence.
\enit@setresumekeys ...xpandafter {\enit@savekeys 
                                                  }\xdef \enit@afterlist {#2...
l.2858 	\end{enumerate}
                       
The control sequence at the end of the top line
of your error message was never \def'ed. If you have
misspelled it (e.g., `\hobx'), type `I' and the correct
spelling (e.g., `I\hbox'). Otherwise just continue,
and I'll forget about whatever was undefined.

./EYNTKA_Functional_Analysis.tex:2858: Undefined control sequence.
\enit@setresumekeys ...it@toks }\ifnum \enit@type 
                                                  =\z@ #3\def \enit@noexcs {...
l.2858 	\end{enumerate}
                       
The control sequence at the end of the top line
of your error message was never \def'ed. If you have
misspelled it (e.g., `\hobx'), type `I' and the correct
spelling (e.g., `I\hbox'). Otherwise just continue,
and I'll forget about whatever was undefined.

./EYNTKA_Functional_Analysis.tex:2858: Missing number, treated as zero.
<to be read again> 
                   =
l.2858 	\end{enumerate}
                       
A number should have been here; I inserted `0'.
(If you can't figure out why I needed to see a number,
look up `weird error' in the index to The TeXbook.)

./EYNTKA_Functional_Analysis.tex:2858: Undefined control sequence.
<argument> enit@resume@series@\enit@series 
                                           
l.2858 	\end{enumerate}
                       
The control sequence at the end of the top line
of your error message was never \def'ed. If you have
misspelled it (e.g., `\hobx'), type `I' and the correct
spelling (e.g., `I\hbox'). Otherwise just continue,
and I'll forget about whatever was undefined.

./EYNTKA_Functional_Analysis.tex:2858: Undefined control sequence.
\enit@endenumerate ...t \fi \ifnum \enit@resuming 
                                                  =\thr@@ \enit@setresumekey...
l.2858 	\end{enumerate}
                       
The control sequence at the end of the top line
of your error message was never \def'ed. If you have
misspelled it (e.g., `\hobx'), type `I' and the correct
spelling (e.g., `I\hbox'). Otherwise just continue,
and I'll forget about whatever was undefined.

./EYNTKA_Functional_Analysis.tex:2858: Missing number, treated as zero.
<to be read again> 
                   =
l.2858 	\end{enumerate}
                       
A number should have been here; I inserted `0'.
(If you can't figure out why I needed to see a number,
look up `weird error' in the index to The TeXbook.)

./EYNTKA_Functional_Analysis.tex:2858: Undefined control sequence.
\enit@setresumekeys ...xpandafter {\enit@savekeys 
                                                  }\xdef \enit@afterlist {#2...
l.2858 	\end{enumerate}
                       
The control sequence at the end of the top line
of your error message was never \def'ed. If you have
misspelled it (e.g., `\hobx'), type `I' and the correct
spelling (e.g., `I\hbox'). Otherwise just continue,
and I'll forget about whatever was undefined.

./EYNTKA_Functional_Analysis.tex:2858: Undefined control sequence.
\enit@setresumekeys ...it@toks }\ifnum \enit@type 
                                                  =\z@ #3\def \enit@noexcs {...
l.2858 	\end{enumerate}
                       
The control sequence at the end of the top line
of your error message was never \def'ed. If you have
misspelled it (e.g., `\hobx'), type `I' and the correct
spelling (e.g., `I\hbox'). Otherwise just continue,
and I'll forget about whatever was undefined.

./EYNTKA_Functional_Analysis.tex:2858: Missing number, treated as zero.
<to be read again> 
                   =
l.2858 	\end{enumerate}
                       
A number should have been here; I inserted `0'.
(If you can't figure out why I needed to see a number,
look up `weird error' in the index to The TeXbook.)


pdfTeX warning (ext4): destination with the same identifier (name{tcb@cnt@prop.3}) has been already used, duplicate ignored
<to be read again> 
                   \relax 
l.2865 ...{Adjoint Properties III}{adjointPropIII}
                                                  
./EYNTKA_Functional_Analysis.tex:2873: Undefined control sequence.
\enit@endenumerate ->\enit@after 
                                 \endlist \ifx \enit@series \relax \else \if...
l.2873 	\end{enumerate}
                       
The control sequence at the end of the top line
of your error message was never \def'ed. If you have
misspelled it (e.g., `\hobx'), type `I' and the correct
spelling (e.g., `I\hbox'). Otherwise just continue,
and I'll forget about whatever was undefined.

./EYNTKA_Functional_Analysis.tex:2873: Undefined control sequence.
\enit@endenumerate ...\else \ifnum \enit@resuming 
                                                  =\@ne \enit@setresumekeys ...
l.2873 	\end{enumerate}
                       
The control sequence at the end of the top line
of your error message was never \def'ed. If you have
misspelled it (e.g., `\hobx'), type `I' and the correct
spelling (e.g., `I\hbox'). Otherwise just continue,
and I'll forget about whatever was undefined.

./EYNTKA_Functional_Analysis.tex:2873: Missing number, treated as zero.
<to be read again> 
                   =
l.2873 	\end{enumerate}
                       
A number should have been here; I inserted `0'.
(If you can't figure out why I needed to see a number,
look up `weird error' in the index to The TeXbook.)

./EYNTKA_Functional_Analysis.tex:2873: Undefined control sequence.
\enit@setresumekeys ...xpandafter {\enit@savekeys 
                                                  }\xdef \enit@afterlist {#2...
l.2873 	\end{enumerate}
                       
The control sequence at the end of the top line
of your error message was never \def'ed. If you have
misspelled it (e.g., `\hobx'), type `I' and the correct
spelling (e.g., `I\hbox'). Otherwise just continue,
and I'll forget about whatever was undefined.

./EYNTKA_Functional_Analysis.tex:2873: Undefined control sequence.
\enit@setresumekeys ...it@toks }\ifnum \enit@type 
                                                  =\z@ #3\def \enit@noexcs {...
l.2873 	\end{enumerate}
                       
The control sequence at the end of the top line
of your error message was never \def'ed. If you have
misspelled it (e.g., `\hobx'), type `I' and the correct
spelling (e.g., `I\hbox'). Otherwise just continue,
and I'll forget about whatever was undefined.

./EYNTKA_Functional_Analysis.tex:2873: Missing number, treated as zero.
<to be read again> 
                   =
l.2873 	\end{enumerate}
                       
A number should have been here; I inserted `0'.
(If you can't figure out why I needed to see a number,
look up `weird error' in the index to The TeXbook.)

./EYNTKA_Functional_Analysis.tex:2873: Undefined control sequence.
<argument> enit@resume@series@\enit@series 
                                           
l.2873 	\end{enumerate}
                       
The control sequence at the end of the top line
of your error message was never \def'ed. If you have
misspelled it (e.g., `\hobx'), type `I' and the correct
spelling (e.g., `I\hbox'). Otherwise just continue,
and I'll forget about whatever was undefined.

./EYNTKA_Functional_Analysis.tex:2873: Undefined control sequence.
\enit@endenumerate ...t \fi \ifnum \enit@resuming 
                                                  =\thr@@ \enit@setresumekey...
l.2873 	\end{enumerate}
                       
The control sequence at the end of the top line
of your error message was never \def'ed. If you have
misspelled it (e.g., `\hobx'), type `I' and the correct
spelling (e.g., `I\hbox'). Otherwise just continue,
and I'll forget about whatever was undefined.

./EYNTKA_Functional_Analysis.tex:2873: Missing number, treated as zero.
<to be read again> 
                   =
l.2873 	\end{enumerate}
                       
A number should have been here; I inserted `0'.
(If you can't figure out why I needed to see a number,
look up `weird error' in the index to The TeXbook.)

./EYNTKA_Functional_Analysis.tex:2873: Undefined control sequence.
\enit@setresumekeys ...xpandafter {\enit@savekeys 
                                                  }\xdef \enit@afterlist {#2...
l.2873 	\end{enumerate}
                       
The control sequence at the end of the top line
of your error message was never \def'ed. If you have
misspelled it (e.g., `\hobx'), type `I' and the correct
spelling (e.g., `I\hbox'). Otherwise just continue,
and I'll forget about whatever was undefined.

./EYNTKA_Functional_Analysis.tex:2873: Undefined control sequence.
\enit@setresumekeys ...it@toks }\ifnum \enit@type 
                                                  =\z@ #3\def \enit@noexcs {...
l.2873 	\end{enumerate}
                       
The control sequence at the end of the top line
of your error message was never \def'ed. If you have
misspelled it (e.g., `\hobx'), type `I' and the correct
spelling (e.g., `I\hbox'). Otherwise just continue,
and I'll forget about whatever was undefined.

./EYNTKA_Functional_Analysis.tex:2873: Missing number, treated as zero.
<to be read again> 
                   =
l.2873 	\end{enumerate}
                       
A number should have been here; I inserted `0'.
(If you can't figure out why I needed to see a number,
look up `weird error' in the index to The TeXbook.)

[52]
pdfTeX warning (ext4): destination with the same identifier (name{tcb@cnt@prop.4}) has been already used, duplicate ignored
<to be read again> 
                   \relax 
l.2909 \begin{prop}{Inversing Maps}{inversingMaps}
                                                   [53]
pdfTeX warning (ext4): destination with the same identifier (name{tcb@cnt@defn.2}) has been already used, duplicate ignored
<to be read again> 
                   \relax 
l.2968 ...n{defn}{Normal Operator}{normalOperator}
                                                  
pdfTeX warning (ext4): destination with the same identifier (name{tcb@cnt@defn.3}) has been already used, duplicate ignored
<to be read again> 
                   \relax 
l.2984 ...fn}{Positive Operator}{positiveOperator}
                                                   [54] [55]
pdfTeX warning (ext4): destination with the same identifier (name{tcb@cnt@prop.5}) has been already used, duplicate ignored
<to be read again> 
                   \relax 
l.3054 ...perator}{square-RootingPositiveOperator}
                                                  
pdfTeX warning (ext4): destination with the same identifier (name{tcb@cnt@prop.6}) has been already used, duplicate ignored
<to be read again> 
                   \relax 
l.3063 ...ve Operator}{invertiblePositiveOperator}
                                                  
pdfTeX warning (ext4): destination with the same identifier (name{tcb@cnt@defn.4}) has been already used, duplicate ignored
<to be read again> 
                   \relax 
l.3090 ...nal) Projection}{(Orthogonal)Projection}
                                                   [56]
pdfTeX warning (ext4): destination with the same identifier (name{tcb@cnt@defn.5}) has been already used, duplicate ignored
<to be read again> 
                   \relax 
l.3116 ...in{defn}{Diagonalizable}{diagonalizable}
                                                   [57]
pdfTeX warning (ext4): destination with the same identifier (name{tcb@cnt@defn.6}) has been already used, duplicate ignored
<to be read again> 
                   \relax 
l.3157 ...{defn}{Unitary Equivalent}{unitaryEquiv}
                                                  
pdfTeX warning (ext4): destination with the same identifier (name{tcb@cnt@defn.7}) has been already used, duplicate ignored
<to be read again> 
                   \relax 
l.3165 ...defn}{Partial Isometry}{partialIsometry}
                                                  
pdfTeX warning (ext4): destination with the same identifier (name{tcb@cnt@thm.2}) has been already used, duplicate ignored
<to be read again> 
                   \relax 
l.3194 ...ion of $T$}{positiveOperatorAssociation}
                                                   [58]
pdfTeX warning (ext4): destination with the same identifier (name{tcb@cnt@prop.7}) has been already used, duplicate ignored
<to be read again> 
                   \relax 
l.3222 ...on For Isomorphisms}{polarDecompForIsos}
                                                  
pdfTeX warning (ext4): destination with the same identifier (name{tcb@cnt@prop.8}) has been already used, duplicate ignored
<to be read again> 
                   \relax 
l.3230 ...perators}{polarDecompForNormalOperators}
                                                   [59]
pdfTeX warning (ext4): destination with the same identifier (name{tcb@cnt@thm.3}) has been already used, duplicate ignored
<to be read again> 
                   \relax 
l.3264 Theorem}{russoDyeGardnerThm}
                                   
pdfTeX warning (ext4): destination with the same identifier (name{tcb@cnt@prop.9}) has been already used, duplicate ignored
<to be read again> 
                   \relax 
l.3286 ...us Of Operator}{numericalRadiusOperator}
                                                   [60]
pdfTeX warning (ext4): destination with the same identifier (name{tcb@cnt@defn.1}) has been already used, duplicate ignored
<to be read again> 
                   \relax 
l.3303 ...inite Rank Operator}{finiteRankOperator}
                                                  
pdfTeX warning (ext4): destination with the same identifier (name{tcb@cnt@lem.1}) has been already used, duplicate ignored
<to be read again> 
                   \relax 
l.3318 ... Compact Operators}{netAndCompOperators}
                                                  
pdfTeX warning (ext4): destination with the same identifier (name{tcb@cnt@thm.1}) has been already used, duplicate ignored
<to be read again> 
                   \relax 
l.3337 ...bert Spaces}{closedUnitBallsInHilbertSp}
                                                  
./EYNTKA_Functional_Analysis.tex:3346: Undefined control sequence.
\enit@endenumerate ->\enit@after 
                                 \endlist \ifx \enit@series \relax \else \if...
l.3346 	\end{enumerate}
                       
The control sequence at the end of the top line
of your error message was never \def'ed. If you have
misspelled it (e.g., `\hobx'), type `I' and the correct
spelling (e.g., `I\hbox'). Otherwise just continue,
and I'll forget about whatever was undefined.

./EYNTKA_Functional_Analysis.tex:3346: Undefined control sequence.
\enit@endenumerate ...\else \ifnum \enit@resuming 
                                                  =\@ne \enit@setresumekeys ...
l.3346 	\end{enumerate}
                       
The control sequence at the end of the top line
of your error message was never \def'ed. If you have
misspelled it (e.g., `\hobx'), type `I' and the correct
spelling (e.g., `I\hbox'). Otherwise just continue,
and I'll forget about whatever was undefined.

./EYNTKA_Functional_Analysis.tex:3346: Missing number, treated as zero.
<to be read again> 
                   =
l.3346 	\end{enumerate}
                       
A number should have been here; I inserted `0'.
(If you can't figure out why I needed to see a number,
look up `weird error' in the index to The TeXbook.)

./EYNTKA_Functional_Analysis.tex:3346: Undefined control sequence.
\enit@setresumekeys ...xpandafter {\enit@savekeys 
                                                  }\xdef \enit@afterlist {#2...
l.3346 	\end{enumerate}
                       
The control sequence at the end of the top line
of your error message was never \def'ed. If you have
misspelled it (e.g., `\hobx'), type `I' and the correct
spelling (e.g., `I\hbox'). Otherwise just continue,
and I'll forget about whatever was undefined.

./EYNTKA_Functional_Analysis.tex:3346: Undefined control sequence.
\enit@setresumekeys ...it@toks }\ifnum \enit@type 
                                                  =\z@ #3\def \enit@noexcs {...
l.3346 	\end{enumerate}
                       
The control sequence at the end of the top line
of your error message was never \def'ed. If you have
misspelled it (e.g., `\hobx'), type `I' and the correct
spelling (e.g., `I\hbox'). Otherwise just continue,
and I'll forget about whatever was undefined.

./EYNTKA_Functional_Analysis.tex:3346: Missing number, treated as zero.
<to be read again> 
                   =
l.3346 	\end{enumerate}
                       
A number should have been here; I inserted `0'.
(If you can't figure out why I needed to see a number,
look up `weird error' in the index to The TeXbook.)

./EYNTKA_Functional_Analysis.tex:3346: Undefined control sequence.
<argument> enit@resume@series@\enit@series 
                                           
l.3346 	\end{enumerate}
                       
The control sequence at the end of the top line
of your error message was never \def'ed. If you have
misspelled it (e.g., `\hobx'), type `I' and the correct
spelling (e.g., `I\hbox'). Otherwise just continue,
and I'll forget about whatever was undefined.

./EYNTKA_Functional_Analysis.tex:3346: Undefined control sequence.
\enit@endenumerate ...t \fi \ifnum \enit@resuming 
                                                  =\thr@@ \enit@setresumekey...
l.3346 	\end{enumerate}
                       
The control sequence at the end of the top line
of your error message was never \def'ed. If you have
misspelled it (e.g., `\hobx'), type `I' and the correct
spelling (e.g., `I\hbox'). Otherwise just continue,
and I'll forget about whatever was undefined.

./EYNTKA_Functional_Analysis.tex:3346: Missing number, treated as zero.
<to be read again> 
                   =
l.3346 	\end{enumerate}
                       
A number should have been here; I inserted `0'.
(If you can't figure out why I needed to see a number,
look up `weird error' in the index to The TeXbook.)

./EYNTKA_Functional_Analysis.tex:3346: Undefined control sequence.
\enit@setresumekeys ...xpandafter {\enit@savekeys 
                                                  }\xdef \enit@afterlist {#2...
l.3346 	\end{enumerate}
                       
The control sequence at the end of the top line
of your error message was never \def'ed. If you have
misspelled it (e.g., `\hobx'), type `I' and the correct
spelling (e.g., `I\hbox'). Otherwise just continue,
and I'll forget about whatever was undefined.

./EYNTKA_Functional_Analysis.tex:3346: Undefined control sequence.
\enit@setresumekeys ...it@toks }\ifnum \enit@type 
                                                  =\z@ #3\def \enit@noexcs {...
l.3346 	\end{enumerate}
                       
The control sequence at the end of the top line
of your error message was never \def'ed. If you have
misspelled it (e.g., `\hobx'), type `I' and the correct
spelling (e.g., `I\hbox'). Otherwise just continue,
and I'll forget about whatever was undefined.

./EYNTKA_Functional_Analysis.tex:3346: Missing number, treated as zero.
<to be read again> 
                   =
l.3346 	\end{enumerate}
                       
A number should have been here; I inserted `0'.
(If you can't figure out why I needed to see a number,
look up `weird error' in the index to The TeXbook.)

[61]
pdfTeX warning (ext4): destination with the same identifier (name{tcb@cnt@defn.2}) has been already used, duplicate ignored
<to be read again> 
                   \relax 
l.3354 ...{defn}{Compact Operators}{compOperators}
                                                  
pdfTeX warning (ext4): destination with the same identifier (name{tcb@cnt@lem.2}) has been already used, duplicate ignored
<to be read again> 
                   \relax 
l.3359 ...erator Is Compact}{whenDiagnbleOpIsComp}
                                                   [62]
pdfTeX warning (ext4): destination with the same identifier (name{tcb@cnt@lem.3}) has been already used, duplicate ignored
<to be read again> 
                   \relax 
l.3393 ...etween Adjoint}{eigenVecsBetweenAdjoint}
                                                  
pdfTeX warning (ext4): destination with the same identifier (name{tcb@cnt@lem.4}) has been already used, duplicate ignored
<to be read again> 
                   \relax 
l.3415 ...istenceEigenvaluesForNormalCompOperator}
                                                  
pdfTeX warning (ext4): destination with the same identifier (name{tcb@cnt@thm.2}) has been already used, duplicate ignored
<to be read again> 
                   \relax 
l.3424 ...nalizable}{normalCompThenDiagonalizable}
                                                   [63]
pdfTeX warning (ext4): destination with the same identifier (name{tcb@cnt@defn.3}) has been already used, duplicate ignored
<to be read again> 
                   \relax 
l.3449 \begin{defn}{Spectrum}{spectrum}
                                       
pdfTeX warning (ext4): destination with the same identifier (name{tcb@cnt@defn.4}) has been already used, duplicate ignored
<to be read again> 
                   \relax 
l.3474 \begin{defn}{Calkin Algebra}{calkinAlgebra}
                                                  
pdfTeX warning (ext4): destination with the same identifier (name{tcb@cnt@defn.5}) has been already used, duplicate ignored
<to be read again> 
                   \relax 
l.3484 ...n}{Compact Pertubation}{compPertubation}
                                                  
pdfTeX warning (ext4): destination with the same identifier (name{tcb@cnt@thm.3}) has been already used, duplicate ignored
<to be read again> 
                   \relax 
l.3493 ...in{thm}{Atkinson's Theorem}{atkinsonThm}
                                                  
./EYNTKA_Functional_Analysis.tex:3502: Undefined control sequence.
\enit@endenumerate ->\enit@after 
                                 \endlist \ifx \enit@series \relax \else \if...
l.3502 	\end{enumerate}
                       
The control sequence at the end of the top line
of your error message was never \def'ed. If you have
misspelled it (e.g., `\hobx'), type `I' and the correct
spelling (e.g., `I\hbox'). Otherwise just continue,
and I'll forget about whatever was undefined.

./EYNTKA_Functional_Analysis.tex:3502: Undefined control sequence.
\enit@endenumerate ...\else \ifnum \enit@resuming 
                                                  =\@ne \enit@setresumekeys ...
l.3502 	\end{enumerate}
                       
The control sequence at the end of the top line
of your error message was never \def'ed. If you have
misspelled it (e.g., `\hobx'), type `I' and the correct
spelling (e.g., `I\hbox'). Otherwise just continue,
and I'll forget about whatever was undefined.

./EYNTKA_Functional_Analysis.tex:3502: Missing number, treated as zero.
<to be read again> 
                   =
l.3502 	\end{enumerate}
                       
A number should have been here; I inserted `0'.
(If you can't figure out why I needed to see a number,
look up `weird error' in the index to The TeXbook.)

./EYNTKA_Functional_Analysis.tex:3502: Undefined control sequence.
\enit@setresumekeys ...xpandafter {\enit@savekeys 
                                                  }\xdef \enit@afterlist {#2...
l.3502 	\end{enumerate}
                       
The control sequence at the end of the top line
of your error message was never \def'ed. If you have
misspelled it (e.g., `\hobx'), type `I' and the correct
spelling (e.g., `I\hbox'). Otherwise just continue,
and I'll forget about whatever was undefined.

./EYNTKA_Functional_Analysis.tex:3502: Undefined control sequence.
\enit@setresumekeys ...it@toks }\ifnum \enit@type 
                                                  =\z@ #3\def \enit@noexcs {...
l.3502 	\end{enumerate}
                       
The control sequence at the end of the top line
of your error message was never \def'ed. If you have
misspelled it (e.g., `\hobx'), type `I' and the correct
spelling (e.g., `I\hbox'). Otherwise just continue,
and I'll forget about whatever was undefined.

./EYNTKA_Functional_Analysis.tex:3502: Missing number, treated as zero.
<to be read again> 
                   =
l.3502 	\end{enumerate}
                       
A number should have been here; I inserted `0'.
(If you can't figure out why I needed to see a number,
look up `weird error' in the index to The TeXbook.)

./EYNTKA_Functional_Analysis.tex:3502: Undefined control sequence.
<argument> enit@resume@series@\enit@series 
                                           
l.3502 	\end{enumerate}
                       
The control sequence at the end of the top line
of your error message was never \def'ed. If you have
misspelled it (e.g., `\hobx'), type `I' and the correct
spelling (e.g., `I\hbox'). Otherwise just continue,
and I'll forget about whatever was undefined.

./EYNTKA_Functional_Analysis.tex:3502: Undefined control sequence.
\enit@endenumerate ...t \fi \ifnum \enit@resuming 
                                                  =\thr@@ \enit@setresumekey...
l.3502 	\end{enumerate}
                       
The control sequence at the end of the top line
of your error message was never \def'ed. If you have
misspelled it (e.g., `\hobx'), type `I' and the correct
spelling (e.g., `I\hbox'). Otherwise just continue,
and I'll forget about whatever was undefined.

./EYNTKA_Functional_Analysis.tex:3502: Missing number, treated as zero.
<to be read again> 
                   =
l.3502 	\end{enumerate}
                       
A number should have been here; I inserted `0'.
(If you can't figure out why I needed to see a number,
look up `weird error' in the index to The TeXbook.)

./EYNTKA_Functional_Analysis.tex:3502: Undefined control sequence.
\enit@setresumekeys ...xpandafter {\enit@savekeys 
                                                  }\xdef \enit@afterlist {#2...
l.3502 	\end{enumerate}
                       
The control sequence at the end of the top line
of your error message was never \def'ed. If you have
misspelled it (e.g., `\hobx'), type `I' and the correct
spelling (e.g., `I\hbox'). Otherwise just continue,
and I'll forget about whatever was undefined.

./EYNTKA_Functional_Analysis.tex:3502: Undefined control sequence.
\enit@setresumekeys ...it@toks }\ifnum \enit@type 
                                                  =\z@ #3\def \enit@noexcs {...
l.3502 	\end{enumerate}
                       
The control sequence at the end of the top line
of your error message was never \def'ed. If you have
misspelled it (e.g., `\hobx'), type `I' and the correct
spelling (e.g., `I\hbox'). Otherwise just continue,
and I'll forget about whatever was undefined.

./EYNTKA_Functional_Analysis.tex:3502: Missing number, treated as zero.
<to be read again> 
                   =
l.3502 	\end{enumerate}
                       
A number should have been here; I inserted `0'.
(If you can't figure out why I needed to see a number,
look up `weird error' in the index to The TeXbook.)

[64]
pdfTeX warning (ext4): destination with the same identifier (name{tcb@cnt@defn.6}) has been already used, duplicate ignored
<to be read again> 
                   \relax 
l.3512 ...fn}{Fredholm Operator}{fredholmOperator}
                                                  
pdfTeX warning (ext4): destination with the same identifier (name{tcb@cnt@defn.7}) has been already used, duplicate ignored
<to be read again> 
                   \relax 
l.3517 \begin{defn}{Index}{index}
                                  [65]
pdfTeX warning (ext4): destination with the same identifier (name{tcb@cnt@lem.5}) has been already used, duplicate ignored
<to be read again> 
                   \relax 
l.3549 ...e Rank And 0 Index}{finiteRankAnd0Index}
                                                  
pdfTeX warning (ext4): destination with the same identifier (name{tcb@cnt@cor.1}) has been already used, duplicate ignored
<to be read again> 
                   \relax 
l.3557 ...edholm Alternative}{fredholmAlternative}
                                                  
pdfTeX warning (ext4): destination with the same identifier (name{tcb@cnt@thm.4}) has been already used, duplicate ignored
<to be read again> 
                   \relax 
l.3578 ...erator}{indexInvariantUnderCompOperator}
                                                  
pdfTeX warning (ext4): destination with the same identifier (name{tcb@cnt@prop.1}) has been already used, duplicate ignored
<to be read again> 
                   \relax 
l.3589 ...holm Class Is Open}{fredholmClassIsOpen}
                                                   [66]
pdfTeX warning (ext4): destination with the same identifier (name{tcb@cnt@prop.2}) has been already used, duplicate ignored
<to be read again> 
                   \relax 
l.3597 ...ors}{gradingStructureFreidholmOperators}
                                                   [67]
Chapter 4.

pdfTeX warning (ext4): destination with the same identifier (name{tcb@cnt@defn.1}) has been already used, duplicate ignored
<to be read again> 
                   \relax 
l.3633 ...gebra Revisited}{banachAlgebraRevisited}
                                                   [68

]
pdfTeX warning (ext4): destination with the same identifier (name{tcb@cnt@defn.2}) has been already used, duplicate ignored
<to be read again> 
                   \relax 
l.3653 ...efn}{Regular Representation}{regularRep}
                                                  
pdfTeX warning (ext4): destination with the same identifier (name{tcb@cnt@defn.3}) has been already used, duplicate ignored
<to be read again> 
                   \relax 
l.3666 ...defn}{Approximate Unit}{approximateUnit}
                                                  
pdfTeX warning (ext4): destination with the same identifier (name{tcb@cnt@example.1}) has been already used, duplicate ignored
<to be read again> 
                   \relax 
l.3675 ...}{Approximate Units}{approximateUnitsEx}
                                                  
pdfTeX warning (ext4): destination with the same identifier (name{tcb@cnt@lem.1}) has been already used, duplicate ignored
<to be read again> 
                   \relax 
l.3683 ...ible Elements}{almostInvertibleElements}
                                                  
pdfTeX warning (ext4): destination with the same identifier (name{tcb@cnt@prop.1}) has been already used, duplicate ignored
<to be read again> 
                   \relax 
l.3695 ...}{Properties Of $\GL(A)$}{propGenLinGrp}
                                                   [69]
pdfTeX warning (ext4): destination with the same identifier (name{tcb@cnt@defn.4}) has been already used, duplicate ignored
<to be read again> 
                   \relax 
l.3714 \begin{defn}{Spectrum}{spectrumGeneralized}
                                                  
pdfTeX warning (ext4): destination with the same identifier (name{tcb@cnt@defn.5}) has been already used, duplicate ignored
<to be read again> 
                   \relax 
l.3729 ...n{defn}{Spectral Radius}{spectralRadius}
                                                  
pdfTeX warning (ext4): destination with the same identifier (name{tcb@cnt@lem.2}) has been already used, duplicate ignored
<to be read again> 
                   \relax 
l.3738 \begin{lem}{Build-Up Lemma I}{buildUpLemI}
                                                  [70]
pdfTeX warning (ext4): destination with the same identifier (name{tcb@cnt@lem.3}) has been already used, duplicate ignored
<to be read again> 
                   \relax 
l.3758 ...lem}{Build-Up Lemma II}{build-UpLemmaII}
                                                  
pdfTeX warning (ext4): destination with the same identifier (name{tcb@cnt@thm.1}) has been already used, duplicate ignored
<to be read again> 
                   \relax 
l.3775 ...hm}{Spectrum Is Compact}{spectrumIsComp}
                                                  
pdfTeX warning (ext4): destination with the same identifier (name{tcb@cnt@cor.1}) has been already used, duplicate ignored
<to be read again> 
                   \relax 
l.3788 ...vision Algebra $\C$}{algClosedDivAlgIsC}
                                                   [71]
pdfTeX warning (ext4): destination with the same identifier (name{tcb@cnt@defn.1}) has been already used, duplicate ignored
<to be read again> 
                   \relax 
l.3805 ...fn}{Functional Calculus}{funcalCalculus}
                                                   [72]
Appendix A.
Package microtype Info: Loading generic protrusion settings for font family
(microtype)             `cmtt' (encoding: OT1).
(microtype)             For optimal results, create family-specific settings.
(microtype)             See the microtype manual for details.
[73

]
./EYNTKA_Functional_Analysis.tex:3875: Undefined control sequence.
\enit@endenumerate ->\enit@after 
                                 \endlist \ifx \enit@series \relax \else \if...
l.3875 \end{enumerate}
                      
The control sequence at the end of the top line
of your error message was never \def'ed. If you have
misspelled it (e.g., `\hobx'), type `I' and the correct
spelling (e.g., `I\hbox'). Otherwise just continue,
and I'll forget about whatever was undefined.

./EYNTKA_Functional_Analysis.tex:3875: Undefined control sequence.
\enit@endenumerate ...\else \ifnum \enit@resuming 
                                                  =\@ne \enit@setresumekeys ...
l.3875 \end{enumerate}
                      
The control sequence at the end of the top line
of your error message was never \def'ed. If you have
misspelled it (e.g., `\hobx'), type `I' and the correct
spelling (e.g., `I\hbox'). Otherwise just continue,
and I'll forget about whatever was undefined.

./EYNTKA_Functional_Analysis.tex:3875: Missing number, treated as zero.
<to be read again> 
                   =
l.3875 \end{enumerate}
                      
A number should have been here; I inserted `0'.
(If you can't figure out why I needed to see a number,
look up `weird error' in the index to The TeXbook.)

./EYNTKA_Functional_Analysis.tex:3875: Undefined control sequence.
\enit@setresumekeys ...xpandafter {\enit@savekeys 
                                                  }\xdef \enit@afterlist {#2...
l.3875 \end{enumerate}
                      
The control sequence at the end of the top line
of your error message was never \def'ed. If you have
misspelled it (e.g., `\hobx'), type `I' and the correct
spelling (e.g., `I\hbox'). Otherwise just continue,
and I'll forget about whatever was undefined.

./EYNTKA_Functional_Analysis.tex:3875: Undefined control sequence.
\enit@setresumekeys ...it@toks }\ifnum \enit@type 
                                                  =\z@ #3\def \enit@noexcs {...
l.3875 \end{enumerate}
                      
The control sequence at the end of the top line
of your error message was never \def'ed. If you have
misspelled it (e.g., `\hobx'), type `I' and the correct
spelling (e.g., `I\hbox'). Otherwise just continue,
and I'll forget about whatever was undefined.

./EYNTKA_Functional_Analysis.tex:3875: Missing number, treated as zero.
<to be read again> 
                   =
l.3875 \end{enumerate}
                      
A number should have been here; I inserted `0'.
(If you can't figure out why I needed to see a number,
look up `weird error' in the index to The TeXbook.)

./EYNTKA_Functional_Analysis.tex:3875: Undefined control sequence.
<argument> enit@resume@series@\enit@series 
                                           
l.3875 \end{enumerate}
                      
The control sequence at the end of the top line
of your error message was never \def'ed. If you have
misspelled it (e.g., `\hobx'), type `I' and the correct
spelling (e.g., `I\hbox'). Otherwise just continue,
and I'll forget about whatever was undefined.

./EYNTKA_Functional_Analysis.tex:3875: Undefined control sequence.
\enit@endenumerate ...t \fi \ifnum \enit@resuming 
                                                  =\thr@@ \enit@setresumekey...
l.3875 \end{enumerate}
                      
The control sequence at the end of the top line
of your error message was never \def'ed. If you have
misspelled it (e.g., `\hobx'), type `I' and the correct
spelling (e.g., `I\hbox'). Otherwise just continue,
and I'll forget about whatever was undefined.

./EYNTKA_Functional_Analysis.tex:3875: Missing number, treated as zero.
<to be read again> 
                   =
l.3875 \end{enumerate}
                      
A number should have been here; I inserted `0'.
(If you can't figure out why I needed to see a number,
look up `weird error' in the index to The TeXbook.)

./EYNTKA_Functional_Analysis.tex:3875: Undefined control sequence.
\enit@setresumekeys ...xpandafter {\enit@savekeys 
                                                  }\xdef \enit@afterlist {#2...
l.3875 \end{enumerate}
                      
The control sequence at the end of the top line
of your error message was never \def'ed. If you have
misspelled it (e.g., `\hobx'), type `I' and the correct
spelling (e.g., `I\hbox'). Otherwise just continue,
and I'll forget about whatever was undefined.

./EYNTKA_Functional_Analysis.tex:3875: Undefined control sequence.
\enit@setresumekeys ...it@toks }\ifnum \enit@type 
                                                  =\z@ #3\def \enit@noexcs {...
l.3875 \end{enumerate}
                      
The control sequence at the end of the top line
of your error message was never \def'ed. If you have
misspelled it (e.g., `\hobx'), type `I' and the correct
spelling (e.g., `I\hbox'). Otherwise just continue,
and I'll forget about whatever was undefined.

./EYNTKA_Functional_Analysis.tex:3875: Missing number, treated as zero.
<to be read again> 
                   =
l.3875 \end{enumerate}
                      
A number should have been here; I inserted `0'.
(If you can't figure out why I needed to see a number,
look up `weird error' in the index to The TeXbook.)

./EYNTKA_Functional_Analysis.tex:3882: Undefined control sequence.
\enit@enditemize ->\enit@after 
                               \endlist \ifx \enit@series \relax \else \ifnu...
l.3882 \end{itemize}
                    
The control sequence at the end of the top line
of your error message was never \def'ed. If you have
misspelled it (e.g., `\hobx'), type `I' and the correct
spelling (e.g., `I\hbox'). Otherwise just continue,
and I'll forget about whatever was undefined.

./EYNTKA_Functional_Analysis.tex:3882: Undefined control sequence.
\enit@enditemize ...x \else \ifnum \enit@resuming 
                                                  =\@ne \enit@setresumekeys ...
l.3882 \end{itemize}
                    
The control sequence at the end of the top line
of your error message was never \def'ed. If you have
misspelled it (e.g., `\hobx'), type `I' and the correct
spelling (e.g., `I\hbox'). Otherwise just continue,
and I'll forget about whatever was undefined.

./EYNTKA_Functional_Analysis.tex:3882: Missing number, treated as zero.
<to be read again> 
                   =
l.3882 \end{itemize}
                    
A number should have been here; I inserted `0'.
(If you can't figure out why I needed to see a number,
look up `weird error' in the index to The TeXbook.)

./EYNTKA_Functional_Analysis.tex:3882: Undefined control sequence.
\enit@setresumekeys ...xpandafter {\enit@savekeys 
                                                  }\xdef \enit@afterlist {#2...
l.3882 \end{itemize}
                    
The control sequence at the end of the top line
of your error message was never \def'ed. If you have
misspelled it (e.g., `\hobx'), type `I' and the correct
spelling (e.g., `I\hbox'). Otherwise just continue,
and I'll forget about whatever was undefined.

./EYNTKA_Functional_Analysis.tex:3882: Undefined control sequence.
\enit@setresumekeys ...it@toks }\ifnum \enit@type 
                                                  =\z@ #3\def \enit@noexcs {...
l.3882 \end{itemize}
                    
The control sequence at the end of the top line
of your error message was never \def'ed. If you have
misspelled it (e.g., `\hobx'), type `I' and the correct
spelling (e.g., `I\hbox'). Otherwise just continue,
and I'll forget about whatever was undefined.

./EYNTKA_Functional_Analysis.tex:3882: Missing number, treated as zero.
<to be read again> 
                   =
l.3882 \end{itemize}
                    
A number should have been here; I inserted `0'.
(If you can't figure out why I needed to see a number,
look up `weird error' in the index to The TeXbook.)

./EYNTKA_Functional_Analysis.tex:3882: Undefined control sequence.
<argument> enit@resume@series@\enit@series 
                                           
l.3882 \end{itemize}
                    
The control sequence at the end of the top line
of your error message was never \def'ed. If you have
misspelled it (e.g., `\hobx'), type `I' and the correct
spelling (e.g., `I\hbox'). Otherwise just continue,
and I'll forget about whatever was undefined.

./EYNTKA_Functional_Analysis.tex:3882: Undefined control sequence.
\enit@setresumekeys ...me@#1}{\csname c@\@listctr 
                                                  \endcsname \the \csname c@...
l.3882 \end{itemize}
                    
The control sequence at the end of the top line
of your error message was never \def'ed. If you have
misspelled it (e.g., `\hobx'), type `I' and the correct
spelling (e.g., `I\hbox'). Otherwise just continue,
and I'll forget about whatever was undefined.

./EYNTKA_Functional_Analysis.tex:3882: Undefined control sequence.
\enit@setresumekeys ...e \the \csname c@\@listctr 
                                                  \endcsname }\fi }
l.3882 \end{itemize}
                    
The control sequence at the end of the top line
of your error message was never \def'ed. If you have
misspelled it (e.g., `\hobx'), type `I' and the correct
spelling (e.g., `I\hbox'). Otherwise just continue,
and I'll forget about whatever was undefined.

./EYNTKA_Functional_Analysis.tex:3882: You can't use `\relax' after \the.
<recently read> \c@ 
                    
l.3882 \end{itemize}
                    
I'm forgetting what you said and using zero instead.

./EYNTKA_Functional_Analysis.tex:3882: Undefined control sequence.
\enit@enditemize ...ist \fi \ifnum \enit@resuming 
                                                  =\thr@@ \enit@setresumekey...
l.3882 \end{itemize}
                    
The control sequence at the end of the top line
of your error message was never \def'ed. If you have
misspelled it (e.g., `\hobx'), type `I' and the correct
spelling (e.g., `I\hbox'). Otherwise just continue,
and I'll forget about whatever was undefined.

./EYNTKA_Functional_Analysis.tex:3882: Missing number, treated as zero.
<to be read again> 
                   =
l.3882 \end{itemize}
                    
A number should have been here; I inserted `0'.
(If you can't figure out why I needed to see a number,
look up `weird error' in the index to The TeXbook.)

./EYNTKA_Functional_Analysis.tex:3882: Undefined control sequence.
\enit@setresumekeys ...xpandafter {\enit@savekeys 
                                                  }\xdef \enit@afterlist {#2...
l.3882 \end{itemize}
                    
The control sequence at the end of the top line
of your error message was never \def'ed. If you have
misspelled it (e.g., `\hobx'), type `I' and the correct
spelling (e.g., `I\hbox'). Otherwise just continue,
and I'll forget about whatever was undefined.

./EYNTKA_Functional_Analysis.tex:3882: Undefined control sequence.
\enit@setresumekeys ...it@toks }\ifnum \enit@type 
                                                  =\z@ #3\def \enit@noexcs {...
l.3882 \end{itemize}
                    
The control sequence at the end of the top line
of your error message was never \def'ed. If you have
misspelled it (e.g., `\hobx'), type `I' and the correct
spelling (e.g., `I\hbox'). Otherwise just continue,
and I'll forget about whatever was undefined.

./EYNTKA_Functional_Analysis.tex:3882: Missing number, treated as zero.
<to be read again> 
                   =
l.3882 \end{itemize}
                    
A number should have been here; I inserted `0'.
(If you can't figure out why I needed to see a number,
look up `weird error' in the index to The TeXbook.)

./EYNTKA_Functional_Analysis.tex:3882: Undefined control sequence.
\enit@setresumekeys ...me@#1}{\csname c@\@listctr 
                                                  \endcsname \the \csname c@...
l.3882 \end{itemize}
                    
The control sequence at the end of the top line
of your error message was never \def'ed. If you have
misspelled it (e.g., `\hobx'), type `I' and the correct
spelling (e.g., `I\hbox'). Otherwise just continue,
and I'll forget about whatever was undefined.

./EYNTKA_Functional_Analysis.tex:3882: Undefined control sequence.
\enit@setresumekeys ...e \the \csname c@\@listctr 
                                                  \endcsname }\fi }
l.3882 \end{itemize}
                    
The control sequence at the end of the top line
of your error message was never \def'ed. If you have
misspelled it (e.g., `\hobx'), type `I' and the correct
spelling (e.g., `I\hbox'). Otherwise just continue,
and I'll forget about whatever was undefined.

./EYNTKA_Functional_Analysis.tex:3882: You can't use `\relax' after \the.
<recently read> \c@ 
                    
l.3882 \end{itemize}
                    
I'm forgetting what you said and using zero instead.

[74{/usr/local/texlive/2023/texmf-dist/fonts/enc/dvips/cm-super/cm-super-ts1.enc}]
./EYNTKA_Functional_Analysis.tex:3906: Undefined control sequence.
\enit@enditemize ->\enit@after 
                               \endlist \ifx \enit@series \relax \else \ifnu...
l.3906 \end{itemize}
                    
The control sequence at the end of the top line
of your error message was never \def'ed. If you have
misspelled it (e.g., `\hobx'), type `I' and the correct
spelling (e.g., `I\hbox'). Otherwise just continue,
and I'll forget about whatever was undefined.

./EYNTKA_Functional_Analysis.tex:3906: Undefined control sequence.
\enit@enditemize ...x \else \ifnum \enit@resuming 
                                                  =\@ne \enit@setresumekeys ...
l.3906 \end{itemize}
                    
The control sequence at the end of the top line
of your error message was never \def'ed. If you have
misspelled it (e.g., `\hobx'), type `I' and the correct
spelling (e.g., `I\hbox'). Otherwise just continue,
and I'll forget about whatever was undefined.

./EYNTKA_Functional_Analysis.tex:3906: Missing number, treated as zero.
<to be read again> 
                   =
l.3906 \end{itemize}
                    
A number should have been here; I inserted `0'.
(If you can't figure out why I needed to see a number,
look up `weird error' in the index to The TeXbook.)

./EYNTKA_Functional_Analysis.tex:3906: Undefined control sequence.
\enit@setresumekeys ...xpandafter {\enit@savekeys 
                                                  }\xdef \enit@afterlist {#2...
l.3906 \end{itemize}
                    
The control sequence at the end of the top line
of your error message was never \def'ed. If you have
misspelled it (e.g., `\hobx'), type `I' and the correct
spelling (e.g., `I\hbox'). Otherwise just continue,
and I'll forget about whatever was undefined.

./EYNTKA_Functional_Analysis.tex:3906: Undefined control sequence.
\enit@setresumekeys ...it@toks }\ifnum \enit@type 
                                                  =\z@ #3\def \enit@noexcs {...
l.3906 \end{itemize}
                    
The control sequence at the end of the top line
of your error message was never \def'ed. If you have
misspelled it (e.g., `\hobx'), type `I' and the correct
spelling (e.g., `I\hbox'). Otherwise just continue,
and I'll forget about whatever was undefined.

./EYNTKA_Functional_Analysis.tex:3906: Missing number, treated as zero.
<to be read again> 
                   =
l.3906 \end{itemize}
                    
A number should have been here; I inserted `0'.
(If you can't figure out why I needed to see a number,
look up `weird error' in the index to The TeXbook.)

./EYNTKA_Functional_Analysis.tex:3906: Undefined control sequence.
<argument> enit@resume@series@\enit@series 
                                           
l.3906 \end{itemize}
                    
The control sequence at the end of the top line
of your error message was never \def'ed. If you have
misspelled it (e.g., `\hobx'), type `I' and the correct
spelling (e.g., `I\hbox'). Otherwise just continue,
and I'll forget about whatever was undefined.

./EYNTKA_Functional_Analysis.tex:3906: Undefined control sequence.
\enit@setresumekeys ...me@#1}{\csname c@\@listctr 
                                                  \endcsname \the \csname c@...
l.3906 \end{itemize}
                    
The control sequence at the end of the top line
of your error message was never \def'ed. If you have
misspelled it (e.g., `\hobx'), type `I' and the correct
spelling (e.g., `I\hbox'). Otherwise just continue,
and I'll forget about whatever was undefined.

./EYNTKA_Functional_Analysis.tex:3906: Undefined control sequence.
\enit@setresumekeys ...e \the \csname c@\@listctr 
                                                  \endcsname }\fi }
l.3906 \end{itemize}
                    
The control sequence at the end of the top line
of your error message was never \def'ed. If you have
misspelled it (e.g., `\hobx'), type `I' and the correct
spelling (e.g., `I\hbox'). Otherwise just continue,
and I'll forget about whatever was undefined.

./EYNTKA_Functional_Analysis.tex:3906: You can't use `\relax' after \the.
<recently read> \c@ 
                    
l.3906 \end{itemize}
                    
I'm forgetting what you said and using zero instead.

./EYNTKA_Functional_Analysis.tex:3906: Undefined control sequence.
\enit@enditemize ...ist \fi \ifnum \enit@resuming 
                                                  =\thr@@ \enit@setresumekey...
l.3906 \end{itemize}
                    
The control sequence at the end of the top line
of your error message was never \def'ed. If you have
misspelled it (e.g., `\hobx'), type `I' and the correct
spelling (e.g., `I\hbox'). Otherwise just continue,
and I'll forget about whatever was undefined.

./EYNTKA_Functional_Analysis.tex:3906: Missing number, treated as zero.
<to be read again> 
                   =
l.3906 \end{itemize}
                    
A number should have been here; I inserted `0'.
(If you can't figure out why I needed to see a number,
look up `weird error' in the index to The TeXbook.)

./EYNTKA_Functional_Analysis.tex:3906: Undefined control sequence.
\enit@setresumekeys ...xpandafter {\enit@savekeys 
                                                  }\xdef \enit@afterlist {#2...
l.3906 \end{itemize}
                    
The control sequence at the end of the top line
of your error message was never \def'ed. If you have
misspelled it (e.g., `\hobx'), type `I' and the correct
spelling (e.g., `I\hbox'). Otherwise just continue,
and I'll forget about whatever was undefined.

./EYNTKA_Functional_Analysis.tex:3906: Undefined control sequence.
\enit@setresumekeys ...it@toks }\ifnum \enit@type 
                                                  =\z@ #3\def \enit@noexcs {...
l.3906 \end{itemize}
                    
The control sequence at the end of the top line
of your error message was never \def'ed. If you have
misspelled it (e.g., `\hobx'), type `I' and the correct
spelling (e.g., `I\hbox'). Otherwise just continue,
and I'll forget about whatever was undefined.

./EYNTKA_Functional_Analysis.tex:3906: Missing number, treated as zero.
<to be read again> 
                   =
l.3906 \end{itemize}
                    
A number should have been here; I inserted `0'.
(If you can't figure out why I needed to see a number,
look up `weird error' in the index to The TeXbook.)

./EYNTKA_Functional_Analysis.tex:3906: Undefined control sequence.
\enit@setresumekeys ...me@#1}{\csname c@\@listctr 
                                                  \endcsname \the \csname c@...
l.3906 \end{itemize}
                    
The control sequence at the end of the top line
of your error message was never \def'ed. If you have
misspelled it (e.g., `\hobx'), type `I' and the correct
spelling (e.g., `I\hbox'). Otherwise just continue,
and I'll forget about whatever was undefined.

./EYNTKA_Functional_Analysis.tex:3906: Undefined control sequence.
\enit@setresumekeys ...e \the \csname c@\@listctr 
                                                  \endcsname }\fi }
l.3906 \end{itemize}
                    
The control sequence at the end of the top line
of your error message was never \def'ed. If you have
misspelled it (e.g., `\hobx'), type `I' and the correct
spelling (e.g., `I\hbox'). Otherwise just continue,
and I'll forget about whatever was undefined.

./EYNTKA_Functional_Analysis.tex:3906: You can't use `\relax' after \the.
<recently read> \c@ 
                    
l.3906 \end{itemize}
                    
I'm forgetting what you said and using zero instead.

./EYNTKA_Functional_Analysis.tex:3916: Undefined control sequence.
\enit@enditemize ->\enit@after 
                               \endlist \ifx \enit@series \relax \else \ifnu...
l.3916 \end{itemize}
                    
The control sequence at the end of the top line
of your error message was never \def'ed. If you have
misspelled it (e.g., `\hobx'), type `I' and the correct
spelling (e.g., `I\hbox'). Otherwise just continue,
and I'll forget about whatever was undefined.

./EYNTKA_Functional_Analysis.tex:3916: Undefined control sequence.
\enit@enditemize ...x \else \ifnum \enit@resuming 
                                                  =\@ne \enit@setresumekeys ...
l.3916 \end{itemize}
                    
The control sequence at the end of the top line
of your error message was never \def'ed. If you have
misspelled it (e.g., `\hobx'), type `I' and the correct
spelling (e.g., `I\hbox'). Otherwise just continue,
and I'll forget about whatever was undefined.

./EYNTKA_Functional_Analysis.tex:3916: Missing number, treated as zero.
<to be read again> 
                   =
l.3916 \end{itemize}
                    
A number should have been here; I inserted `0'.
(If you can't figure out why I needed to see a number,
look up `weird error' in the index to The TeXbook.)

./EYNTKA_Functional_Analysis.tex:3916: Undefined control sequence.
\enit@setresumekeys ...xpandafter {\enit@savekeys 
                                                  }\xdef \enit@afterlist {#2...
l.3916 \end{itemize}
                    
The control sequence at the end of the top line
of your error message was never \def'ed. If you have
misspelled it (e.g., `\hobx'), type `I' and the correct
spelling (e.g., `I\hbox'). Otherwise just continue,
and I'll forget about whatever was undefined.

./EYNTKA_Functional_Analysis.tex:3916: Undefined control sequence.
\enit@setresumekeys ...it@toks }\ifnum \enit@type 
                                                  =\z@ #3\def \enit@noexcs {...
l.3916 \end{itemize}
                    
The control sequence at the end of the top line
of your error message was never \def'ed. If you have
misspelled it (e.g., `\hobx'), type `I' and the correct
spelling (e.g., `I\hbox'). Otherwise just continue,
and I'll forget about whatever was undefined.

./EYNTKA_Functional_Analysis.tex:3916: Missing number, treated as zero.
<to be read again> 
                   =
l.3916 \end{itemize}
                    
A number should have been here; I inserted `0'.
(If you can't figure out why I needed to see a number,
look up `weird error' in the index to The TeXbook.)

./EYNTKA_Functional_Analysis.tex:3916: Undefined control sequence.
<argument> enit@resume@series@\enit@series 
                                           
l.3916 \end{itemize}
                    
The control sequence at the end of the top line
of your error message was never \def'ed. If you have
misspelled it (e.g., `\hobx'), type `I' and the correct
spelling (e.g., `I\hbox'). Otherwise just continue,
and I'll forget about whatever was undefined.

./EYNTKA_Functional_Analysis.tex:3916: Undefined control sequence.
\enit@setresumekeys ...me@#1}{\csname c@\@listctr 
                                                  \endcsname \the \csname c@...
l.3916 \end{itemize}
                    
The control sequence at the end of the top line
of your error message was never \def'ed. If you have
misspelled it (e.g., `\hobx'), type `I' and the correct
spelling (e.g., `I\hbox'). Otherwise just continue,
and I'll forget about whatever was undefined.

./EYNTKA_Functional_Analysis.tex:3916: Undefined control sequence.
\enit@setresumekeys ...e \the \csname c@\@listctr 
                                                  \endcsname }\fi }
l.3916 \end{itemize}
                    
The control sequence at the end of the top line
of your error message was never \def'ed. If you have
misspelled it (e.g., `\hobx'), type `I' and the correct
spelling (e.g., `I\hbox'). Otherwise just continue,
and I'll forget about whatever was undefined.

./EYNTKA_Functional_Analysis.tex:3916: You can't use `\relax' after \the.
<recently read> \c@ 
                    
l.3916 \end{itemize}
                    
I'm forgetting what you said and using zero instead.

./EYNTKA_Functional_Analysis.tex:3916: Undefined control sequence.
\enit@enditemize ...ist \fi \ifnum \enit@resuming 
                                                  =\thr@@ \enit@setresumekey...
l.3916 \end{itemize}
                    
The control sequence at the end of the top line
of your error message was never \def'ed. If you have
misspelled it (e.g., `\hobx'), type `I' and the correct
spelling (e.g., `I\hbox'). Otherwise just continue,
and I'll forget about whatever was undefined.

./EYNTKA_Functional_Analysis.tex:3916: Missing number, treated as zero.
<to be read again> 
                   =
l.3916 \end{itemize}
                    
A number should have been here; I inserted `0'.
(If you can't figure out why I needed to see a number,
look up `weird error' in the index to The TeXbook.)

./EYNTKA_Functional_Analysis.tex:3916: Undefined control sequence.
\enit@setresumekeys ...xpandafter {\enit@savekeys 
                                                  }\xdef \enit@afterlist {#2...
l.3916 \end{itemize}
                    
The control sequence at the end of the top line
of your error message was never \def'ed. If you have
misspelled it (e.g., `\hobx'), type `I' and the correct
spelling (e.g., `I\hbox'). Otherwise just continue,
and I'll forget about whatever was undefined.

./EYNTKA_Functional_Analysis.tex:3916: Undefined control sequence.
\enit@setresumekeys ...it@toks }\ifnum \enit@type 
                                                  =\z@ #3\def \enit@noexcs {...
l.3916 \end{itemize}
                    
The control sequence at the end of the top line
of your error message was never \def'ed. If you have
misspelled it (e.g., `\hobx'), type `I' and the correct
spelling (e.g., `I\hbox'). Otherwise just continue,
and I'll forget about whatever was undefined.

./EYNTKA_Functional_Analysis.tex:3916: Missing number, treated as zero.
<to be read again> 
                   =
l.3916 \end{itemize}
                    
A number should have been here; I inserted `0'.
(If you can't figure out why I needed to see a number,
look up `weird error' in the index to The TeXbook.)

./EYNTKA_Functional_Analysis.tex:3916: Undefined control sequence.
\enit@setresumekeys ...me@#1}{\csname c@\@listctr 
                                                  \endcsname \the \csname c@...
l.3916 \end{itemize}
                    
The control sequence at the end of the top line
of your error message was never \def'ed. If you have
misspelled it (e.g., `\hobx'), type `I' and the correct
spelling (e.g., `I\hbox'). Otherwise just continue,
and I'll forget about whatever was undefined.

./EYNTKA_Functional_Analysis.tex:3916: Undefined control sequence.
\enit@setresumekeys ...e \the \csname c@\@listctr 
                                                  \endcsname }\fi }
l.3916 \end{itemize}
                    
The control sequence at the end of the top line
of your error message was never \def'ed. If you have
misspelled it (e.g., `\hobx'), type `I' and the correct
spelling (e.g., `I\hbox'). Otherwise just continue,
and I'll forget about whatever was undefined.

./EYNTKA_Functional_Analysis.tex:3916: You can't use `\relax' after \the.
<recently read> \c@ 
                    
l.3916 \end{itemize}
                    
I'm forgetting what you said and using zero instead.

[75]
./EYNTKA_Functional_Analysis.tex:3942: Undefined control sequence.
\enit@enditemize ->\enit@after 
                               \endlist \ifx \enit@series \relax \else \ifnu...
l.3942     \end{itemize}
                        
The control sequence at the end of the top line
of your error message was never \def'ed. If you have
misspelled it (e.g., `\hobx'), type `I' and the correct
spelling (e.g., `I\hbox'). Otherwise just continue,
and I'll forget about whatever was undefined.

./EYNTKA_Functional_Analysis.tex:3942: Undefined control sequence.
\enit@enditemize ...x \else \ifnum \enit@resuming 
                                                  =\@ne \enit@setresumekeys ...
l.3942     \end{itemize}
                        
The control sequence at the end of the top line
of your error message was never \def'ed. If you have
misspelled it (e.g., `\hobx'), type `I' and the correct
spelling (e.g., `I\hbox'). Otherwise just continue,
and I'll forget about whatever was undefined.

./EYNTKA_Functional_Analysis.tex:3942: Missing number, treated as zero.
<to be read again> 
                   =
l.3942     \end{itemize}
                        
A number should have been here; I inserted `0'.
(If you can't figure out why I needed to see a number,
look up `weird error' in the index to The TeXbook.)

./EYNTKA_Functional_Analysis.tex:3942: Undefined control sequence.
\enit@setresumekeys ...xpandafter {\enit@savekeys 
                                                  }\xdef \enit@afterlist {#2...
l.3942     \end{itemize}
                        
The control sequence at the end of the top line
of your error message was never \def'ed. If you have
misspelled it (e.g., `\hobx'), type `I' and the correct
spelling (e.g., `I\hbox'). Otherwise just continue,
and I'll forget about whatever was undefined.

./EYNTKA_Functional_Analysis.tex:3942: Undefined control sequence.
\enit@setresumekeys ...it@toks }\ifnum \enit@type 
                                                  =\z@ #3\def \enit@noexcs {...
l.3942     \end{itemize}
                        
The control sequence at the end of the top line
of your error message was never \def'ed. If you have
misspelled it (e.g., `\hobx'), type `I' and the correct
spelling (e.g., `I\hbox'). Otherwise just continue,
and I'll forget about whatever was undefined.

./EYNTKA_Functional_Analysis.tex:3942: Missing number, treated as zero.
<to be read again> 
                   =
l.3942     \end{itemize}
                        
A number should have been here; I inserted `0'.
(If you can't figure out why I needed to see a number,
look up `weird error' in the index to The TeXbook.)

./EYNTKA_Functional_Analysis.tex:3942: Undefined control sequence.
<argument> enit@resume@series@\enit@series 
                                           
l.3942     \end{itemize}
                        
The control sequence at the end of the top line
of your error message was never \def'ed. If you have
misspelled it (e.g., `\hobx'), type `I' and the correct
spelling (e.g., `I\hbox'). Otherwise just continue,
and I'll forget about whatever was undefined.

./EYNTKA_Functional_Analysis.tex:3942: Undefined control sequence.
\enit@enditemize ...ist \fi \ifnum \enit@resuming 
                                                  =\thr@@ \enit@setresumekey...
l.3942     \end{itemize}
                        
The control sequence at the end of the top line
of your error message was never \def'ed. If you have
misspelled it (e.g., `\hobx'), type `I' and the correct
spelling (e.g., `I\hbox'). Otherwise just continue,
and I'll forget about whatever was undefined.

./EYNTKA_Functional_Analysis.tex:3942: Missing number, treated as zero.
<to be read again> 
                   =
l.3942     \end{itemize}
                        
A number should have been here; I inserted `0'.
(If you can't figure out why I needed to see a number,
look up `weird error' in the index to The TeXbook.)

./EYNTKA_Functional_Analysis.tex:3942: Undefined control sequence.
\enit@setresumekeys ...xpandafter {\enit@savekeys 
                                                  }\xdef \enit@afterlist {#2...
l.3942     \end{itemize}
                        
The control sequence at the end of the top line
of your error message was never \def'ed. If you have
misspelled it (e.g., `\hobx'), type `I' and the correct
spelling (e.g., `I\hbox'). Otherwise just continue,
and I'll forget about whatever was undefined.

./EYNTKA_Functional_Analysis.tex:3942: Undefined control sequence.
\enit@setresumekeys ...it@toks }\ifnum \enit@type 
                                                  =\z@ #3\def \enit@noexcs {...
l.3942     \end{itemize}
                        
The control sequence at the end of the top line
of your error message was never \def'ed. If you have
misspelled it (e.g., `\hobx'), type `I' and the correct
spelling (e.g., `I\hbox'). Otherwise just continue,
and I'll forget about whatever was undefined.

./EYNTKA_Functional_Analysis.tex:3942: Missing number, treated as zero.
<to be read again> 
                   =
l.3942     \end{itemize}
                        
A number should have been here; I inserted `0'.
(If you can't figure out why I needed to see a number,
look up `weird error' in the index to The TeXbook.)

./EYNTKA_Functional_Analysis.tex:3954: Undefined control sequence.
\enit@enditemize ->\enit@after 
                               \endlist \ifx \enit@series \relax \else \ifnu...
l.3954     \end{itemize}
                        
The control sequence at the end of the top line
of your error message was never \def'ed. If you have
misspelled it (e.g., `\hobx'), type `I' and the correct
spelling (e.g., `I\hbox'). Otherwise just continue,
and I'll forget about whatever was undefined.

./EYNTKA_Functional_Analysis.tex:3954: Undefined control sequence.
\enit@enditemize ...x \else \ifnum \enit@resuming 
                                                  =\@ne \enit@setresumekeys ...
l.3954     \end{itemize}
                        
The control sequence at the end of the top line
of your error message was never \def'ed. If you have
misspelled it (e.g., `\hobx'), type `I' and the correct
spelling (e.g., `I\hbox'). Otherwise just continue,
and I'll forget about whatever was undefined.

./EYNTKA_Functional_Analysis.tex:3954: Missing number, treated as zero.
<to be read again> 
                   =
l.3954     \end{itemize}
                        
A number should have been here; I inserted `0'.
(If you can't figure out why I needed to see a number,
look up `weird error' in the index to The TeXbook.)

./EYNTKA_Functional_Analysis.tex:3954: Undefined control sequence.
\enit@setresumekeys ...xpandafter {\enit@savekeys 
                                                  }\xdef \enit@afterlist {#2...
l.3954     \end{itemize}
                        
The control sequence at the end of the top line
of your error message was never \def'ed. If you have
misspelled it (e.g., `\hobx'), type `I' and the correct
spelling (e.g., `I\hbox'). Otherwise just continue,
and I'll forget about whatever was undefined.

./EYNTKA_Functional_Analysis.tex:3954: Undefined control sequence.
\enit@setresumekeys ...it@toks }\ifnum \enit@type 
                                                  =\z@ #3\def \enit@noexcs {...
l.3954     \end{itemize}
                        
The control sequence at the end of the top line
of your error message was never \def'ed. If you have
misspelled it (e.g., `\hobx'), type `I' and the correct
spelling (e.g., `I\hbox'). Otherwise just continue,
and I'll forget about whatever was undefined.

./EYNTKA_Functional_Analysis.tex:3954: Missing number, treated as zero.
<to be read again> 
                   =
l.3954     \end{itemize}
                        
A number should have been here; I inserted `0'.
(If you can't figure out why I needed to see a number,
look up `weird error' in the index to The TeXbook.)

./EYNTKA_Functional_Analysis.tex:3954: Undefined control sequence.
<argument> enit@resume@series@\enit@series 
                                           
l.3954     \end{itemize}
                        
The control sequence at the end of the top line
of your error message was never \def'ed. If you have
misspelled it (e.g., `\hobx'), type `I' and the correct
spelling (e.g., `I\hbox'). Otherwise just continue,
and I'll forget about whatever was undefined.

./EYNTKA_Functional_Analysis.tex:3954: Undefined control sequence.
\enit@enditemize ...ist \fi \ifnum \enit@resuming 
                                                  =\thr@@ \enit@setresumekey...
l.3954     \end{itemize}
                        
The control sequence at the end of the top line
of your error message was never \def'ed. If you have
misspelled it (e.g., `\hobx'), type `I' and the correct
spelling (e.g., `I\hbox'). Otherwise just continue,
and I'll forget about whatever was undefined.

./EYNTKA_Functional_Analysis.tex:3954: Missing number, treated as zero.
<to be read again> 
                   =
l.3954     \end{itemize}
                        
A number should have been here; I inserted `0'.
(If you can't figure out why I needed to see a number,
look up `weird error' in the index to The TeXbook.)

./EYNTKA_Functional_Analysis.tex:3954: Undefined control sequence.
\enit@setresumekeys ...xpandafter {\enit@savekeys 
                                                  }\xdef \enit@afterlist {#2...
l.3954     \end{itemize}
                        
The control sequence at the end of the top line
of your error message was never \def'ed. If you have
misspelled it (e.g., `\hobx'), type `I' and the correct
spelling (e.g., `I\hbox'). Otherwise just continue,
and I'll forget about whatever was undefined.

./EYNTKA_Functional_Analysis.tex:3954: Undefined control sequence.
\enit@setresumekeys ...it@toks }\ifnum \enit@type 
                                                  =\z@ #3\def \enit@noexcs {...
l.3954     \end{itemize}
                        
The control sequence at the end of the top line
of your error message was never \def'ed. If you have
misspelled it (e.g., `\hobx'), type `I' and the correct
spelling (e.g., `I\hbox'). Otherwise just continue,
and I'll forget about whatever was undefined.

./EYNTKA_Functional_Analysis.tex:3954: Missing number, treated as zero.
<to be read again> 
                   =
l.3954     \end{itemize}
                        
A number should have been here; I inserted `0'.
(If you can't figure out why I needed to see a number,
look up `weird error' in the index to The TeXbook.)

./EYNTKA_Functional_Analysis.tex:3955: Undefined control sequence.
\enit@endenumerate ->\enit@after 
                                 \endlist \ifx \enit@series \relax \else \if...
l.3955 \end{enumerate}
                      
The control sequence at the end of the top line
of your error message was never \def'ed. If you have
misspelled it (e.g., `\hobx'), type `I' and the correct
spelling (e.g., `I\hbox'). Otherwise just continue,
and I'll forget about whatever was undefined.

./EYNTKA_Functional_Analysis.tex:3955: Undefined control sequence.
\enit@endenumerate ...\else \ifnum \enit@resuming 
                                                  =\@ne \enit@setresumekeys ...
l.3955 \end{enumerate}
                      
The control sequence at the end of the top line
of your error message was never \def'ed. If you have
misspelled it (e.g., `\hobx'), type `I' and the correct
spelling (e.g., `I\hbox'). Otherwise just continue,
and I'll forget about whatever was undefined.

./EYNTKA_Functional_Analysis.tex:3955: Missing number, treated as zero.
<to be read again> 
                   =
l.3955 \end{enumerate}
                      
A number should have been here; I inserted `0'.
(If you can't figure out why I needed to see a number,
look up `weird error' in the index to The TeXbook.)

./EYNTKA_Functional_Analysis.tex:3955: Undefined control sequence.
\enit@setresumekeys ...xpandafter {\enit@savekeys 
                                                  }\xdef \enit@afterlist {#2...
l.3955 \end{enumerate}
                      
The control sequence at the end of the top line
of your error message was never \def'ed. If you have
misspelled it (e.g., `\hobx'), type `I' and the correct
spelling (e.g., `I\hbox'). Otherwise just continue,
and I'll forget about whatever was undefined.

./EYNTKA_Functional_Analysis.tex:3955: Undefined control sequence.
\enit@setresumekeys ...it@toks }\ifnum \enit@type 
                                                  =\z@ #3\def \enit@noexcs {...
l.3955 \end{enumerate}
                      
The control sequence at the end of the top line
of your error message was never \def'ed. If you have
misspelled it (e.g., `\hobx'), type `I' and the correct
spelling (e.g., `I\hbox'). Otherwise just continue,
and I'll forget about whatever was undefined.

./EYNTKA_Functional_Analysis.tex:3955: Missing number, treated as zero.
<to be read again> 
                   =
l.3955 \end{enumerate}
                      
A number should have been here; I inserted `0'.
(If you can't figure out why I needed to see a number,
look up `weird error' in the index to The TeXbook.)

./EYNTKA_Functional_Analysis.tex:3955: Undefined control sequence.
<argument> enit@resume@series@\enit@series 
                                           
l.3955 \end{enumerate}
                      
The control sequence at the end of the top line
of your error message was never \def'ed. If you have
misspelled it (e.g., `\hobx'), type `I' and the correct
spelling (e.g., `I\hbox'). Otherwise just continue,
and I'll forget about whatever was undefined.

./EYNTKA_Functional_Analysis.tex:3955: Undefined control sequence.
\enit@endenumerate ...t \fi \ifnum \enit@resuming 
                                                  =\thr@@ \enit@setresumekey...
l.3955 \end{enumerate}
                      
The control sequence at the end of the top line
of your error message was never \def'ed. If you have
misspelled it (e.g., `\hobx'), type `I' and the correct
spelling (e.g., `I\hbox'). Otherwise just continue,
and I'll forget about whatever was undefined.

./EYNTKA_Functional_Analysis.tex:3955: Missing number, treated as zero.
<to be read again> 
                   =
l.3955 \end{enumerate}
                      
A number should have been here; I inserted `0'.
(If you can't figure out why I needed to see a number,
look up `weird error' in the index to The TeXbook.)

./EYNTKA_Functional_Analysis.tex:3955: Undefined control sequence.
\enit@setresumekeys ...xpandafter {\enit@savekeys 
                                                  }\xdef \enit@afterlist {#2...
l.3955 \end{enumerate}
                      
The control sequence at the end of the top line
of your error message was never \def'ed. If you have
misspelled it (e.g., `\hobx'), type `I' and the correct
spelling (e.g., `I\hbox'). Otherwise just continue,
and I'll forget about whatever was undefined.

./EYNTKA_Functional_Analysis.tex:3955: Undefined control sequence.
\enit@setresumekeys ...it@toks }\ifnum \enit@type 
                                                  =\z@ #3\def \enit@noexcs {...
l.3955 \end{enumerate}
                      
The control sequence at the end of the top line
of your error message was never \def'ed. If you have
misspelled it (e.g., `\hobx'), type `I' and the correct
spelling (e.g., `I\hbox'). Otherwise just continue,
and I'll forget about whatever was undefined.

./EYNTKA_Functional_Analysis.tex:3955: Missing number, treated as zero.
<to be read again> 
                   =
l.3955 \end{enumerate}
                      
A number should have been here; I inserted `0'.
(If you can't figure out why I needed to see a number,
look up `weird error' in the index to The TeXbook.)

[76]
./EYNTKA_Functional_Analysis.tex:4010: Undefined control sequence.
\enit@enditemize ->\enit@after 
                               \endlist \ifx \enit@series \relax \else \ifnu...
l.4010     \end{itemize}
                        
The control sequence at the end of the top line
of your error message was never \def'ed. If you have
misspelled it (e.g., `\hobx'), type `I' and the correct
spelling (e.g., `I\hbox'). Otherwise just continue,
and I'll forget about whatever was undefined.

./EYNTKA_Functional_Analysis.tex:4010: Undefined control sequence.
\enit@enditemize ...x \else \ifnum \enit@resuming 
                                                  =\@ne \enit@setresumekeys ...
l.4010     \end{itemize}
                        
The control sequence at the end of the top line
of your error message was never \def'ed. If you have
misspelled it (e.g., `\hobx'), type `I' and the correct
spelling (e.g., `I\hbox'). Otherwise just continue,
and I'll forget about whatever was undefined.

./EYNTKA_Functional_Analysis.tex:4010: Missing number, treated as zero.
<to be read again> 
                   =
l.4010     \end{itemize}
                        
A number should have been here; I inserted `0'.
(If you can't figure out why I needed to see a number,
look up `weird error' in the index to The TeXbook.)

./EYNTKA_Functional_Analysis.tex:4010: Undefined control sequence.
\enit@setresumekeys ...xpandafter {\enit@savekeys 
                                                  }\xdef \enit@afterlist {#2...
l.4010     \end{itemize}
                        
The control sequence at the end of the top line
of your error message was never \def'ed. If you have
misspelled it (e.g., `\hobx'), type `I' and the correct
spelling (e.g., `I\hbox'). Otherwise just continue,
and I'll forget about whatever was undefined.

./EYNTKA_Functional_Analysis.tex:4010: Undefined control sequence.
\enit@setresumekeys ...it@toks }\ifnum \enit@type 
                                                  =\z@ #3\def \enit@noexcs {...
l.4010     \end{itemize}
                        
The control sequence at the end of the top line
of your error message was never \def'ed. If you have
misspelled it (e.g., `\hobx'), type `I' and the correct
spelling (e.g., `I\hbox'). Otherwise just continue,
and I'll forget about whatever was undefined.

./EYNTKA_Functional_Analysis.tex:4010: Missing number, treated as zero.
<to be read again> 
                   =
l.4010     \end{itemize}
                        
A number should have been here; I inserted `0'.
(If you can't figure out why I needed to see a number,
look up `weird error' in the index to The TeXbook.)

./EYNTKA_Functional_Analysis.tex:4010: Undefined control sequence.
<argument> enit@resume@series@\enit@series 
                                           
l.4010     \end{itemize}
                        
The control sequence at the end of the top line
of your error message was never \def'ed. If you have
misspelled it (e.g., `\hobx'), type `I' and the correct
spelling (e.g., `I\hbox'). Otherwise just continue,
and I'll forget about whatever was undefined.

./EYNTKA_Functional_Analysis.tex:4010: Undefined control sequence.
\enit@enditemize ...ist \fi \ifnum \enit@resuming 
                                                  =\thr@@ \enit@setresumekey...
l.4010     \end{itemize}
                        
The control sequence at the end of the top line
of your error message was never \def'ed. If you have
misspelled it (e.g., `\hobx'), type `I' and the correct
spelling (e.g., `I\hbox'). Otherwise just continue,
and I'll forget about whatever was undefined.

./EYNTKA_Functional_Analysis.tex:4010: Missing number, treated as zero.
<to be read again> 
                   =
l.4010     \end{itemize}
                        
A number should have been here; I inserted `0'.
(If you can't figure out why I needed to see a number,
look up `weird error' in the index to The TeXbook.)

./EYNTKA_Functional_Analysis.tex:4010: Undefined control sequence.
\enit@setresumekeys ...xpandafter {\enit@savekeys 
                                                  }\xdef \enit@afterlist {#2...
l.4010     \end{itemize}
                        
The control sequence at the end of the top line
of your error message was never \def'ed. If you have
misspelled it (e.g., `\hobx'), type `I' and the correct
spelling (e.g., `I\hbox'). Otherwise just continue,
and I'll forget about whatever was undefined.

./EYNTKA_Functional_Analysis.tex:4010: Undefined control sequence.
\enit@setresumekeys ...it@toks }\ifnum \enit@type 
                                                  =\z@ #3\def \enit@noexcs {...
l.4010     \end{itemize}
                        
The control sequence at the end of the top line
of your error message was never \def'ed. If you have
misspelled it (e.g., `\hobx'), type `I' and the correct
spelling (e.g., `I\hbox'). Otherwise just continue,
and I'll forget about whatever was undefined.

./EYNTKA_Functional_Analysis.tex:4010: Missing number, treated as zero.
<to be read again> 
                   =
l.4010     \end{itemize}
                        
A number should have been here; I inserted `0'.
(If you can't figure out why I needed to see a number,
look up `weird error' in the index to The TeXbook.)

./EYNTKA_Functional_Analysis.tex:4022: Undefined control sequence.
\enit@enditemize ->\enit@after 
                               \endlist \ifx \enit@series \relax \else \ifnu...
l.4022     \end{itemize}
                        
The control sequence at the end of the top line
of your error message was never \def'ed. If you have
misspelled it (e.g., `\hobx'), type `I' and the correct
spelling (e.g., `I\hbox'). Otherwise just continue,
and I'll forget about whatever was undefined.

./EYNTKA_Functional_Analysis.tex:4022: Undefined control sequence.
\enit@enditemize ...x \else \ifnum \enit@resuming 
                                                  =\@ne \enit@setresumekeys ...
l.4022     \end{itemize}
                        
The control sequence at the end of the top line
of your error message was never \def'ed. If you have
misspelled it (e.g., `\hobx'), type `I' and the correct
spelling (e.g., `I\hbox'). Otherwise just continue,
and I'll forget about whatever was undefined.

./EYNTKA_Functional_Analysis.tex:4022: Missing number, treated as zero.
<to be read again> 
                   =
l.4022     \end{itemize}
                        
A number should have been here; I inserted `0'.
(If you can't figure out why I needed to see a number,
look up `weird error' in the index to The TeXbook.)

./EYNTKA_Functional_Analysis.tex:4022: Undefined control sequence.
\enit@setresumekeys ...xpandafter {\enit@savekeys 
                                                  }\xdef \enit@afterlist {#2...
l.4022     \end{itemize}
                        
The control sequence at the end of the top line
of your error message was never \def'ed. If you have
misspelled it (e.g., `\hobx'), type `I' and the correct
spelling (e.g., `I\hbox'). Otherwise just continue,
and I'll forget about whatever was undefined.

./EYNTKA_Functional_Analysis.tex:4022: Undefined control sequence.
\enit@setresumekeys ...it@toks }\ifnum \enit@type 
                                                  =\z@ #3\def \enit@noexcs {...
l.4022     \end{itemize}
                        
The control sequence at the end of the top line
of your error message was never \def'ed. If you have
misspelled it (e.g., `\hobx'), type `I' and the correct
spelling (e.g., `I\hbox'). Otherwise just continue,
and I'll forget about whatever was undefined.

./EYNTKA_Functional_Analysis.tex:4022: Missing number, treated as zero.
<to be read again> 
                   =
l.4022     \end{itemize}
                        
A number should have been here; I inserted `0'.
(If you can't figure out why I needed to see a number,
look up `weird error' in the index to The TeXbook.)

./EYNTKA_Functional_Analysis.tex:4022: Undefined control sequence.
<argument> enit@resume@series@\enit@series 
                                           
l.4022     \end{itemize}
                        
The control sequence at the end of the top line
of your error message was never \def'ed. If you have
misspelled it (e.g., `\hobx'), type `I' and the correct
spelling (e.g., `I\hbox'). Otherwise just continue,
and I'll forget about whatever was undefined.

./EYNTKA_Functional_Analysis.tex:4022: Undefined control sequence.
\enit@enditemize ...ist \fi \ifnum \enit@resuming 
                                                  =\thr@@ \enit@setresumekey...
l.4022     \end{itemize}
                        
The control sequence at the end of the top line
of your error message was never \def'ed. If you have
misspelled it (e.g., `\hobx'), type `I' and the correct
spelling (e.g., `I\hbox'). Otherwise just continue,
and I'll forget about whatever was undefined.

./EYNTKA_Functional_Analysis.tex:4022: Missing number, treated as zero.
<to be read again> 
                   =
l.4022     \end{itemize}
                        
A number should have been here; I inserted `0'.
(If you can't figure out why I needed to see a number,
look up `weird error' in the index to The TeXbook.)

./EYNTKA_Functional_Analysis.tex:4022: Undefined control sequence.
\enit@setresumekeys ...xpandafter {\enit@savekeys 
                                                  }\xdef \enit@afterlist {#2...
l.4022     \end{itemize}
                        
The control sequence at the end of the top line
of your error message was never \def'ed. If you have
misspelled it (e.g., `\hobx'), type `I' and the correct
spelling (e.g., `I\hbox'). Otherwise just continue,
and I'll forget about whatever was undefined.

./EYNTKA_Functional_Analysis.tex:4022: Undefined control sequence.
\enit@setresumekeys ...it@toks }\ifnum \enit@type 
                                                  =\z@ #3\def \enit@noexcs {...
l.4022     \end{itemize}
                        
The control sequence at the end of the top line
of your error message was never \def'ed. If you have
misspelled it (e.g., `\hobx'), type `I' and the correct
spelling (e.g., `I\hbox'). Otherwise just continue,
and I'll forget about whatever was undefined.

./EYNTKA_Functional_Analysis.tex:4022: Missing number, treated as zero.
<to be read again> 
                   =
l.4022     \end{itemize}
                        
A number should have been here; I inserted `0'.
(If you can't figure out why I needed to see a number,
look up `weird error' in the index to The TeXbook.)

./EYNTKA_Functional_Analysis.tex:4023: Undefined control sequence.
\enit@endenumerate ->\enit@after 
                                 \endlist \ifx \enit@series \relax \else \if...
l.4023 \end{enumerate}
                      
The control sequence at the end of the top line
of your error message was never \def'ed. If you have
misspelled it (e.g., `\hobx'), type `I' and the correct
spelling (e.g., `I\hbox'). Otherwise just continue,
and I'll forget about whatever was undefined.

./EYNTKA_Functional_Analysis.tex:4023: Undefined control sequence.
\enit@endenumerate ...\else \ifnum \enit@resuming 
                                                  =\@ne \enit@setresumekeys ...
l.4023 \end{enumerate}
                      
The control sequence at the end of the top line
of your error message was never \def'ed. If you have
misspelled it (e.g., `\hobx'), type `I' and the correct
spelling (e.g., `I\hbox'). Otherwise just continue,
and I'll forget about whatever was undefined.

./EYNTKA_Functional_Analysis.tex:4023: Missing number, treated as zero.
<to be read again> 
                   =
l.4023 \end{enumerate}
                      
A number should have been here; I inserted `0'.
(If you can't figure out why I needed to see a number,
look up `weird error' in the index to The TeXbook.)

./EYNTKA_Functional_Analysis.tex:4023: Undefined control sequence.
\enit@setresumekeys ...xpandafter {\enit@savekeys 
                                                  }\xdef \enit@afterlist {#2...
l.4023 \end{enumerate}
                      
The control sequence at the end of the top line
of your error message was never \def'ed. If you have
misspelled it (e.g., `\hobx'), type `I' and the correct
spelling (e.g., `I\hbox'). Otherwise just continue,
and I'll forget about whatever was undefined.

./EYNTKA_Functional_Analysis.tex:4023: Undefined control sequence.
\enit@setresumekeys ...it@toks }\ifnum \enit@type 
                                                  =\z@ #3\def \enit@noexcs {...
l.4023 \end{enumerate}
                      
The control sequence at the end of the top line
of your error message was never \def'ed. If you have
misspelled it (e.g., `\hobx'), type `I' and the correct
spelling (e.g., `I\hbox'). Otherwise just continue,
and I'll forget about whatever was undefined.

./EYNTKA_Functional_Analysis.tex:4023: Missing number, treated as zero.
<to be read again> 
                   =
l.4023 \end{enumerate}
                      
A number should have been here; I inserted `0'.
(If you can't figure out why I needed to see a number,
look up `weird error' in the index to The TeXbook.)

./EYNTKA_Functional_Analysis.tex:4023: Undefined control sequence.
<argument> enit@resume@series@\enit@series 
                                           
l.4023 \end{enumerate}
                      
The control sequence at the end of the top line
of your error message was never \def'ed. If you have
misspelled it (e.g., `\hobx'), type `I' and the correct
spelling (e.g., `I\hbox'). Otherwise just continue,
and I'll forget about whatever was undefined.

./EYNTKA_Functional_Analysis.tex:4023: Undefined control sequence.
\enit@endenumerate ...t \fi \ifnum \enit@resuming 
                                                  =\thr@@ \enit@setresumekey...
l.4023 \end{enumerate}
                      
The control sequence at the end of the top line
of your error message was never \def'ed. If you have
misspelled it (e.g., `\hobx'), type `I' and the correct
spelling (e.g., `I\hbox'). Otherwise just continue,
and I'll forget about whatever was undefined.

./EYNTKA_Functional_Analysis.tex:4023: Missing number, treated as zero.
<to be read again> 
                   =
l.4023 \end{enumerate}
                      
A number should have been here; I inserted `0'.
(If you can't figure out why I needed to see a number,
look up `weird error' in the index to The TeXbook.)

./EYNTKA_Functional_Analysis.tex:4023: Undefined control sequence.
\enit@setresumekeys ...xpandafter {\enit@savekeys 
                                                  }\xdef \enit@afterlist {#2...
l.4023 \end{enumerate}
                      
The control sequence at the end of the top line
of your error message was never \def'ed. If you have
misspelled it (e.g., `\hobx'), type `I' and the correct
spelling (e.g., `I\hbox'). Otherwise just continue,
and I'll forget about whatever was undefined.

./EYNTKA_Functional_Analysis.tex:4023: Undefined control sequence.
\enit@setresumekeys ...it@toks }\ifnum \enit@type 
                                                  =\z@ #3\def \enit@noexcs {...
l.4023 \end{enumerate}
                      
The control sequence at the end of the top line
of your error message was never \def'ed. If you have
misspelled it (e.g., `\hobx'), type `I' and the correct
spelling (e.g., `I\hbox'). Otherwise just continue,
and I'll forget about whatever was undefined.

./EYNTKA_Functional_Analysis.tex:4023: Missing number, treated as zero.
<to be read again> 
                   =
l.4023 \end{enumerate}
                      
A number should have been here; I inserted `0'.
(If you can't figure out why I needed to see a number,
look up `weird error' in the index to The TeXbook.)

[77]
./EYNTKA_Functional_Analysis.tex:4051: Undefined control sequence.
\enit@enditemize ->\enit@after 
                               \endlist \ifx \enit@series \relax \else \ifnu...
l.4051 \end{itemize}
                    
The control sequence at the end of the top line
of your error message was never \def'ed. If you have
misspelled it (e.g., `\hobx'), type `I' and the correct
spelling (e.g., `I\hbox'). Otherwise just continue,
and I'll forget about whatever was undefined.

./EYNTKA_Functional_Analysis.tex:4051: Undefined control sequence.
\enit@enditemize ...x \else \ifnum \enit@resuming 
                                                  =\@ne \enit@setresumekeys ...
l.4051 \end{itemize}
                    
The control sequence at the end of the top line
of your error message was never \def'ed. If you have
misspelled it (e.g., `\hobx'), type `I' and the correct
spelling (e.g., `I\hbox'). Otherwise just continue,
and I'll forget about whatever was undefined.

./EYNTKA_Functional_Analysis.tex:4051: Missing number, treated as zero.
<to be read again> 
                   =
l.4051 \end{itemize}
                    
A number should have been here; I inserted `0'.
(If you can't figure out why I needed to see a number,
look up `weird error' in the index to The TeXbook.)

./EYNTKA_Functional_Analysis.tex:4051: Undefined control sequence.
\enit@setresumekeys ...xpandafter {\enit@savekeys 
                                                  }\xdef \enit@afterlist {#2...
l.4051 \end{itemize}
                    
The control sequence at the end of the top line
of your error message was never \def'ed. If you have
misspelled it (e.g., `\hobx'), type `I' and the correct
spelling (e.g., `I\hbox'). Otherwise just continue,
and I'll forget about whatever was undefined.

./EYNTKA_Functional_Analysis.tex:4051: Undefined control sequence.
\enit@setresumekeys ...it@toks }\ifnum \enit@type 
                                                  =\z@ #3\def \enit@noexcs {...
l.4051 \end{itemize}
                    
The control sequence at the end of the top line
of your error message was never \def'ed. If you have
misspelled it (e.g., `\hobx'), type `I' and the correct
spelling (e.g., `I\hbox'). Otherwise just continue,
and I'll forget about whatever was undefined.

./EYNTKA_Functional_Analysis.tex:4051: Missing number, treated as zero.
<to be read again> 
                   =
l.4051 \end{itemize}
                    
A number should have been here; I inserted `0'.
(If you can't figure out why I needed to see a number,
look up `weird error' in the index to The TeXbook.)

./EYNTKA_Functional_Analysis.tex:4051: Undefined control sequence.
<argument> enit@resume@series@\enit@series 
                                           
l.4051 \end{itemize}
                    
The control sequence at the end of the top line
of your error message was never \def'ed. If you have
misspelled it (e.g., `\hobx'), type `I' and the correct
spelling (e.g., `I\hbox'). Otherwise just continue,
and I'll forget about whatever was undefined.

./EYNTKA_Functional_Analysis.tex:4051: Undefined control sequence.
\enit@setresumekeys ...me@#1}{\csname c@\@listctr 
                                                  \endcsname \the \csname c@...
l.4051 \end{itemize}
                    
The control sequence at the end of the top line
of your error message was never \def'ed. If you have
misspelled it (e.g., `\hobx'), type `I' and the correct
spelling (e.g., `I\hbox'). Otherwise just continue,
and I'll forget about whatever was undefined.

./EYNTKA_Functional_Analysis.tex:4051: Undefined control sequence.
\enit@setresumekeys ...e \the \csname c@\@listctr 
                                                  \endcsname }\fi }
l.4051 \end{itemize}
                    
The control sequence at the end of the top line
of your error message was never \def'ed. If you have
misspelled it (e.g., `\hobx'), type `I' and the correct
spelling (e.g., `I\hbox'). Otherwise just continue,
and I'll forget about whatever was undefined.

./EYNTKA_Functional_Analysis.tex:4051: You can't use `\relax' after \the.
<recently read> \c@ 
                    
l.4051 \end{itemize}
                    
I'm forgetting what you said and using zero instead.

./EYNTKA_Functional_Analysis.tex:4051: Undefined control sequence.
\enit@enditemize ...ist \fi \ifnum \enit@resuming 
                                                  =\thr@@ \enit@setresumekey...
l.4051 \end{itemize}
                    
The control sequence at the end of the top line
of your error message was never \def'ed. If you have
misspelled it (e.g., `\hobx'), type `I' and the correct
spelling (e.g., `I\hbox'). Otherwise just continue,
and I'll forget about whatever was undefined.

./EYNTKA_Functional_Analysis.tex:4051: Missing number, treated as zero.
<to be read again> 
                   =
l.4051 \end{itemize}
                    
A number should have been here; I inserted `0'.
(If you can't figure out why I needed to see a number,
look up `weird error' in the index to The TeXbook.)

./EYNTKA_Functional_Analysis.tex:4051: Undefined control sequence.
\enit@setresumekeys ...xpandafter {\enit@savekeys 
                                                  }\xdef \enit@afterlist {#2...
l.4051 \end{itemize}
                    
The control sequence at the end of the top line
of your error message was never \def'ed. If you have
misspelled it (e.g., `\hobx'), type `I' and the correct
spelling (e.g., `I\hbox'). Otherwise just continue,
and I'll forget about whatever was undefined.

./EYNTKA_Functional_Analysis.tex:4051: Undefined control sequence.
\enit@setresumekeys ...it@toks }\ifnum \enit@type 
                                                  =\z@ #3\def \enit@noexcs {...
l.4051 \end{itemize}
                    
The control sequence at the end of the top line
of your error message was never \def'ed. If you have
misspelled it (e.g., `\hobx'), type `I' and the correct
spelling (e.g., `I\hbox'). Otherwise just continue,
and I'll forget about whatever was undefined.

./EYNTKA_Functional_Analysis.tex:4051: Missing number, treated as zero.
<to be read again> 
                   =
l.4051 \end{itemize}
                    
A number should have been here; I inserted `0'.
(If you can't figure out why I needed to see a number,
look up `weird error' in the index to The TeXbook.)

./EYNTKA_Functional_Analysis.tex:4051: Undefined control sequence.
\enit@setresumekeys ...me@#1}{\csname c@\@listctr 
                                                  \endcsname \the \csname c@...
l.4051 \end{itemize}
                    
The control sequence at the end of the top line
of your error message was never \def'ed. If you have
misspelled it (e.g., `\hobx'), type `I' and the correct
spelling (e.g., `I\hbox'). Otherwise just continue,
and I'll forget about whatever was undefined.

./EYNTKA_Functional_Analysis.tex:4051: Undefined control sequence.
\enit@setresumekeys ...e \the \csname c@\@listctr 
                                                  \endcsname }\fi }
l.4051 \end{itemize}
                    
The control sequence at the end of the top line
of your error message was never \def'ed. If you have
misspelled it (e.g., `\hobx'), type `I' and the correct
spelling (e.g., `I\hbox'). Otherwise just continue,
and I'll forget about whatever was undefined.

./EYNTKA_Functional_Analysis.tex:4051: You can't use `\relax' after \the.
<recently read> \c@ 
                    
l.4051 \end{itemize}
                    
I'm forgetting what you said and using zero instead.

./EYNTKA_Functional_Analysis.tex:4072: Undefined control sequence.
\enit@endenumerate ->\enit@after 
                                 \endlist \ifx \enit@series \relax \else \if...
l.4072 \end{enumerate}
                      
The control sequence at the end of the top line
of your error message was never \def'ed. If you have
misspelled it (e.g., `\hobx'), type `I' and the correct
spelling (e.g., `I\hbox'). Otherwise just continue,
and I'll forget about whatever was undefined.

[78]
./EYNTKA_Functional_Analysis.tex:4072: Undefined control sequence.
\enit@endenumerate ...\else \ifnum \enit@resuming 
                                                  =\@ne \enit@setresumekeys ...
l.4072 \end{enumerate}
                      
The control sequence at the end of the top line
of your error message was never \def'ed. If you have
misspelled it (e.g., `\hobx'), type `I' and the correct
spelling (e.g., `I\hbox'). Otherwise just continue,
and I'll forget about whatever was undefined.

./EYNTKA_Functional_Analysis.tex:4072: Missing number, treated as zero.
<to be read again> 
                   =
l.4072 \end{enumerate}
                      
A number should have been here; I inserted `0'.
(If you can't figure out why I needed to see a number,
look up `weird error' in the index to The TeXbook.)

./EYNTKA_Functional_Analysis.tex:4072: Undefined control sequence.
\enit@setresumekeys ...xpandafter {\enit@savekeys 
                                                  }\xdef \enit@afterlist {#2...
l.4072 \end{enumerate}
                      
The control sequence at the end of the top line
of your error message was never \def'ed. If you have
misspelled it (e.g., `\hobx'), type `I' and the correct
spelling (e.g., `I\hbox'). Otherwise just continue,
and I'll forget about whatever was undefined.

./EYNTKA_Functional_Analysis.tex:4072: Undefined control sequence.
\enit@setresumekeys ...it@toks }\ifnum \enit@type 
                                                  =\z@ #3\def \enit@noexcs {...
l.4072 \end{enumerate}
                      
The control sequence at the end of the top line
of your error message was never \def'ed. If you have
misspelled it (e.g., `\hobx'), type `I' and the correct
spelling (e.g., `I\hbox'). Otherwise just continue,
and I'll forget about whatever was undefined.

./EYNTKA_Functional_Analysis.tex:4072: Missing number, treated as zero.
<to be read again> 
                   =
l.4072 \end{enumerate}
                      
A number should have been here; I inserted `0'.
(If you can't figure out why I needed to see a number,
look up `weird error' in the index to The TeXbook.)

./EYNTKA_Functional_Analysis.tex:4072: Undefined control sequence.
<argument> enit@resume@series@\enit@series 
                                           
l.4072 \end{enumerate}
                      
The control sequence at the end of the top line
of your error message was never \def'ed. If you have
misspelled it (e.g., `\hobx'), type `I' and the correct
spelling (e.g., `I\hbox'). Otherwise just continue,
and I'll forget about whatever was undefined.

./EYNTKA_Functional_Analysis.tex:4072: Undefined control sequence.
\enit@endenumerate ...t \fi \ifnum \enit@resuming 
                                                  =\thr@@ \enit@setresumekey...
l.4072 \end{enumerate}
                      
The control sequence at the end of the top line
of your error message was never \def'ed. If you have
misspelled it (e.g., `\hobx'), type `I' and the correct
spelling (e.g., `I\hbox'). Otherwise just continue,
and I'll forget about whatever was undefined.

./EYNTKA_Functional_Analysis.tex:4072: Missing number, treated as zero.
<to be read again> 
                   =
l.4072 \end{enumerate}
                      
A number should have been here; I inserted `0'.
(If you can't figure out why I needed to see a number,
look up `weird error' in the index to The TeXbook.)

./EYNTKA_Functional_Analysis.tex:4072: Undefined control sequence.
\enit@setresumekeys ...xpandafter {\enit@savekeys 
                                                  }\xdef \enit@afterlist {#2...
l.4072 \end{enumerate}
                      
The control sequence at the end of the top line
of your error message was never \def'ed. If you have
misspelled it (e.g., `\hobx'), type `I' and the correct
spelling (e.g., `I\hbox'). Otherwise just continue,
and I'll forget about whatever was undefined.

./EYNTKA_Functional_Analysis.tex:4072: Undefined control sequence.
\enit@setresumekeys ...it@toks }\ifnum \enit@type 
                                                  =\z@ #3\def \enit@noexcs {...
l.4072 \end{enumerate}
                      
The control sequence at the end of the top line
of your error message was never \def'ed. If you have
misspelled it (e.g., `\hobx'), type `I' and the correct
spelling (e.g., `I\hbox'). Otherwise just continue,
and I'll forget about whatever was undefined.

./EYNTKA_Functional_Analysis.tex:4072: Missing number, treated as zero.
<to be read again> 
                   =
l.4072 \end{enumerate}
                      
A number should have been here; I inserted `0'.
(If you can't figure out why I needed to see a number,
look up `weird error' in the index to The TeXbook.)

./EYNTKA_Functional_Analysis.tex:4081: Undefined control sequence.
\enit@enditemize ->\enit@after 
                               \endlist \ifx \enit@series \relax \else \ifnu...
l.4081     \end{itemize}
                        
The control sequence at the end of the top line
of your error message was never \def'ed. If you have
misspelled it (e.g., `\hobx'), type `I' and the correct
spelling (e.g., `I\hbox'). Otherwise just continue,
and I'll forget about whatever was undefined.

./EYNTKA_Functional_Analysis.tex:4081: Undefined control sequence.
\enit@enditemize ...x \else \ifnum \enit@resuming 
                                                  =\@ne \enit@setresumekeys ...
l.4081     \end{itemize}
                        
The control sequence at the end of the top line
of your error message was never \def'ed. If you have
misspelled it (e.g., `\hobx'), type `I' and the correct
spelling (e.g., `I\hbox'). Otherwise just continue,
and I'll forget about whatever was undefined.

./EYNTKA_Functional_Analysis.tex:4081: Missing number, treated as zero.
<to be read again> 
                   =
l.4081     \end{itemize}
                        
A number should have been here; I inserted `0'.
(If you can't figure out why I needed to see a number,
look up `weird error' in the index to The TeXbook.)

./EYNTKA_Functional_Analysis.tex:4081: Undefined control sequence.
\enit@setresumekeys ...xpandafter {\enit@savekeys 
                                                  }\xdef \enit@afterlist {#2...
l.4081     \end{itemize}
                        
The control sequence at the end of the top line
of your error message was never \def'ed. If you have
misspelled it (e.g., `\hobx'), type `I' and the correct
spelling (e.g., `I\hbox'). Otherwise just continue,
and I'll forget about whatever was undefined.

./EYNTKA_Functional_Analysis.tex:4081: Undefined control sequence.
\enit@setresumekeys ...it@toks }\ifnum \enit@type 
                                                  =\z@ #3\def \enit@noexcs {...
l.4081     \end{itemize}
                        
The control sequence at the end of the top line
of your error message was never \def'ed. If you have
misspelled it (e.g., `\hobx'), type `I' and the correct
spelling (e.g., `I\hbox'). Otherwise just continue,
and I'll forget about whatever was undefined.

./EYNTKA_Functional_Analysis.tex:4081: Missing number, treated as zero.
<to be read again> 
                   =
l.4081     \end{itemize}
                        
A number should have been here; I inserted `0'.
(If you can't figure out why I needed to see a number,
look up `weird error' in the index to The TeXbook.)

./EYNTKA_Functional_Analysis.tex:4081: Undefined control sequence.
<argument> enit@resume@series@\enit@series 
                                           
l.4081     \end{itemize}
                        
The control sequence at the end of the top line
of your error message was never \def'ed. If you have
misspelled it (e.g., `\hobx'), type `I' and the correct
spelling (e.g., `I\hbox'). Otherwise just continue,
and I'll forget about whatever was undefined.

./EYNTKA_Functional_Analysis.tex:4081: Undefined control sequence.
\enit@setresumekeys ...me@#1}{\csname c@\@listctr 
                                                  \endcsname \the \csname c@...
l.4081     \end{itemize}
                        
The control sequence at the end of the top line
of your error message was never \def'ed. If you have
misspelled it (e.g., `\hobx'), type `I' and the correct
spelling (e.g., `I\hbox'). Otherwise just continue,
and I'll forget about whatever was undefined.

./EYNTKA_Functional_Analysis.tex:4081: Undefined control sequence.
\enit@setresumekeys ...e \the \csname c@\@listctr 
                                                  \endcsname }\fi }
l.4081     \end{itemize}
                        
The control sequence at the end of the top line
of your error message was never \def'ed. If you have
misspelled it (e.g., `\hobx'), type `I' and the correct
spelling (e.g., `I\hbox'). Otherwise just continue,
and I'll forget about whatever was undefined.

./EYNTKA_Functional_Analysis.tex:4081: You can't use `\relax' after \the.
<recently read> \c@ 
                    
l.4081     \end{itemize}
                        
I'm forgetting what you said and using zero instead.

./EYNTKA_Functional_Analysis.tex:4081: Undefined control sequence.
\enit@enditemize ...ist \fi \ifnum \enit@resuming 
                                                  =\thr@@ \enit@setresumekey...
l.4081     \end{itemize}
                        
The control sequence at the end of the top line
of your error message was never \def'ed. If you have
misspelled it (e.g., `\hobx'), type `I' and the correct
spelling (e.g., `I\hbox'). Otherwise just continue,
and I'll forget about whatever was undefined.

./EYNTKA_Functional_Analysis.tex:4081: Missing number, treated as zero.
<to be read again> 
                   =
l.4081     \end{itemize}
                        
A number should have been here; I inserted `0'.
(If you can't figure out why I needed to see a number,
look up `weird error' in the index to The TeXbook.)

./EYNTKA_Functional_Analysis.tex:4081: Undefined control sequence.
\enit@setresumekeys ...xpandafter {\enit@savekeys 
                                                  }\xdef \enit@afterlist {#2...
l.4081     \end{itemize}
                        
The control sequence at the end of the top line
of your error message was never \def'ed. If you have
misspelled it (e.g., `\hobx'), type `I' and the correct
spelling (e.g., `I\hbox'). Otherwise just continue,
and I'll forget about whatever was undefined.

./EYNTKA_Functional_Analysis.tex:4081: Undefined control sequence.
\enit@setresumekeys ...it@toks }\ifnum \enit@type 
                                                  =\z@ #3\def \enit@noexcs {...
l.4081     \end{itemize}
                        
The control sequence at the end of the top line
of your error message was never \def'ed. If you have
misspelled it (e.g., `\hobx'), type `I' and the correct
spelling (e.g., `I\hbox'). Otherwise just continue,
and I'll forget about whatever was undefined.

./EYNTKA_Functional_Analysis.tex:4081: Missing number, treated as zero.
<to be read again> 
                   =
l.4081     \end{itemize}
                        
A number should have been here; I inserted `0'.
(If you can't figure out why I needed to see a number,
look up `weird error' in the index to The TeXbook.)

./EYNTKA_Functional_Analysis.tex:4081: Undefined control sequence.
\enit@setresumekeys ...me@#1}{\csname c@\@listctr 
                                                  \endcsname \the \csname c@...
l.4081     \end{itemize}
                        
The control sequence at the end of the top line
of your error message was never \def'ed. If you have
misspelled it (e.g., `\hobx'), type `I' and the correct
spelling (e.g., `I\hbox'). Otherwise just continue,
and I'll forget about whatever was undefined.

./EYNTKA_Functional_Analysis.tex:4081: Undefined control sequence.
\enit@setresumekeys ...e \the \csname c@\@listctr 
                                                  \endcsname }\fi }
l.4081     \end{itemize}
                        
The control sequence at the end of the top line
of your error message was never \def'ed. If you have
misspelled it (e.g., `\hobx'), type `I' and the correct
spelling (e.g., `I\hbox'). Otherwise just continue,
and I'll forget about whatever was undefined.

./EYNTKA_Functional_Analysis.tex:4081: You can't use `\relax' after \the.
<recently read> \c@ 
                    
l.4081     \end{itemize}
                        
I'm forgetting what you said and using zero instead.

./EYNTKA_Functional_Analysis.tex:4082: Undefined control sequence.
\enit@enditemize ->\enit@after 
                               \endlist \ifx \enit@series \relax \else \ifnu...
l.4082 \end{itemize}
                    
The control sequence at the end of the top line
of your error message was never \def'ed. If you have
misspelled it (e.g., `\hobx'), type `I' and the correct
spelling (e.g., `I\hbox'). Otherwise just continue,
and I'll forget about whatever was undefined.

./EYNTKA_Functional_Analysis.tex:4082: Undefined control sequence.
\enit@enditemize ...x \else \ifnum \enit@resuming 
                                                  =\@ne \enit@setresumekeys ...
l.4082 \end{itemize}
                    
The control sequence at the end of the top line
of your error message was never \def'ed. If you have
misspelled it (e.g., `\hobx'), type `I' and the correct
spelling (e.g., `I\hbox'). Otherwise just continue,
and I'll forget about whatever was undefined.

./EYNTKA_Functional_Analysis.tex:4082: Missing number, treated as zero.
<to be read again> 
                   =
l.4082 \end{itemize}
                    
A number should have been here; I inserted `0'.
(If you can't figure out why I needed to see a number,
look up `weird error' in the index to The TeXbook.)

./EYNTKA_Functional_Analysis.tex:4082: Undefined control sequence.
\enit@setresumekeys ...xpandafter {\enit@savekeys 
                                                  }\xdef \enit@afterlist {#2...
l.4082 \end{itemize}
                    
The control sequence at the end of the top line
of your error message was never \def'ed. If you have
misspelled it (e.g., `\hobx'), type `I' and the correct
spelling (e.g., `I\hbox'). Otherwise just continue,
and I'll forget about whatever was undefined.

./EYNTKA_Functional_Analysis.tex:4082: Undefined control sequence.
\enit@setresumekeys ...it@toks }\ifnum \enit@type 
                                                  =\z@ #3\def \enit@noexcs {...
l.4082 \end{itemize}
                    
The control sequence at the end of the top line
of your error message was never \def'ed. If you have
misspelled it (e.g., `\hobx'), type `I' and the correct
spelling (e.g., `I\hbox'). Otherwise just continue,
and I'll forget about whatever was undefined.

./EYNTKA_Functional_Analysis.tex:4082: Missing number, treated as zero.
<to be read again> 
                   =
l.4082 \end{itemize}
                    
A number should have been here; I inserted `0'.
(If you can't figure out why I needed to see a number,
look up `weird error' in the index to The TeXbook.)

./EYNTKA_Functional_Analysis.tex:4082: Undefined control sequence.
<argument> enit@resume@series@\enit@series 
                                           
l.4082 \end{itemize}
                    
The control sequence at the end of the top line
of your error message was never \def'ed. If you have
misspelled it (e.g., `\hobx'), type `I' and the correct
spelling (e.g., `I\hbox'). Otherwise just continue,
and I'll forget about whatever was undefined.

./EYNTKA_Functional_Analysis.tex:4082: Undefined control sequence.
\enit@setresumekeys ...me@#1}{\csname c@\@listctr 
                                                  \endcsname \the \csname c@...
l.4082 \end{itemize}
                    
The control sequence at the end of the top line
of your error message was never \def'ed. If you have
misspelled it (e.g., `\hobx'), type `I' and the correct
spelling (e.g., `I\hbox'). Otherwise just continue,
and I'll forget about whatever was undefined.

./EYNTKA_Functional_Analysis.tex:4082: Undefined control sequence.
\enit@setresumekeys ...e \the \csname c@\@listctr 
                                                  \endcsname }\fi }
l.4082 \end{itemize}
                    
The control sequence at the end of the top line
of your error message was never \def'ed. If you have
misspelled it (e.g., `\hobx'), type `I' and the correct
spelling (e.g., `I\hbox'). Otherwise just continue,
and I'll forget about whatever was undefined.

./EYNTKA_Functional_Analysis.tex:4082: You can't use `\relax' after \the.
<recently read> \c@ 
                    
l.4082 \end{itemize}
                    
I'm forgetting what you said and using zero instead.

./EYNTKA_Functional_Analysis.tex:4082: Undefined control sequence.
\enit@enditemize ...ist \fi \ifnum \enit@resuming 
                                                  =\thr@@ \enit@setresumekey...
l.4082 \end{itemize}
                    
The control sequence at the end of the top line
of your error message was never \def'ed. If you have
misspelled it (e.g., `\hobx'), type `I' and the correct
spelling (e.g., `I\hbox'). Otherwise just continue,
and I'll forget about whatever was undefined.

./EYNTKA_Functional_Analysis.tex:4082: Missing number, treated as zero.
<to be read again> 
                   =
l.4082 \end{itemize}
                    
A number should have been here; I inserted `0'.
(If you can't figure out why I needed to see a number,
look up `weird error' in the index to The TeXbook.)

./EYNTKA_Functional_Analysis.tex:4082: Undefined control sequence.
\enit@setresumekeys ...xpandafter {\enit@savekeys 
                                                  }\xdef \enit@afterlist {#2...
l.4082 \end{itemize}
                    
The control sequence at the end of the top line
of your error message was never \def'ed. If you have
misspelled it (e.g., `\hobx'), type `I' and the correct
spelling (e.g., `I\hbox'). Otherwise just continue,
and I'll forget about whatever was undefined.

./EYNTKA_Functional_Analysis.tex:4082: Undefined control sequence.
\enit@setresumekeys ...it@toks }\ifnum \enit@type 
                                                  =\z@ #3\def \enit@noexcs {...
l.4082 \end{itemize}
                    
The control sequence at the end of the top line
of your error message was never \def'ed. If you have
misspelled it (e.g., `\hobx'), type `I' and the correct
spelling (e.g., `I\hbox'). Otherwise just continue,
and I'll forget about whatever was undefined.

./EYNTKA_Functional_Analysis.tex:4082: Missing number, treated as zero.
<to be read again> 
                   =
l.4082 \end{itemize}
                    
A number should have been here; I inserted `0'.
(If you can't figure out why I needed to see a number,
look up `weird error' in the index to The TeXbook.)

./EYNTKA_Functional_Analysis.tex:4082: Undefined control sequence.
\enit@setresumekeys ...me@#1}{\csname c@\@listctr 
                                                  \endcsname \the \csname c@...
l.4082 \end{itemize}
                    
The control sequence at the end of the top line
of your error message was never \def'ed. If you have
misspelled it (e.g., `\hobx'), type `I' and the correct
spelling (e.g., `I\hbox'). Otherwise just continue,
and I'll forget about whatever was undefined.

./EYNTKA_Functional_Analysis.tex:4082: Undefined control sequence.
\enit@setresumekeys ...e \the \csname c@\@listctr 
                                                  \endcsname }\fi }
l.4082 \end{itemize}
                    
The control sequence at the end of the top line
of your error message was never \def'ed. If you have
misspelled it (e.g., `\hobx'), type `I' and the correct
spelling (e.g., `I\hbox'). Otherwise just continue,
and I'll forget about whatever was undefined.

./EYNTKA_Functional_Analysis.tex:4082: You can't use `\relax' after \the.
<recently read> \c@ 
                    
l.4082 \end{itemize}
                    
I'm forgetting what you said and using zero instead.

./EYNTKA_Functional_Analysis.tex:4096: Undefined control sequence.
\enit@enditemize ->\enit@after 
                               \endlist \ifx \enit@series \relax \else \ifnu...
l.4096 \end{itemize}
                    
The control sequence at the end of the top line
of your error message was never \def'ed. If you have
misspelled it (e.g., `\hobx'), type `I' and the correct
spelling (e.g., `I\hbox'). Otherwise just continue,
and I'll forget about whatever was undefined.

./EYNTKA_Functional_Analysis.tex:4096: Undefined control sequence.
\enit@enditemize ...x \else \ifnum \enit@resuming 
                                                  =\@ne \enit@setresumekeys ...
l.4096 \end{itemize}
                    
The control sequence at the end of the top line
of your error message was never \def'ed. If you have
misspelled it (e.g., `\hobx'), type `I' and the correct
spelling (e.g., `I\hbox'). Otherwise just continue,
and I'll forget about whatever was undefined.

./EYNTKA_Functional_Analysis.tex:4096: Missing number, treated as zero.
<to be read again> 
                   =
l.4096 \end{itemize}
                    
A number should have been here; I inserted `0'.
(If you can't figure out why I needed to see a number,
look up `weird error' in the index to The TeXbook.)

./EYNTKA_Functional_Analysis.tex:4096: Undefined control sequence.
\enit@setresumekeys ...xpandafter {\enit@savekeys 
                                                  }\xdef \enit@afterlist {#2...
l.4096 \end{itemize}
                    
The control sequence at the end of the top line
of your error message was never \def'ed. If you have
misspelled it (e.g., `\hobx'), type `I' and the correct
spelling (e.g., `I\hbox'). Otherwise just continue,
and I'll forget about whatever was undefined.

./EYNTKA_Functional_Analysis.tex:4096: Undefined control sequence.
\enit@setresumekeys ...it@toks }\ifnum \enit@type 
                                                  =\z@ #3\def \enit@noexcs {...
l.4096 \end{itemize}
                    
The control sequence at the end of the top line
of your error message was never \def'ed. If you have
misspelled it (e.g., `\hobx'), type `I' and the correct
spelling (e.g., `I\hbox'). Otherwise just continue,
and I'll forget about whatever was undefined.

./EYNTKA_Functional_Analysis.tex:4096: Missing number, treated as zero.
<to be read again> 
                   =
l.4096 \end{itemize}
                    
A number should have been here; I inserted `0'.
(If you can't figure out why I needed to see a number,
look up `weird error' in the index to The TeXbook.)

./EYNTKA_Functional_Analysis.tex:4096: Undefined control sequence.
<argument> enit@resume@series@\enit@series 
                                           
l.4096 \end{itemize}
                    
The control sequence at the end of the top line
of your error message was never \def'ed. If you have
misspelled it (e.g., `\hobx'), type `I' and the correct
spelling (e.g., `I\hbox'). Otherwise just continue,
and I'll forget about whatever was undefined.

./EYNTKA_Functional_Analysis.tex:4096: Undefined control sequence.
\enit@setresumekeys ...me@#1}{\csname c@\@listctr 
                                                  \endcsname \the \csname c@...
l.4096 \end{itemize}
                    
The control sequence at the end of the top line
of your error message was never \def'ed. If you have
misspelled it (e.g., `\hobx'), type `I' and the correct
spelling (e.g., `I\hbox'). Otherwise just continue,
and I'll forget about whatever was undefined.

./EYNTKA_Functional_Analysis.tex:4096: Undefined control sequence.
\enit@setresumekeys ...e \the \csname c@\@listctr 
                                                  \endcsname }\fi }
l.4096 \end{itemize}
                    
The control sequence at the end of the top line
of your error message was never \def'ed. If you have
misspelled it (e.g., `\hobx'), type `I' and the correct
spelling (e.g., `I\hbox'). Otherwise just continue,
and I'll forget about whatever was undefined.

./EYNTKA_Functional_Analysis.tex:4096: You can't use `\relax' after \the.
<recently read> \c@ 
                    
l.4096 \end{itemize}
                    
I'm forgetting what you said and using zero instead.

./EYNTKA_Functional_Analysis.tex:4096: Undefined control sequence.
\enit@enditemize ...ist \fi \ifnum \enit@resuming 
                                                  =\thr@@ \enit@setresumekey...
l.4096 \end{itemize}
                    
The control sequence at the end of the top line
of your error message was never \def'ed. If you have
misspelled it (e.g., `\hobx'), type `I' and the correct
spelling (e.g., `I\hbox'). Otherwise just continue,
and I'll forget about whatever was undefined.

./EYNTKA_Functional_Analysis.tex:4096: Missing number, treated as zero.
<to be read again> 
                   =
l.4096 \end{itemize}
                    
A number should have been here; I inserted `0'.
(If you can't figure out why I needed to see a number,
look up `weird error' in the index to The TeXbook.)

./EYNTKA_Functional_Analysis.tex:4096: Undefined control sequence.
\enit@setresumekeys ...xpandafter {\enit@savekeys 
                                                  }\xdef \enit@afterlist {#2...
l.4096 \end{itemize}
                    
The control sequence at the end of the top line
of your error message was never \def'ed. If you have
misspelled it (e.g., `\hobx'), type `I' and the correct
spelling (e.g., `I\hbox'). Otherwise just continue,
and I'll forget about whatever was undefined.

./EYNTKA_Functional_Analysis.tex:4096: Undefined control sequence.
\enit@setresumekeys ...it@toks }\ifnum \enit@type 
                                                  =\z@ #3\def \enit@noexcs {...
l.4096 \end{itemize}
                    
The control sequence at the end of the top line
of your error message was never \def'ed. If you have
misspelled it (e.g., `\hobx'), type `I' and the correct
spelling (e.g., `I\hbox'). Otherwise just continue,
and I'll forget about whatever was undefined.

./EYNTKA_Functional_Analysis.tex:4096: Missing number, treated as zero.
<to be read again> 
                   =
l.4096 \end{itemize}
                    
A number should have been here; I inserted `0'.
(If you can't figure out why I needed to see a number,
look up `weird error' in the index to The TeXbook.)

./EYNTKA_Functional_Analysis.tex:4096: Undefined control sequence.
\enit@setresumekeys ...me@#1}{\csname c@\@listctr 
                                                  \endcsname \the \csname c@...
l.4096 \end{itemize}
                    
The control sequence at the end of the top line
of your error message was never \def'ed. If you have
misspelled it (e.g., `\hobx'), type `I' and the correct
spelling (e.g., `I\hbox'). Otherwise just continue,
and I'll forget about whatever was undefined.

./EYNTKA_Functional_Analysis.tex:4096: Undefined control sequence.
\enit@setresumekeys ...e \the \csname c@\@listctr 
                                                  \endcsname }\fi }
l.4096 \end{itemize}
                    
The control sequence at the end of the top line
of your error message was never \def'ed. If you have
misspelled it (e.g., `\hobx'), type `I' and the correct
spelling (e.g., `I\hbox'). Otherwise just continue,
and I'll forget about whatever was undefined.

./EYNTKA_Functional_Analysis.tex:4096: You can't use `\relax' after \the.
<recently read> \c@ 
                    
l.4096 \end{itemize}
                    
I'm forgetting what you said and using zero instead.

./EYNTKA_Functional_Analysis.tex:4106: Undefined control sequence.
\enit@enditemize ->\enit@after 
                               \endlist \ifx \enit@series \relax \else \ifnu...
l.4106     \end{itemize}
                        
The control sequence at the end of the top line
of your error message was never \def'ed. If you have
misspelled it (e.g., `\hobx'), type `I' and the correct
spelling (e.g., `I\hbox'). Otherwise just continue,
and I'll forget about whatever was undefined.

[79]
./EYNTKA_Functional_Analysis.tex:4106: Undefined control sequence.
\enit@enditemize ...x \else \ifnum \enit@resuming 
                                                  =\@ne \enit@setresumekeys ...
l.4106     \end{itemize}
                        
The control sequence at the end of the top line
of your error message was never \def'ed. If you have
misspelled it (e.g., `\hobx'), type `I' and the correct
spelling (e.g., `I\hbox'). Otherwise just continue,
and I'll forget about whatever was undefined.

./EYNTKA_Functional_Analysis.tex:4106: Missing number, treated as zero.
<to be read again> 
                   =
l.4106     \end{itemize}
                        
A number should have been here; I inserted `0'.
(If you can't figure out why I needed to see a number,
look up `weird error' in the index to The TeXbook.)

./EYNTKA_Functional_Analysis.tex:4106: Undefined control sequence.
\enit@setresumekeys ...xpandafter {\enit@savekeys 
                                                  }\xdef \enit@afterlist {#2...
l.4106     \end{itemize}
                        
The control sequence at the end of the top line
of your error message was never \def'ed. If you have
misspelled it (e.g., `\hobx'), type `I' and the correct
spelling (e.g., `I\hbox'). Otherwise just continue,
and I'll forget about whatever was undefined.

./EYNTKA_Functional_Analysis.tex:4106: Undefined control sequence.
\enit@setresumekeys ...it@toks }\ifnum \enit@type 
                                                  =\z@ #3\def \enit@noexcs {...
l.4106     \end{itemize}
                        
The control sequence at the end of the top line
of your error message was never \def'ed. If you have
misspelled it (e.g., `\hobx'), type `I' and the correct
spelling (e.g., `I\hbox'). Otherwise just continue,
and I'll forget about whatever was undefined.

./EYNTKA_Functional_Analysis.tex:4106: Missing number, treated as zero.
<to be read again> 
                   =
l.4106     \end{itemize}
                        
A number should have been here; I inserted `0'.
(If you can't figure out why I needed to see a number,
look up `weird error' in the index to The TeXbook.)

./EYNTKA_Functional_Analysis.tex:4106: Undefined control sequence.
<argument> enit@resume@series@\enit@series 
                                           
l.4106     \end{itemize}
                        
The control sequence at the end of the top line
of your error message was never \def'ed. If you have
misspelled it (e.g., `\hobx'), type `I' and the correct
spelling (e.g., `I\hbox'). Otherwise just continue,
and I'll forget about whatever was undefined.

./EYNTKA_Functional_Analysis.tex:4106: Undefined control sequence.
\enit@setresumekeys ...me@#1}{\csname c@\@listctr 
                                                  \endcsname \the \csname c@...
l.4106     \end{itemize}
                        
The control sequence at the end of the top line
of your error message was never \def'ed. If you have
misspelled it (e.g., `\hobx'), type `I' and the correct
spelling (e.g., `I\hbox'). Otherwise just continue,
and I'll forget about whatever was undefined.

./EYNTKA_Functional_Analysis.tex:4106: Undefined control sequence.
\enit@setresumekeys ...e \the \csname c@\@listctr 
                                                  \endcsname }\fi }
l.4106     \end{itemize}
                        
The control sequence at the end of the top line
of your error message was never \def'ed. If you have
misspelled it (e.g., `\hobx'), type `I' and the correct
spelling (e.g., `I\hbox'). Otherwise just continue,
and I'll forget about whatever was undefined.

./EYNTKA_Functional_Analysis.tex:4106: You can't use `\relax' after \the.
<recently read> \c@ 
                    
l.4106     \end{itemize}
                        
I'm forgetting what you said and using zero instead.

./EYNTKA_Functional_Analysis.tex:4106: Undefined control sequence.
\enit@enditemize ...ist \fi \ifnum \enit@resuming 
                                                  =\thr@@ \enit@setresumekey...
l.4106     \end{itemize}
                        
The control sequence at the end of the top line
of your error message was never \def'ed. If you have
misspelled it (e.g., `\hobx'), type `I' and the correct
spelling (e.g., `I\hbox'). Otherwise just continue,
and I'll forget about whatever was undefined.

./EYNTKA_Functional_Analysis.tex:4106: Missing number, treated as zero.
<to be read again> 
                   =
l.4106     \end{itemize}
                        
A number should have been here; I inserted `0'.
(If you can't figure out why I needed to see a number,
look up `weird error' in the index to The TeXbook.)

./EYNTKA_Functional_Analysis.tex:4106: Undefined control sequence.
\enit@setresumekeys ...xpandafter {\enit@savekeys 
                                                  }\xdef \enit@afterlist {#2...
l.4106     \end{itemize}
                        
The control sequence at the end of the top line
of your error message was never \def'ed. If you have
misspelled it (e.g., `\hobx'), type `I' and the correct
spelling (e.g., `I\hbox'). Otherwise just continue,
and I'll forget about whatever was undefined.

./EYNTKA_Functional_Analysis.tex:4106: Undefined control sequence.
\enit@setresumekeys ...it@toks }\ifnum \enit@type 
                                                  =\z@ #3\def \enit@noexcs {...
l.4106     \end{itemize}
                        
The control sequence at the end of the top line
of your error message was never \def'ed. If you have
misspelled it (e.g., `\hobx'), type `I' and the correct
spelling (e.g., `I\hbox'). Otherwise just continue,
and I'll forget about whatever was undefined.

./EYNTKA_Functional_Analysis.tex:4106: Missing number, treated as zero.
<to be read again> 
                   =
l.4106     \end{itemize}
                        
A number should have been here; I inserted `0'.
(If you can't figure out why I needed to see a number,
look up `weird error' in the index to The TeXbook.)

./EYNTKA_Functional_Analysis.tex:4106: Undefined control sequence.
\enit@setresumekeys ...me@#1}{\csname c@\@listctr 
                                                  \endcsname \the \csname c@...
l.4106     \end{itemize}
                        
The control sequence at the end of the top line
of your error message was never \def'ed. If you have
misspelled it (e.g., `\hobx'), type `I' and the correct
spelling (e.g., `I\hbox'). Otherwise just continue,
and I'll forget about whatever was undefined.

./EYNTKA_Functional_Analysis.tex:4106: Undefined control sequence.
\enit@setresumekeys ...e \the \csname c@\@listctr 
                                                  \endcsname }\fi }
l.4106     \end{itemize}
                        
The control sequence at the end of the top line
of your error message was never \def'ed. If you have
misspelled it (e.g., `\hobx'), type `I' and the correct
spelling (e.g., `I\hbox'). Otherwise just continue,
and I'll forget about whatever was undefined.

./EYNTKA_Functional_Analysis.tex:4106: You can't use `\relax' after \the.
<recently read> \c@ 
                    
l.4106     \end{itemize}
                        
I'm forgetting what you said and using zero instead.

./EYNTKA_Functional_Analysis.tex:4107: Undefined control sequence.
\enit@enditemize ->\enit@after 
                               \endlist \ifx \enit@series \relax \else \ifnu...
l.4107 \end{itemize}
                    
The control sequence at the end of the top line
of your error message was never \def'ed. If you have
misspelled it (e.g., `\hobx'), type `I' and the correct
spelling (e.g., `I\hbox'). Otherwise just continue,
and I'll forget about whatever was undefined.

./EYNTKA_Functional_Analysis.tex:4107: Undefined control sequence.
\enit@enditemize ...x \else \ifnum \enit@resuming 
                                                  =\@ne \enit@setresumekeys ...
l.4107 \end{itemize}
                    
The control sequence at the end of the top line
of your error message was never \def'ed. If you have
misspelled it (e.g., `\hobx'), type `I' and the correct
spelling (e.g., `I\hbox'). Otherwise just continue,
and I'll forget about whatever was undefined.

./EYNTKA_Functional_Analysis.tex:4107: Missing number, treated as zero.
<to be read again> 
                   =
l.4107 \end{itemize}
                    
A number should have been here; I inserted `0'.
(If you can't figure out why I needed to see a number,
look up `weird error' in the index to The TeXbook.)

./EYNTKA_Functional_Analysis.tex:4107: Undefined control sequence.
\enit@setresumekeys ...xpandafter {\enit@savekeys 
                                                  }\xdef \enit@afterlist {#2...
l.4107 \end{itemize}
                    
The control sequence at the end of the top line
of your error message was never \def'ed. If you have
misspelled it (e.g., `\hobx'), type `I' and the correct
spelling (e.g., `I\hbox'). Otherwise just continue,
and I'll forget about whatever was undefined.

./EYNTKA_Functional_Analysis.tex:4107: Undefined control sequence.
\enit@setresumekeys ...it@toks }\ifnum \enit@type 
                                                  =\z@ #3\def \enit@noexcs {...
l.4107 \end{itemize}
                    
The control sequence at the end of the top line
of your error message was never \def'ed. If you have
misspelled it (e.g., `\hobx'), type `I' and the correct
spelling (e.g., `I\hbox'). Otherwise just continue,
and I'll forget about whatever was undefined.

./EYNTKA_Functional_Analysis.tex:4107: Missing number, treated as zero.
<to be read again> 
                   =
l.4107 \end{itemize}
                    
A number should have been here; I inserted `0'.
(If you can't figure out why I needed to see a number,
look up `weird error' in the index to The TeXbook.)

./EYNTKA_Functional_Analysis.tex:4107: Undefined control sequence.
<argument> enit@resume@series@\enit@series 
                                           
l.4107 \end{itemize}
                    
The control sequence at the end of the top line
of your error message was never \def'ed. If you have
misspelled it (e.g., `\hobx'), type `I' and the correct
spelling (e.g., `I\hbox'). Otherwise just continue,
and I'll forget about whatever was undefined.

./EYNTKA_Functional_Analysis.tex:4107: Undefined control sequence.
\enit@setresumekeys ...me@#1}{\csname c@\@listctr 
                                                  \endcsname \the \csname c@...
l.4107 \end{itemize}
                    
The control sequence at the end of the top line
of your error message was never \def'ed. If you have
misspelled it (e.g., `\hobx'), type `I' and the correct
spelling (e.g., `I\hbox'). Otherwise just continue,
and I'll forget about whatever was undefined.

./EYNTKA_Functional_Analysis.tex:4107: Undefined control sequence.
\enit@setresumekeys ...e \the \csname c@\@listctr 
                                                  \endcsname }\fi }
l.4107 \end{itemize}
                    
The control sequence at the end of the top line
of your error message was never \def'ed. If you have
misspelled it (e.g., `\hobx'), type `I' and the correct
spelling (e.g., `I\hbox'). Otherwise just continue,
and I'll forget about whatever was undefined.

./EYNTKA_Functional_Analysis.tex:4107: You can't use `\relax' after \the.
<recently read> \c@ 
                    
l.4107 \end{itemize}
                    
I'm forgetting what you said and using zero instead.

./EYNTKA_Functional_Analysis.tex:4107: Undefined control sequence.
\enit@enditemize ...ist \fi \ifnum \enit@resuming 
                                                  =\thr@@ \enit@setresumekey...
l.4107 \end{itemize}
                    
The control sequence at the end of the top line
of your error message was never \def'ed. If you have
misspelled it (e.g., `\hobx'), type `I' and the correct
spelling (e.g., `I\hbox'). Otherwise just continue,
and I'll forget about whatever was undefined.

./EYNTKA_Functional_Analysis.tex:4107: Missing number, treated as zero.
<to be read again> 
                   =
l.4107 \end{itemize}
                    
A number should have been here; I inserted `0'.
(If you can't figure out why I needed to see a number,
look up `weird error' in the index to The TeXbook.)

./EYNTKA_Functional_Analysis.tex:4107: Undefined control sequence.
\enit@setresumekeys ...xpandafter {\enit@savekeys 
                                                  }\xdef \enit@afterlist {#2...
l.4107 \end{itemize}
                    
The control sequence at the end of the top line
of your error message was never \def'ed. If you have
misspelled it (e.g., `\hobx'), type `I' and the correct
spelling (e.g., `I\hbox'). Otherwise just continue,
and I'll forget about whatever was undefined.

./EYNTKA_Functional_Analysis.tex:4107: Undefined control sequence.
\enit@setresumekeys ...it@toks }\ifnum \enit@type 
                                                  =\z@ #3\def \enit@noexcs {...
l.4107 \end{itemize}
                    
The control sequence at the end of the top line
of your error message was never \def'ed. If you have
misspelled it (e.g., `\hobx'), type `I' and the correct
spelling (e.g., `I\hbox'). Otherwise just continue,
and I'll forget about whatever was undefined.

./EYNTKA_Functional_Analysis.tex:4107: Missing number, treated as zero.
<to be read again> 
                   =
l.4107 \end{itemize}
                    
A number should have been here; I inserted `0'.
(If you can't figure out why I needed to see a number,
look up `weird error' in the index to The TeXbook.)

./EYNTKA_Functional_Analysis.tex:4107: Undefined control sequence.
\enit@setresumekeys ...me@#1}{\csname c@\@listctr 
                                                  \endcsname \the \csname c@...
l.4107 \end{itemize}
                    
The control sequence at the end of the top line
of your error message was never \def'ed. If you have
misspelled it (e.g., `\hobx'), type `I' and the correct
spelling (e.g., `I\hbox'). Otherwise just continue,
and I'll forget about whatever was undefined.

./EYNTKA_Functional_Analysis.tex:4107: Undefined control sequence.
\enit@setresumekeys ...e \the \csname c@\@listctr 
                                                  \endcsname }\fi }
l.4107 \end{itemize}
                    
The control sequence at the end of the top line
of your error message was never \def'ed. If you have
misspelled it (e.g., `\hobx'), type `I' and the correct
spelling (e.g., `I\hbox'). Otherwise just continue,
and I'll forget about whatever was undefined.

./EYNTKA_Functional_Analysis.tex:4107: You can't use `\relax' after \the.
<recently read> \c@ 
                    
l.4107 \end{itemize}
                    
I'm forgetting what you said and using zero instead.

./EYNTKA_Functional_Analysis.tex:4116: Undefined control sequence.
\enit@enditemize ->\enit@after 
                               \endlist \ifx \enit@series \relax \else \ifnu...
l.4116 \end{itemize}
                    
The control sequence at the end of the top line
of your error message was never \def'ed. If you have
misspelled it (e.g., `\hobx'), type `I' and the correct
spelling (e.g., `I\hbox'). Otherwise just continue,
and I'll forget about whatever was undefined.

./EYNTKA_Functional_Analysis.tex:4116: Undefined control sequence.
\enit@enditemize ...x \else \ifnum \enit@resuming 
                                                  =\@ne \enit@setresumekeys ...
l.4116 \end{itemize}
                    
The control sequence at the end of the top line
of your error message was never \def'ed. If you have
misspelled it (e.g., `\hobx'), type `I' and the correct
spelling (e.g., `I\hbox'). Otherwise just continue,
and I'll forget about whatever was undefined.

./EYNTKA_Functional_Analysis.tex:4116: Missing number, treated as zero.
<to be read again> 
                   =
l.4116 \end{itemize}
                    
A number should have been here; I inserted `0'.
(If you can't figure out why I needed to see a number,
look up `weird error' in the index to The TeXbook.)

./EYNTKA_Functional_Analysis.tex:4116: Undefined control sequence.
\enit@setresumekeys ...xpandafter {\enit@savekeys 
                                                  }\xdef \enit@afterlist {#2...
l.4116 \end{itemize}
                    
The control sequence at the end of the top line
of your error message was never \def'ed. If you have
misspelled it (e.g., `\hobx'), type `I' and the correct
spelling (e.g., `I\hbox'). Otherwise just continue,
and I'll forget about whatever was undefined.

./EYNTKA_Functional_Analysis.tex:4116: Undefined control sequence.
\enit@setresumekeys ...it@toks }\ifnum \enit@type 
                                                  =\z@ #3\def \enit@noexcs {...
l.4116 \end{itemize}
                    
The control sequence at the end of the top line
of your error message was never \def'ed. If you have
misspelled it (e.g., `\hobx'), type `I' and the correct
spelling (e.g., `I\hbox'). Otherwise just continue,
and I'll forget about whatever was undefined.

./EYNTKA_Functional_Analysis.tex:4116: Missing number, treated as zero.
<to be read again> 
                   =
l.4116 \end{itemize}
                    
A number should have been here; I inserted `0'.
(If you can't figure out why I needed to see a number,
look up `weird error' in the index to The TeXbook.)

./EYNTKA_Functional_Analysis.tex:4116: Undefined control sequence.
<argument> enit@resume@series@\enit@series 
                                           
l.4116 \end{itemize}
                    
The control sequence at the end of the top line
of your error message was never \def'ed. If you have
misspelled it (e.g., `\hobx'), type `I' and the correct
spelling (e.g., `I\hbox'). Otherwise just continue,
and I'll forget about whatever was undefined.

./EYNTKA_Functional_Analysis.tex:4116: Undefined control sequence.
\enit@setresumekeys ...me@#1}{\csname c@\@listctr 
                                                  \endcsname \the \csname c@...
l.4116 \end{itemize}
                    
The control sequence at the end of the top line
of your error message was never \def'ed. If you have
misspelled it (e.g., `\hobx'), type `I' and the correct
spelling (e.g., `I\hbox'). Otherwise just continue,
and I'll forget about whatever was undefined.

./EYNTKA_Functional_Analysis.tex:4116: Undefined control sequence.
\enit@setresumekeys ...e \the \csname c@\@listctr 
                                                  \endcsname }\fi }
l.4116 \end{itemize}
                    
The control sequence at the end of the top line
of your error message was never \def'ed. If you have
misspelled it (e.g., `\hobx'), type `I' and the correct
spelling (e.g., `I\hbox'). Otherwise just continue,
and I'll forget about whatever was undefined.

./EYNTKA_Functional_Analysis.tex:4116: You can't use `\relax' after \the.
<recently read> \c@ 
                    
l.4116 \end{itemize}
                    
I'm forgetting what you said and using zero instead.

./EYNTKA_Functional_Analysis.tex:4116: Undefined control sequence.
\enit@enditemize ...ist \fi \ifnum \enit@resuming 
                                                  =\thr@@ \enit@setresumekey...
l.4116 \end{itemize}
                    
The control sequence at the end of the top line
of your error message was never \def'ed. If you have
misspelled it (e.g., `\hobx'), type `I' and the correct
spelling (e.g., `I\hbox'). Otherwise just continue,
and I'll forget about whatever was undefined.

./EYNTKA_Functional_Analysis.tex:4116: Missing number, treated as zero.
<to be read again> 
                   =
l.4116 \end{itemize}
                    
A number should have been here; I inserted `0'.
(If you can't figure out why I needed to see a number,
look up `weird error' in the index to The TeXbook.)

./EYNTKA_Functional_Analysis.tex:4116: Undefined control sequence.
\enit@setresumekeys ...xpandafter {\enit@savekeys 
                                                  }\xdef \enit@afterlist {#2...
l.4116 \end{itemize}
                    
The control sequence at the end of the top line
of your error message was never \def'ed. If you have
misspelled it (e.g., `\hobx'), type `I' and the correct
spelling (e.g., `I\hbox'). Otherwise just continue,
and I'll forget about whatever was undefined.

./EYNTKA_Functional_Analysis.tex:4116: Undefined control sequence.
\enit@setresumekeys ...it@toks }\ifnum \enit@type 
                                                  =\z@ #3\def \enit@noexcs {...
l.4116 \end{itemize}
                    
The control sequence at the end of the top line
of your error message was never \def'ed. If you have
misspelled it (e.g., `\hobx'), type `I' and the correct
spelling (e.g., `I\hbox'). Otherwise just continue,
and I'll forget about whatever was undefined.

./EYNTKA_Functional_Analysis.tex:4116: Missing number, treated as zero.
<to be read again> 
                   =
l.4116 \end{itemize}
                    
A number should have been here; I inserted `0'.
(If you can't figure out why I needed to see a number,
look up `weird error' in the index to The TeXbook.)

./EYNTKA_Functional_Analysis.tex:4116: Undefined control sequence.
\enit@setresumekeys ...me@#1}{\csname c@\@listctr 
                                                  \endcsname \the \csname c@...
l.4116 \end{itemize}
                    
The control sequence at the end of the top line
of your error message was never \def'ed. If you have
misspelled it (e.g., `\hobx'), type `I' and the correct
spelling (e.g., `I\hbox'). Otherwise just continue,
and I'll forget about whatever was undefined.

./EYNTKA_Functional_Analysis.tex:4116: Undefined control sequence.
\enit@setresumekeys ...e \the \csname c@\@listctr 
                                                  \endcsname }\fi }
l.4116 \end{itemize}
                    
The control sequence at the end of the top line
of your error message was never \def'ed. If you have
misspelled it (e.g., `\hobx'), type `I' and the correct
spelling (e.g., `I\hbox'). Otherwise just continue,
and I'll forget about whatever was undefined.

./EYNTKA_Functional_Analysis.tex:4116: You can't use `\relax' after \the.
<recently read> \c@ 
                    
l.4116 \end{itemize}
                    
I'm forgetting what you said and using zero instead.

[80]
./EYNTKA_Functional_Analysis.tex:4172: Undefined control sequence.
\enit@endenumerate ->\enit@after 
                                 \endlist \ifx \enit@series \relax \else \if...
l.4172 \end{enumerate}
                      
The control sequence at the end of the top line
of your error message was never \def'ed. If you have
misspelled it (e.g., `\hobx'), type `I' and the correct
spelling (e.g., `I\hbox'). Otherwise just continue,
and I'll forget about whatever was undefined.

./EYNTKA_Functional_Analysis.tex:4172: Undefined control sequence.
\enit@endenumerate ...\else \ifnum \enit@resuming 
                                                  =\@ne \enit@setresumekeys ...
l.4172 \end{enumerate}
                      
The control sequence at the end of the top line
of your error message was never \def'ed. If you have
misspelled it (e.g., `\hobx'), type `I' and the correct
spelling (e.g., `I\hbox'). Otherwise just continue,
and I'll forget about whatever was undefined.

./EYNTKA_Functional_Analysis.tex:4172: Missing number, treated as zero.
<to be read again> 
                   =
l.4172 \end{enumerate}
                      
A number should have been here; I inserted `0'.
(If you can't figure out why I needed to see a number,
look up `weird error' in the index to The TeXbook.)

./EYNTKA_Functional_Analysis.tex:4172: Undefined control sequence.
\enit@setresumekeys ...xpandafter {\enit@savekeys 
                                                  }\xdef \enit@afterlist {#2...
l.4172 \end{enumerate}
                      
The control sequence at the end of the top line
of your error message was never \def'ed. If you have
misspelled it (e.g., `\hobx'), type `I' and the correct
spelling (e.g., `I\hbox'). Otherwise just continue,
and I'll forget about whatever was undefined.

./EYNTKA_Functional_Analysis.tex:4172: Undefined control sequence.
\enit@setresumekeys ...it@toks }\ifnum \enit@type 
                                                  =\z@ #3\def \enit@noexcs {...
l.4172 \end{enumerate}
                      
The control sequence at the end of the top line
of your error message was never \def'ed. If you have
misspelled it (e.g., `\hobx'), type `I' and the correct
spelling (e.g., `I\hbox'). Otherwise just continue,
and I'll forget about whatever was undefined.

./EYNTKA_Functional_Analysis.tex:4172: Missing number, treated as zero.
<to be read again> 
                   =
l.4172 \end{enumerate}
                      
A number should have been here; I inserted `0'.
(If you can't figure out why I needed to see a number,
look up `weird error' in the index to The TeXbook.)

./EYNTKA_Functional_Analysis.tex:4172: Undefined control sequence.
<argument> enit@resume@series@\enit@series 
                                           
l.4172 \end{enumerate}
                      
The control sequence at the end of the top line
of your error message was never \def'ed. If you have
misspelled it (e.g., `\hobx'), type `I' and the correct
spelling (e.g., `I\hbox'). Otherwise just continue,
and I'll forget about whatever was undefined.

./EYNTKA_Functional_Analysis.tex:4172: Undefined control sequence.
\enit@endenumerate ...t \fi \ifnum \enit@resuming 
                                                  =\thr@@ \enit@setresumekey...
l.4172 \end{enumerate}
                      
The control sequence at the end of the top line
of your error message was never \def'ed. If you have
misspelled it (e.g., `\hobx'), type `I' and the correct
spelling (e.g., `I\hbox'). Otherwise just continue,
and I'll forget about whatever was undefined.

./EYNTKA_Functional_Analysis.tex:4172: Missing number, treated as zero.
<to be read again> 
                   =
l.4172 \end{enumerate}
                      
A number should have been here; I inserted `0'.
(If you can't figure out why I needed to see a number,
look up `weird error' in the index to The TeXbook.)

./EYNTKA_Functional_Analysis.tex:4172: Undefined control sequence.
\enit@setresumekeys ...xpandafter {\enit@savekeys 
                                                  }\xdef \enit@afterlist {#2...
l.4172 \end{enumerate}
                      
The control sequence at the end of the top line
of your error message was never \def'ed. If you have
misspelled it (e.g., `\hobx'), type `I' and the correct
spelling (e.g., `I\hbox'). Otherwise just continue,
and I'll forget about whatever was undefined.

./EYNTKA_Functional_Analysis.tex:4172: Undefined control sequence.
\enit@setresumekeys ...it@toks }\ifnum \enit@type 
                                                  =\z@ #3\def \enit@noexcs {...
l.4172 \end{enumerate}
                      
The control sequence at the end of the top line
of your error message was never \def'ed. If you have
misspelled it (e.g., `\hobx'), type `I' and the correct
spelling (e.g., `I\hbox'). Otherwise just continue,
and I'll forget about whatever was undefined.

./EYNTKA_Functional_Analysis.tex:4172: Missing number, treated as zero.
<to be read again> 
                   =
l.4172 \end{enumerate}
                      
A number should have been here; I inserted `0'.
(If you can't figure out why I needed to see a number,
look up `weird error' in the index to The TeXbook.)

./EYNTKA_Functional_Analysis.tex:4182: Undefined control sequence.
\enit@endenumerate ->\enit@after 
                                 \endlist \ifx \enit@series \relax \else \if...
l.4182 \end{enumerate}
                      
The control sequence at the end of the top line
of your error message was never \def'ed. If you have
misspelled it (e.g., `\hobx'), type `I' and the correct
spelling (e.g., `I\hbox'). Otherwise just continue,
and I'll forget about whatever was undefined.

./EYNTKA_Functional_Analysis.tex:4182: Undefined control sequence.
\enit@endenumerate ...\else \ifnum \enit@resuming 
                                                  =\@ne \enit@setresumekeys ...
l.4182 \end{enumerate}
                      
The control sequence at the end of the top line
of your error message was never \def'ed. If you have
misspelled it (e.g., `\hobx'), type `I' and the correct
spelling (e.g., `I\hbox'). Otherwise just continue,
and I'll forget about whatever was undefined.

./EYNTKA_Functional_Analysis.tex:4182: Missing number, treated as zero.
<to be read again> 
                   =
l.4182 \end{enumerate}
                      
A number should have been here; I inserted `0'.
(If you can't figure out why I needed to see a number,
look up `weird error' in the index to The TeXbook.)

./EYNTKA_Functional_Analysis.tex:4182: Undefined control sequence.
\enit@setresumekeys ...xpandafter {\enit@savekeys 
                                                  }\xdef \enit@afterlist {#2...
l.4182 \end{enumerate}
                      
The control sequence at the end of the top line
of your error message was never \def'ed. If you have
misspelled it (e.g., `\hobx'), type `I' and the correct
spelling (e.g., `I\hbox'). Otherwise just continue,
and I'll forget about whatever was undefined.

./EYNTKA_Functional_Analysis.tex:4182: Undefined control sequence.
\enit@setresumekeys ...it@toks }\ifnum \enit@type 
                                                  =\z@ #3\def \enit@noexcs {...
l.4182 \end{enumerate}
                      
The control sequence at the end of the top line
of your error message was never \def'ed. If you have
misspelled it (e.g., `\hobx'), type `I' and the correct
spelling (e.g., `I\hbox'). Otherwise just continue,
and I'll forget about whatever was undefined.

./EYNTKA_Functional_Analysis.tex:4182: Missing number, treated as zero.
<to be read again> 
                   =
l.4182 \end{enumerate}
                      
A number should have been here; I inserted `0'.
(If you can't figure out why I needed to see a number,
look up `weird error' in the index to The TeXbook.)

./EYNTKA_Functional_Analysis.tex:4182: Undefined control sequence.
<argument> enit@resume@series@\enit@series 
                                           
l.4182 \end{enumerate}
                      
The control sequence at the end of the top line
of your error message was never \def'ed. If you have
misspelled it (e.g., `\hobx'), type `I' and the correct
spelling (e.g., `I\hbox'). Otherwise just continue,
and I'll forget about whatever was undefined.

./EYNTKA_Functional_Analysis.tex:4182: Undefined control sequence.
\enit@endenumerate ...t \fi \ifnum \enit@resuming 
                                                  =\thr@@ \enit@setresumekey...
l.4182 \end{enumerate}
                      
The control sequence at the end of the top line
of your error message was never \def'ed. If you have
misspelled it (e.g., `\hobx'), type `I' and the correct
spelling (e.g., `I\hbox'). Otherwise just continue,
and I'll forget about whatever was undefined.

./EYNTKA_Functional_Analysis.tex:4182: Missing number, treated as zero.
<to be read again> 
                   =
l.4182 \end{enumerate}
                      
A number should have been here; I inserted `0'.
(If you can't figure out why I needed to see a number,
look up `weird error' in the index to The TeXbook.)

./EYNTKA_Functional_Analysis.tex:4182: Undefined control sequence.
\enit@setresumekeys ...xpandafter {\enit@savekeys 
                                                  }\xdef \enit@afterlist {#2...
l.4182 \end{enumerate}
                      
The control sequence at the end of the top line
of your error message was never \def'ed. If you have
misspelled it (e.g., `\hobx'), type `I' and the correct
spelling (e.g., `I\hbox'). Otherwise just continue,
and I'll forget about whatever was undefined.

./EYNTKA_Functional_Analysis.tex:4182: Undefined control sequence.
\enit@setresumekeys ...it@toks }\ifnum \enit@type 
                                                  =\z@ #3\def \enit@noexcs {...
l.4182 \end{enumerate}
                      
The control sequence at the end of the top line
of your error message was never \def'ed. If you have
misspelled it (e.g., `\hobx'), type `I' and the correct
spelling (e.g., `I\hbox'). Otherwise just continue,
and I'll forget about whatever was undefined.

./EYNTKA_Functional_Analysis.tex:4182: Missing number, treated as zero.
<to be read again> 
                   =
l.4182 \end{enumerate}
                      
A number should have been here; I inserted `0'.
(If you can't figure out why I needed to see a number,
look up `weird error' in the index to The TeXbook.)

./EYNTKA_Functional_Analysis.tex:4192: Undefined control sequence.
\enit@enditemize ->\enit@after 
                               \endlist \ifx \enit@series \relax \else \ifnu...
l.4192     \end{itemize}
                        
The control sequence at the end of the top line
of your error message was never \def'ed. If you have
misspelled it (e.g., `\hobx'), type `I' and the correct
spelling (e.g., `I\hbox'). Otherwise just continue,
and I'll forget about whatever was undefined.

[81]
./EYNTKA_Functional_Analysis.tex:4192: Undefined control sequence.
\enit@enditemize ...x \else \ifnum \enit@resuming 
                                                  =\@ne \enit@setresumekeys ...
l.4192     \end{itemize}
                        
The control sequence at the end of the top line
of your error message was never \def'ed. If you have
misspelled it (e.g., `\hobx'), type `I' and the correct
spelling (e.g., `I\hbox'). Otherwise just continue,
and I'll forget about whatever was undefined.

./EYNTKA_Functional_Analysis.tex:4192: Missing number, treated as zero.
<to be read again> 
                   =
l.4192     \end{itemize}
                        
A number should have been here; I inserted `0'.
(If you can't figure out why I needed to see a number,
look up `weird error' in the index to The TeXbook.)

./EYNTKA_Functional_Analysis.tex:4192: Undefined control sequence.
\enit@setresumekeys ...xpandafter {\enit@savekeys 
                                                  }\xdef \enit@afterlist {#2...
l.4192     \end{itemize}
                        
The control sequence at the end of the top line
of your error message was never \def'ed. If you have
misspelled it (e.g., `\hobx'), type `I' and the correct
spelling (e.g., `I\hbox'). Otherwise just continue,
and I'll forget about whatever was undefined.

./EYNTKA_Functional_Analysis.tex:4192: Undefined control sequence.
\enit@setresumekeys ...it@toks }\ifnum \enit@type 
                                                  =\z@ #3\def \enit@noexcs {...
l.4192     \end{itemize}
                        
The control sequence at the end of the top line
of your error message was never \def'ed. If you have
misspelled it (e.g., `\hobx'), type `I' and the correct
spelling (e.g., `I\hbox'). Otherwise just continue,
and I'll forget about whatever was undefined.

./EYNTKA_Functional_Analysis.tex:4192: Missing number, treated as zero.
<to be read again> 
                   =
l.4192     \end{itemize}
                        
A number should have been here; I inserted `0'.
(If you can't figure out why I needed to see a number,
look up `weird error' in the index to The TeXbook.)

./EYNTKA_Functional_Analysis.tex:4192: Undefined control sequence.
<argument> enit@resume@series@\enit@series 
                                           
l.4192     \end{itemize}
                        
The control sequence at the end of the top line
of your error message was never \def'ed. If you have
misspelled it (e.g., `\hobx'), type `I' and the correct
spelling (e.g., `I\hbox'). Otherwise just continue,
and I'll forget about whatever was undefined.

./EYNTKA_Functional_Analysis.tex:4192: Undefined control sequence.
\enit@setresumekeys ...me@#1}{\csname c@\@listctr 
                                                  \endcsname \the \csname c@...
l.4192     \end{itemize}
                        
The control sequence at the end of the top line
of your error message was never \def'ed. If you have
misspelled it (e.g., `\hobx'), type `I' and the correct
spelling (e.g., `I\hbox'). Otherwise just continue,
and I'll forget about whatever was undefined.

./EYNTKA_Functional_Analysis.tex:4192: Undefined control sequence.
\enit@setresumekeys ...e \the \csname c@\@listctr 
                                                  \endcsname }\fi }
l.4192     \end{itemize}
                        
The control sequence at the end of the top line
of your error message was never \def'ed. If you have
misspelled it (e.g., `\hobx'), type `I' and the correct
spelling (e.g., `I\hbox'). Otherwise just continue,
and I'll forget about whatever was undefined.

./EYNTKA_Functional_Analysis.tex:4192: You can't use `\relax' after \the.
<recently read> \c@ 
                    
l.4192     \end{itemize}
                        
I'm forgetting what you said and using zero instead.

./EYNTKA_Functional_Analysis.tex:4192: Undefined control sequence.
\enit@enditemize ...ist \fi \ifnum \enit@resuming 
                                                  =\thr@@ \enit@setresumekey...
l.4192     \end{itemize}
                        
The control sequence at the end of the top line
of your error message was never \def'ed. If you have
misspelled it (e.g., `\hobx'), type `I' and the correct
spelling (e.g., `I\hbox'). Otherwise just continue,
and I'll forget about whatever was undefined.

./EYNTKA_Functional_Analysis.tex:4192: Missing number, treated as zero.
<to be read again> 
                   =
l.4192     \end{itemize}
                        
A number should have been here; I inserted `0'.
(If you can't figure out why I needed to see a number,
look up `weird error' in the index to The TeXbook.)

./EYNTKA_Functional_Analysis.tex:4192: Undefined control sequence.
\enit@setresumekeys ...xpandafter {\enit@savekeys 
                                                  }\xdef \enit@afterlist {#2...
l.4192     \end{itemize}
                        
The control sequence at the end of the top line
of your error message was never \def'ed. If you have
misspelled it (e.g., `\hobx'), type `I' and the correct
spelling (e.g., `I\hbox'). Otherwise just continue,
and I'll forget about whatever was undefined.

./EYNTKA_Functional_Analysis.tex:4192: Undefined control sequence.
\enit@setresumekeys ...it@toks }\ifnum \enit@type 
                                                  =\z@ #3\def \enit@noexcs {...
l.4192     \end{itemize}
                        
The control sequence at the end of the top line
of your error message was never \def'ed. If you have
misspelled it (e.g., `\hobx'), type `I' and the correct
spelling (e.g., `I\hbox'). Otherwise just continue,
and I'll forget about whatever was undefined.

./EYNTKA_Functional_Analysis.tex:4192: Missing number, treated as zero.
<to be read again> 
                   =
l.4192     \end{itemize}
                        
A number should have been here; I inserted `0'.
(If you can't figure out why I needed to see a number,
look up `weird error' in the index to The TeXbook.)

./EYNTKA_Functional_Analysis.tex:4192: Undefined control sequence.
\enit@setresumekeys ...me@#1}{\csname c@\@listctr 
                                                  \endcsname \the \csname c@...
l.4192     \end{itemize}
                        
The control sequence at the end of the top line
of your error message was never \def'ed. If you have
misspelled it (e.g., `\hobx'), type `I' and the correct
spelling (e.g., `I\hbox'). Otherwise just continue,
and I'll forget about whatever was undefined.

./EYNTKA_Functional_Analysis.tex:4192: Undefined control sequence.
\enit@setresumekeys ...e \the \csname c@\@listctr 
                                                  \endcsname }\fi }
l.4192     \end{itemize}
                        
The control sequence at the end of the top line
of your error message was never \def'ed. If you have
misspelled it (e.g., `\hobx'), type `I' and the correct
spelling (e.g., `I\hbox'). Otherwise just continue,
and I'll forget about whatever was undefined.

./EYNTKA_Functional_Analysis.tex:4192: You can't use `\relax' after \the.
<recently read> \c@ 
                    
l.4192     \end{itemize}
                        
I'm forgetting what you said and using zero instead.

./EYNTKA_Functional_Analysis.tex:4193: Undefined control sequence.
\enit@enditemize ->\enit@after 
                               \endlist \ifx \enit@series \relax \else \ifnu...
l.4193 \end{itemize}
                    
The control sequence at the end of the top line
of your error message was never \def'ed. If you have
misspelled it (e.g., `\hobx'), type `I' and the correct
spelling (e.g., `I\hbox'). Otherwise just continue,
and I'll forget about whatever was undefined.

./EYNTKA_Functional_Analysis.tex:4193: Undefined control sequence.
\enit@enditemize ...x \else \ifnum \enit@resuming 
                                                  =\@ne \enit@setresumekeys ...
l.4193 \end{itemize}
                    
The control sequence at the end of the top line
of your error message was never \def'ed. If you have
misspelled it (e.g., `\hobx'), type `I' and the correct
spelling (e.g., `I\hbox'). Otherwise just continue,
and I'll forget about whatever was undefined.

./EYNTKA_Functional_Analysis.tex:4193: Missing number, treated as zero.
<to be read again> 
                   =
l.4193 \end{itemize}
                    
A number should have been here; I inserted `0'.
(If you can't figure out why I needed to see a number,
look up `weird error' in the index to The TeXbook.)

./EYNTKA_Functional_Analysis.tex:4193: Undefined control sequence.
\enit@setresumekeys ...xpandafter {\enit@savekeys 
                                                  }\xdef \enit@afterlist {#2...
l.4193 \end{itemize}
                    
The control sequence at the end of the top line
of your error message was never \def'ed. If you have
misspelled it (e.g., `\hobx'), type `I' and the correct
spelling (e.g., `I\hbox'). Otherwise just continue,
and I'll forget about whatever was undefined.

./EYNTKA_Functional_Analysis.tex:4193: Undefined control sequence.
\enit@setresumekeys ...it@toks }\ifnum \enit@type 
                                                  =\z@ #3\def \enit@noexcs {...
l.4193 \end{itemize}
                    
The control sequence at the end of the top line
of your error message was never \def'ed. If you have
misspelled it (e.g., `\hobx'), type `I' and the correct
spelling (e.g., `I\hbox'). Otherwise just continue,
and I'll forget about whatever was undefined.

./EYNTKA_Functional_Analysis.tex:4193: Missing number, treated as zero.
<to be read again> 
                   =
l.4193 \end{itemize}
                    
A number should have been here; I inserted `0'.
(If you can't figure out why I needed to see a number,
look up `weird error' in the index to The TeXbook.)

./EYNTKA_Functional_Analysis.tex:4193: Undefined control sequence.
<argument> enit@resume@series@\enit@series 
                                           
l.4193 \end{itemize}
                    
The control sequence at the end of the top line
of your error message was never \def'ed. If you have
misspelled it (e.g., `\hobx'), type `I' and the correct
spelling (e.g., `I\hbox'). Otherwise just continue,
and I'll forget about whatever was undefined.

./EYNTKA_Functional_Analysis.tex:4193: Undefined control sequence.
\enit@setresumekeys ...me@#1}{\csname c@\@listctr 
                                                  \endcsname \the \csname c@...
l.4193 \end{itemize}
                    
The control sequence at the end of the top line
of your error message was never \def'ed. If you have
misspelled it (e.g., `\hobx'), type `I' and the correct
spelling (e.g., `I\hbox'). Otherwise just continue,
and I'll forget about whatever was undefined.

./EYNTKA_Functional_Analysis.tex:4193: Undefined control sequence.
\enit@setresumekeys ...e \the \csname c@\@listctr 
                                                  \endcsname }\fi }
l.4193 \end{itemize}
                    
The control sequence at the end of the top line
of your error message was never \def'ed. If you have
misspelled it (e.g., `\hobx'), type `I' and the correct
spelling (e.g., `I\hbox'). Otherwise just continue,
and I'll forget about whatever was undefined.

./EYNTKA_Functional_Analysis.tex:4193: You can't use `\relax' after \the.
<recently read> \c@ 
                    
l.4193 \end{itemize}
                    
I'm forgetting what you said and using zero instead.

./EYNTKA_Functional_Analysis.tex:4193: Undefined control sequence.
\enit@enditemize ...ist \fi \ifnum \enit@resuming 
                                                  =\thr@@ \enit@setresumekey...
l.4193 \end{itemize}
                    
The control sequence at the end of the top line
of your error message was never \def'ed. If you have
misspelled it (e.g., `\hobx'), type `I' and the correct
spelling (e.g., `I\hbox'). Otherwise just continue,
and I'll forget about whatever was undefined.

./EYNTKA_Functional_Analysis.tex:4193: Missing number, treated as zero.
<to be read again> 
                   =
l.4193 \end{itemize}
                    
A number should have been here; I inserted `0'.
(If you can't figure out why I needed to see a number,
look up `weird error' in the index to The TeXbook.)

./EYNTKA_Functional_Analysis.tex:4193: Undefined control sequence.
\enit@setresumekeys ...xpandafter {\enit@savekeys 
                                                  }\xdef \enit@afterlist {#2...
l.4193 \end{itemize}
                    
The control sequence at the end of the top line
of your error message was never \def'ed. If you have
misspelled it (e.g., `\hobx'), type `I' and the correct
spelling (e.g., `I\hbox'). Otherwise just continue,
and I'll forget about whatever was undefined.

./EYNTKA_Functional_Analysis.tex:4193: Undefined control sequence.
\enit@setresumekeys ...it@toks }\ifnum \enit@type 
                                                  =\z@ #3\def \enit@noexcs {...
l.4193 \end{itemize}
                    
The control sequence at the end of the top line
of your error message was never \def'ed. If you have
misspelled it (e.g., `\hobx'), type `I' and the correct
spelling (e.g., `I\hbox'). Otherwise just continue,
and I'll forget about whatever was undefined.

./EYNTKA_Functional_Analysis.tex:4193: Missing number, treated as zero.
<to be read again> 
                   =
l.4193 \end{itemize}
                    
A number should have been here; I inserted `0'.
(If you can't figure out why I needed to see a number,
look up `weird error' in the index to The TeXbook.)

./EYNTKA_Functional_Analysis.tex:4193: Undefined control sequence.
\enit@setresumekeys ...me@#1}{\csname c@\@listctr 
                                                  \endcsname \the \csname c@...
l.4193 \end{itemize}
                    
The control sequence at the end of the top line
of your error message was never \def'ed. If you have
misspelled it (e.g., `\hobx'), type `I' and the correct
spelling (e.g., `I\hbox'). Otherwise just continue,
and I'll forget about whatever was undefined.

./EYNTKA_Functional_Analysis.tex:4193: Undefined control sequence.
\enit@setresumekeys ...e \the \csname c@\@listctr 
                                                  \endcsname }\fi }
l.4193 \end{itemize}
                    
The control sequence at the end of the top line
of your error message was never \def'ed. If you have
misspelled it (e.g., `\hobx'), type `I' and the correct
spelling (e.g., `I\hbox'). Otherwise just continue,
and I'll forget about whatever was undefined.

./EYNTKA_Functional_Analysis.tex:4193: You can't use `\relax' after \the.
<recently read> \c@ 
                    
l.4193 \end{itemize}
                    
I'm forgetting what you said and using zero instead.

./EYNTKA_Functional_Analysis.tex:4213: Undefined control sequence.
\enit@enditemize ->\enit@after 
                               \endlist \ifx \enit@series \relax \else \ifnu...
l.4213 \end{itemize}
                    
The control sequence at the end of the top line
of your error message was never \def'ed. If you have
misspelled it (e.g., `\hobx'), type `I' and the correct
spelling (e.g., `I\hbox'). Otherwise just continue,
and I'll forget about whatever was undefined.

./EYNTKA_Functional_Analysis.tex:4213: Undefined control sequence.
\enit@enditemize ...x \else \ifnum \enit@resuming 
                                                  =\@ne \enit@setresumekeys ...
l.4213 \end{itemize}
                    
The control sequence at the end of the top line
of your error message was never \def'ed. If you have
misspelled it (e.g., `\hobx'), type `I' and the correct
spelling (e.g., `I\hbox'). Otherwise just continue,
and I'll forget about whatever was undefined.

./EYNTKA_Functional_Analysis.tex:4213: Missing number, treated as zero.
<to be read again> 
                   =
l.4213 \end{itemize}
                    
A number should have been here; I inserted `0'.
(If you can't figure out why I needed to see a number,
look up `weird error' in the index to The TeXbook.)

./EYNTKA_Functional_Analysis.tex:4213: Undefined control sequence.
\enit@setresumekeys ...xpandafter {\enit@savekeys 
                                                  }\xdef \enit@afterlist {#2...
l.4213 \end{itemize}
                    
The control sequence at the end of the top line
of your error message was never \def'ed. If you have
misspelled it (e.g., `\hobx'), type `I' and the correct
spelling (e.g., `I\hbox'). Otherwise just continue,
and I'll forget about whatever was undefined.

./EYNTKA_Functional_Analysis.tex:4213: Undefined control sequence.
\enit@setresumekeys ...it@toks }\ifnum \enit@type 
                                                  =\z@ #3\def \enit@noexcs {...
l.4213 \end{itemize}
                    
The control sequence at the end of the top line
of your error message was never \def'ed. If you have
misspelled it (e.g., `\hobx'), type `I' and the correct
spelling (e.g., `I\hbox'). Otherwise just continue,
and I'll forget about whatever was undefined.

./EYNTKA_Functional_Analysis.tex:4213: Missing number, treated as zero.
<to be read again> 
                   =
l.4213 \end{itemize}
                    
A number should have been here; I inserted `0'.
(If you can't figure out why I needed to see a number,
look up `weird error' in the index to The TeXbook.)

./EYNTKA_Functional_Analysis.tex:4213: Undefined control sequence.
<argument> enit@resume@series@\enit@series 
                                           
l.4213 \end{itemize}
                    
The control sequence at the end of the top line
of your error message was never \def'ed. If you have
misspelled it (e.g., `\hobx'), type `I' and the correct
spelling (e.g., `I\hbox'). Otherwise just continue,
and I'll forget about whatever was undefined.

./EYNTKA_Functional_Analysis.tex:4213: Undefined control sequence.
\enit@setresumekeys ...me@#1}{\csname c@\@listctr 
                                                  \endcsname \the \csname c@...
l.4213 \end{itemize}
                    
The control sequence at the end of the top line
of your error message was never \def'ed. If you have
misspelled it (e.g., `\hobx'), type `I' and the correct
spelling (e.g., `I\hbox'). Otherwise just continue,
and I'll forget about whatever was undefined.

./EYNTKA_Functional_Analysis.tex:4213: Undefined control sequence.
\enit@setresumekeys ...e \the \csname c@\@listctr 
                                                  \endcsname }\fi }
l.4213 \end{itemize}
                    
The control sequence at the end of the top line
of your error message was never \def'ed. If you have
misspelled it (e.g., `\hobx'), type `I' and the correct
spelling (e.g., `I\hbox'). Otherwise just continue,
and I'll forget about whatever was undefined.

./EYNTKA_Functional_Analysis.tex:4213: You can't use `\relax' after \the.
<recently read> \c@ 
                    
l.4213 \end{itemize}
                    
I'm forgetting what you said and using zero instead.

./EYNTKA_Functional_Analysis.tex:4213: Undefined control sequence.
\enit@enditemize ...ist \fi \ifnum \enit@resuming 
                                                  =\thr@@ \enit@setresumekey...
l.4213 \end{itemize}
                    
The control sequence at the end of the top line
of your error message was never \def'ed. If you have
misspelled it (e.g., `\hobx'), type `I' and the correct
spelling (e.g., `I\hbox'). Otherwise just continue,
and I'll forget about whatever was undefined.

./EYNTKA_Functional_Analysis.tex:4213: Missing number, treated as zero.
<to be read again> 
                   =
l.4213 \end{itemize}
                    
A number should have been here; I inserted `0'.
(If you can't figure out why I needed to see a number,
look up `weird error' in the index to The TeXbook.)

./EYNTKA_Functional_Analysis.tex:4213: Undefined control sequence.
\enit@setresumekeys ...xpandafter {\enit@savekeys 
                                                  }\xdef \enit@afterlist {#2...
l.4213 \end{itemize}
                    
The control sequence at the end of the top line
of your error message was never \def'ed. If you have
misspelled it (e.g., `\hobx'), type `I' and the correct
spelling (e.g., `I\hbox'). Otherwise just continue,
and I'll forget about whatever was undefined.

./EYNTKA_Functional_Analysis.tex:4213: Undefined control sequence.
\enit@setresumekeys ...it@toks }\ifnum \enit@type 
                                                  =\z@ #3\def \enit@noexcs {...
l.4213 \end{itemize}
                    
The control sequence at the end of the top line
of your error message was never \def'ed. If you have
misspelled it (e.g., `\hobx'), type `I' and the correct
spelling (e.g., `I\hbox'). Otherwise just continue,
and I'll forget about whatever was undefined.

./EYNTKA_Functional_Analysis.tex:4213: Missing number, treated as zero.
<to be read again> 
                   =
l.4213 \end{itemize}
                    
A number should have been here; I inserted `0'.
(If you can't figure out why I needed to see a number,
look up `weird error' in the index to The TeXbook.)

./EYNTKA_Functional_Analysis.tex:4213: Undefined control sequence.
\enit@setresumekeys ...me@#1}{\csname c@\@listctr 
                                                  \endcsname \the \csname c@...
l.4213 \end{itemize}
                    
The control sequence at the end of the top line
of your error message was never \def'ed. If you have
misspelled it (e.g., `\hobx'), type `I' and the correct
spelling (e.g., `I\hbox'). Otherwise just continue,
and I'll forget about whatever was undefined.

./EYNTKA_Functional_Analysis.tex:4213: Undefined control sequence.
\enit@setresumekeys ...e \the \csname c@\@listctr 
                                                  \endcsname }\fi }
l.4213 \end{itemize}
                    
The control sequence at the end of the top line
of your error message was never \def'ed. If you have
misspelled it (e.g., `\hobx'), type `I' and the correct
spelling (e.g., `I\hbox'). Otherwise just continue,
and I'll forget about whatever was undefined.

./EYNTKA_Functional_Analysis.tex:4213: You can't use `\relax' after \the.
<recently read> \c@ 
                    
l.4213 \end{itemize}
                    
I'm forgetting what you said and using zero instead.

./EYNTKA_Functional_Analysis.tex:4222: Undefined control sequence.
\enit@enditemize ->\enit@after 
                               \endlist \ifx \enit@series \relax \else \ifnu...
l.4222 \end{itemize}
                    
The control sequence at the end of the top line
of your error message was never \def'ed. If you have
misspelled it (e.g., `\hobx'), type `I' and the correct
spelling (e.g., `I\hbox'). Otherwise just continue,
and I'll forget about whatever was undefined.

./EYNTKA_Functional_Analysis.tex:4222: Undefined control sequence.
\enit@enditemize ...x \else \ifnum \enit@resuming 
                                                  =\@ne \enit@setresumekeys ...
l.4222 \end{itemize}
                    
The control sequence at the end of the top line
of your error message was never \def'ed. If you have
misspelled it (e.g., `\hobx'), type `I' and the correct
spelling (e.g., `I\hbox'). Otherwise just continue,
and I'll forget about whatever was undefined.

./EYNTKA_Functional_Analysis.tex:4222: Missing number, treated as zero.
<to be read again> 
                   =
l.4222 \end{itemize}
                    
A number should have been here; I inserted `0'.
(If you can't figure out why I needed to see a number,
look up `weird error' in the index to The TeXbook.)

./EYNTKA_Functional_Analysis.tex:4222: Undefined control sequence.
\enit@setresumekeys ...xpandafter {\enit@savekeys 
                                                  }\xdef \enit@afterlist {#2...
l.4222 \end{itemize}
                    
The control sequence at the end of the top line
of your error message was never \def'ed. If you have
misspelled it (e.g., `\hobx'), type `I' and the correct
spelling (e.g., `I\hbox'). Otherwise just continue,
and I'll forget about whatever was undefined.

./EYNTKA_Functional_Analysis.tex:4222: Undefined control sequence.
\enit@setresumekeys ...it@toks }\ifnum \enit@type 
                                                  =\z@ #3\def \enit@noexcs {...
l.4222 \end{itemize}
                    
The control sequence at the end of the top line
of your error message was never \def'ed. If you have
misspelled it (e.g., `\hobx'), type `I' and the correct
spelling (e.g., `I\hbox'). Otherwise just continue,
and I'll forget about whatever was undefined.

./EYNTKA_Functional_Analysis.tex:4222: Missing number, treated as zero.
<to be read again> 
                   =
l.4222 \end{itemize}
                    
A number should have been here; I inserted `0'.
(If you can't figure out why I needed to see a number,
look up `weird error' in the index to The TeXbook.)

./EYNTKA_Functional_Analysis.tex:4222: Undefined control sequence.
<argument> enit@resume@series@\enit@series 
                                           
l.4222 \end{itemize}
                    
The control sequence at the end of the top line
of your error message was never \def'ed. If you have
misspelled it (e.g., `\hobx'), type `I' and the correct
spelling (e.g., `I\hbox'). Otherwise just continue,
and I'll forget about whatever was undefined.

./EYNTKA_Functional_Analysis.tex:4222: Undefined control sequence.
\enit@setresumekeys ...me@#1}{\csname c@\@listctr 
                                                  \endcsname \the \csname c@...
l.4222 \end{itemize}
                    
The control sequence at the end of the top line
of your error message was never \def'ed. If you have
misspelled it (e.g., `\hobx'), type `I' and the correct
spelling (e.g., `I\hbox'). Otherwise just continue,
and I'll forget about whatever was undefined.

./EYNTKA_Functional_Analysis.tex:4222: Undefined control sequence.
\enit@setresumekeys ...e \the \csname c@\@listctr 
                                                  \endcsname }\fi }
l.4222 \end{itemize}
                    
The control sequence at the end of the top line
of your error message was never \def'ed. If you have
misspelled it (e.g., `\hobx'), type `I' and the correct
spelling (e.g., `I\hbox'). Otherwise just continue,
and I'll forget about whatever was undefined.

./EYNTKA_Functional_Analysis.tex:4222: You can't use `\relax' after \the.
<recently read> \c@ 
                    
l.4222 \end{itemize}
                    
I'm forgetting what you said and using zero instead.

./EYNTKA_Functional_Analysis.tex:4222: Undefined control sequence.
\enit@enditemize ...ist \fi \ifnum \enit@resuming 
                                                  =\thr@@ \enit@setresumekey...
l.4222 \end{itemize}
                    
The control sequence at the end of the top line
of your error message was never \def'ed. If you have
misspelled it (e.g., `\hobx'), type `I' and the correct
spelling (e.g., `I\hbox'). Otherwise just continue,
and I'll forget about whatever was undefined.

./EYNTKA_Functional_Analysis.tex:4222: Missing number, treated as zero.
<to be read again> 
                   =
l.4222 \end{itemize}
                    
A number should have been here; I inserted `0'.
(If you can't figure out why I needed to see a number,
look up `weird error' in the index to The TeXbook.)

./EYNTKA_Functional_Analysis.tex:4222: Undefined control sequence.
\enit@setresumekeys ...xpandafter {\enit@savekeys 
                                                  }\xdef \enit@afterlist {#2...
l.4222 \end{itemize}
                    
The control sequence at the end of the top line
of your error message was never \def'ed. If you have
misspelled it (e.g., `\hobx'), type `I' and the correct
spelling (e.g., `I\hbox'). Otherwise just continue,
and I'll forget about whatever was undefined.

./EYNTKA_Functional_Analysis.tex:4222: Undefined control sequence.
\enit@setresumekeys ...it@toks }\ifnum \enit@type 
                                                  =\z@ #3\def \enit@noexcs {...
l.4222 \end{itemize}
                    
The control sequence at the end of the top line
of your error message was never \def'ed. If you have
misspelled it (e.g., `\hobx'), type `I' and the correct
spelling (e.g., `I\hbox'). Otherwise just continue,
and I'll forget about whatever was undefined.

./EYNTKA_Functional_Analysis.tex:4222: Missing number, treated as zero.
<to be read again> 
                   =
l.4222 \end{itemize}
                    
A number should have been here; I inserted `0'.
(If you can't figure out why I needed to see a number,
look up `weird error' in the index to The TeXbook.)

./EYNTKA_Functional_Analysis.tex:4222: Undefined control sequence.
\enit@setresumekeys ...me@#1}{\csname c@\@listctr 
                                                  \endcsname \the \csname c@...
l.4222 \end{itemize}
                    
The control sequence at the end of the top line
of your error message was never \def'ed. If you have
misspelled it (e.g., `\hobx'), type `I' and the correct
spelling (e.g., `I\hbox'). Otherwise just continue,
and I'll forget about whatever was undefined.

./EYNTKA_Functional_Analysis.tex:4222: Undefined control sequence.
\enit@setresumekeys ...e \the \csname c@\@listctr 
                                                  \endcsname }\fi }
l.4222 \end{itemize}
                    
The control sequence at the end of the top line
of your error message was never \def'ed. If you have
misspelled it (e.g., `\hobx'), type `I' and the correct
spelling (e.g., `I\hbox'). Otherwise just continue,
and I'll forget about whatever was undefined.

./EYNTKA_Functional_Analysis.tex:4222: You can't use `\relax' after \the.
<recently read> \c@ 
                    
l.4222 \end{itemize}
                    
I'm forgetting what you said and using zero instead.

[82]
./EYNTKA_Functional_Analysis.tex:4232: Undefined control sequence.
\enit@enditemize ->\enit@after 
                               \endlist \ifx \enit@series \relax \else \ifnu...
l.4232 \end{itemize}
                    
The control sequence at the end of the top line
of your error message was never \def'ed. If you have
misspelled it (e.g., `\hobx'), type `I' and the correct
spelling (e.g., `I\hbox'). Otherwise just continue,
and I'll forget about whatever was undefined.

./EYNTKA_Functional_Analysis.tex:4232: Undefined control sequence.
\enit@enditemize ...x \else \ifnum \enit@resuming 
                                                  =\@ne \enit@setresumekeys ...
l.4232 \end{itemize}
                    
The control sequence at the end of the top line
of your error message was never \def'ed. If you have
misspelled it (e.g., `\hobx'), type `I' and the correct
spelling (e.g., `I\hbox'). Otherwise just continue,
and I'll forget about whatever was undefined.

./EYNTKA_Functional_Analysis.tex:4232: Missing number, treated as zero.
<to be read again> 
                   =
l.4232 \end{itemize}
                    
A number should have been here; I inserted `0'.
(If you can't figure out why I needed to see a number,
look up `weird error' in the index to The TeXbook.)

./EYNTKA_Functional_Analysis.tex:4232: Undefined control sequence.
\enit@setresumekeys ...xpandafter {\enit@savekeys 
                                                  }\xdef \enit@afterlist {#2...
l.4232 \end{itemize}
                    
The control sequence at the end of the top line
of your error message was never \def'ed. If you have
misspelled it (e.g., `\hobx'), type `I' and the correct
spelling (e.g., `I\hbox'). Otherwise just continue,
and I'll forget about whatever was undefined.

./EYNTKA_Functional_Analysis.tex:4232: Undefined control sequence.
\enit@setresumekeys ...it@toks }\ifnum \enit@type 
                                                  =\z@ #3\def \enit@noexcs {...
l.4232 \end{itemize}
                    
The control sequence at the end of the top line
of your error message was never \def'ed. If you have
misspelled it (e.g., `\hobx'), type `I' and the correct
spelling (e.g., `I\hbox'). Otherwise just continue,
and I'll forget about whatever was undefined.

./EYNTKA_Functional_Analysis.tex:4232: Missing number, treated as zero.
<to be read again> 
                   =
l.4232 \end{itemize}
                    
A number should have been here; I inserted `0'.
(If you can't figure out why I needed to see a number,
look up `weird error' in the index to The TeXbook.)

./EYNTKA_Functional_Analysis.tex:4232: Undefined control sequence.
<argument> enit@resume@series@\enit@series 
                                           
l.4232 \end{itemize}
                    
The control sequence at the end of the top line
of your error message was never \def'ed. If you have
misspelled it (e.g., `\hobx'), type `I' and the correct
spelling (e.g., `I\hbox'). Otherwise just continue,
and I'll forget about whatever was undefined.

./EYNTKA_Functional_Analysis.tex:4232: Undefined control sequence.
\enit@setresumekeys ...me@#1}{\csname c@\@listctr 
                                                  \endcsname \the \csname c@...
l.4232 \end{itemize}
                    
The control sequence at the end of the top line
of your error message was never \def'ed. If you have
misspelled it (e.g., `\hobx'), type `I' and the correct
spelling (e.g., `I\hbox'). Otherwise just continue,
and I'll forget about whatever was undefined.

./EYNTKA_Functional_Analysis.tex:4232: Undefined control sequence.
\enit@setresumekeys ...e \the \csname c@\@listctr 
                                                  \endcsname }\fi }
l.4232 \end{itemize}
                    
The control sequence at the end of the top line
of your error message was never \def'ed. If you have
misspelled it (e.g., `\hobx'), type `I' and the correct
spelling (e.g., `I\hbox'). Otherwise just continue,
and I'll forget about whatever was undefined.

./EYNTKA_Functional_Analysis.tex:4232: You can't use `\relax' after \the.
<recently read> \c@ 
                    
l.4232 \end{itemize}
                    
I'm forgetting what you said and using zero instead.

./EYNTKA_Functional_Analysis.tex:4232: Undefined control sequence.
\enit@enditemize ...ist \fi \ifnum \enit@resuming 
                                                  =\thr@@ \enit@setresumekey...
l.4232 \end{itemize}
                    
The control sequence at the end of the top line
of your error message was never \def'ed. If you have
misspelled it (e.g., `\hobx'), type `I' and the correct
spelling (e.g., `I\hbox'). Otherwise just continue,
and I'll forget about whatever was undefined.

./EYNTKA_Functional_Analysis.tex:4232: Missing number, treated as zero.
<to be read again> 
                   =
l.4232 \end{itemize}
                    
A number should have been here; I inserted `0'.
(If you can't figure out why I needed to see a number,
look up `weird error' in the index to The TeXbook.)

./EYNTKA_Functional_Analysis.tex:4232: Undefined control sequence.
\enit@setresumekeys ...xpandafter {\enit@savekeys 
                                                  }\xdef \enit@afterlist {#2...
l.4232 \end{itemize}
                    
The control sequence at the end of the top line
of your error message was never \def'ed. If you have
misspelled it (e.g., `\hobx'), type `I' and the correct
spelling (e.g., `I\hbox'). Otherwise just continue,
and I'll forget about whatever was undefined.

./EYNTKA_Functional_Analysis.tex:4232: Undefined control sequence.
\enit@setresumekeys ...it@toks }\ifnum \enit@type 
                                                  =\z@ #3\def \enit@noexcs {...
l.4232 \end{itemize}
                    
The control sequence at the end of the top line
of your error message was never \def'ed. If you have
misspelled it (e.g., `\hobx'), type `I' and the correct
spelling (e.g., `I\hbox'). Otherwise just continue,
and I'll forget about whatever was undefined.

./EYNTKA_Functional_Analysis.tex:4232: Missing number, treated as zero.
<to be read again> 
                   =
l.4232 \end{itemize}
                    
A number should have been here; I inserted `0'.
(If you can't figure out why I needed to see a number,
look up `weird error' in the index to The TeXbook.)

./EYNTKA_Functional_Analysis.tex:4232: Undefined control sequence.
\enit@setresumekeys ...me@#1}{\csname c@\@listctr 
                                                  \endcsname \the \csname c@...
l.4232 \end{itemize}
                    
The control sequence at the end of the top line
of your error message was never \def'ed. If you have
misspelled it (e.g., `\hobx'), type `I' and the correct
spelling (e.g., `I\hbox'). Otherwise just continue,
and I'll forget about whatever was undefined.

./EYNTKA_Functional_Analysis.tex:4232: Undefined control sequence.
\enit@setresumekeys ...e \the \csname c@\@listctr 
                                                  \endcsname }\fi }
l.4232 \end{itemize}
                    
The control sequence at the end of the top line
of your error message was never \def'ed. If you have
misspelled it (e.g., `\hobx'), type `I' and the correct
spelling (e.g., `I\hbox'). Otherwise just continue,
and I'll forget about whatever was undefined.

./EYNTKA_Functional_Analysis.tex:4232: You can't use `\relax' after \the.
<recently read> \c@ 
                    
l.4232 \end{itemize}
                    
I'm forgetting what you said and using zero instead.

./EYNTKA_Functional_Analysis.tex:4243: Undefined control sequence.
\enit@enditemize ->\enit@after 
                               \endlist \ifx \enit@series \relax \else \ifnu...
l.4243     \end{itemize}
                        
The control sequence at the end of the top line
of your error message was never \def'ed. If you have
misspelled it (e.g., `\hobx'), type `I' and the correct
spelling (e.g., `I\hbox'). Otherwise just continue,
and I'll forget about whatever was undefined.

./EYNTKA_Functional_Analysis.tex:4243: Undefined control sequence.
\enit@enditemize ...x \else \ifnum \enit@resuming 
                                                  =\@ne \enit@setresumekeys ...
l.4243     \end{itemize}
                        
The control sequence at the end of the top line
of your error message was never \def'ed. If you have
misspelled it (e.g., `\hobx'), type `I' and the correct
spelling (e.g., `I\hbox'). Otherwise just continue,
and I'll forget about whatever was undefined.

./EYNTKA_Functional_Analysis.tex:4243: Missing number, treated as zero.
<to be read again> 
                   =
l.4243     \end{itemize}
                        
A number should have been here; I inserted `0'.
(If you can't figure out why I needed to see a number,
look up `weird error' in the index to The TeXbook.)

./EYNTKA_Functional_Analysis.tex:4243: Undefined control sequence.
\enit@setresumekeys ...xpandafter {\enit@savekeys 
                                                  }\xdef \enit@afterlist {#2...
l.4243     \end{itemize}
                        
The control sequence at the end of the top line
of your error message was never \def'ed. If you have
misspelled it (e.g., `\hobx'), type `I' and the correct
spelling (e.g., `I\hbox'). Otherwise just continue,
and I'll forget about whatever was undefined.

./EYNTKA_Functional_Analysis.tex:4243: Undefined control sequence.
\enit@setresumekeys ...it@toks }\ifnum \enit@type 
                                                  =\z@ #3\def \enit@noexcs {...
l.4243     \end{itemize}
                        
The control sequence at the end of the top line
of your error message was never \def'ed. If you have
misspelled it (e.g., `\hobx'), type `I' and the correct
spelling (e.g., `I\hbox'). Otherwise just continue,
and I'll forget about whatever was undefined.

./EYNTKA_Functional_Analysis.tex:4243: Missing number, treated as zero.
<to be read again> 
                   =
l.4243     \end{itemize}
                        
A number should have been here; I inserted `0'.
(If you can't figure out why I needed to see a number,
look up `weird error' in the index to The TeXbook.)

./EYNTKA_Functional_Analysis.tex:4243: Undefined control sequence.
<argument> enit@resume@series@\enit@series 
                                           
l.4243     \end{itemize}
                        
The control sequence at the end of the top line
of your error message was never \def'ed. If you have
misspelled it (e.g., `\hobx'), type `I' and the correct
spelling (e.g., `I\hbox'). Otherwise just continue,
and I'll forget about whatever was undefined.

./EYNTKA_Functional_Analysis.tex:4243: Undefined control sequence.
\enit@setresumekeys ...me@#1}{\csname c@\@listctr 
                                                  \endcsname \the \csname c@...
l.4243     \end{itemize}
                        
The control sequence at the end of the top line
of your error message was never \def'ed. If you have
misspelled it (e.g., `\hobx'), type `I' and the correct
spelling (e.g., `I\hbox'). Otherwise just continue,
and I'll forget about whatever was undefined.

./EYNTKA_Functional_Analysis.tex:4243: Undefined control sequence.
\enit@setresumekeys ...e \the \csname c@\@listctr 
                                                  \endcsname }\fi }
l.4243     \end{itemize}
                        
The control sequence at the end of the top line
of your error message was never \def'ed. If you have
misspelled it (e.g., `\hobx'), type `I' and the correct
spelling (e.g., `I\hbox'). Otherwise just continue,
and I'll forget about whatever was undefined.

./EYNTKA_Functional_Analysis.tex:4243: You can't use `\relax' after \the.
<recently read> \c@ 
                    
l.4243     \end{itemize}
                        
I'm forgetting what you said and using zero instead.

./EYNTKA_Functional_Analysis.tex:4243: Undefined control sequence.
\enit@enditemize ...ist \fi \ifnum \enit@resuming 
                                                  =\thr@@ \enit@setresumekey...
l.4243     \end{itemize}
                        
The control sequence at the end of the top line
of your error message was never \def'ed. If you have
misspelled it (e.g., `\hobx'), type `I' and the correct
spelling (e.g., `I\hbox'). Otherwise just continue,
and I'll forget about whatever was undefined.

./EYNTKA_Functional_Analysis.tex:4243: Missing number, treated as zero.
<to be read again> 
                   =
l.4243     \end{itemize}
                        
A number should have been here; I inserted `0'.
(If you can't figure out why I needed to see a number,
look up `weird error' in the index to The TeXbook.)

./EYNTKA_Functional_Analysis.tex:4243: Undefined control sequence.
\enit@setresumekeys ...xpandafter {\enit@savekeys 
                                                  }\xdef \enit@afterlist {#2...
l.4243     \end{itemize}
                        
The control sequence at the end of the top line
of your error message was never \def'ed. If you have
misspelled it (e.g., `\hobx'), type `I' and the correct
spelling (e.g., `I\hbox'). Otherwise just continue,
and I'll forget about whatever was undefined.

./EYNTKA_Functional_Analysis.tex:4243: Undefined control sequence.
\enit@setresumekeys ...it@toks }\ifnum \enit@type 
                                                  =\z@ #3\def \enit@noexcs {...
l.4243     \end{itemize}
                        
The control sequence at the end of the top line
of your error message was never \def'ed. If you have
misspelled it (e.g., `\hobx'), type `I' and the correct
spelling (e.g., `I\hbox'). Otherwise just continue,
and I'll forget about whatever was undefined.

./EYNTKA_Functional_Analysis.tex:4243: Missing number, treated as zero.
<to be read again> 
                   =
l.4243     \end{itemize}
                        
A number should have been here; I inserted `0'.
(If you can't figure out why I needed to see a number,
look up `weird error' in the index to The TeXbook.)

./EYNTKA_Functional_Analysis.tex:4243: Undefined control sequence.
\enit@setresumekeys ...me@#1}{\csname c@\@listctr 
                                                  \endcsname \the \csname c@...
l.4243     \end{itemize}
                        
The control sequence at the end of the top line
of your error message was never \def'ed. If you have
misspelled it (e.g., `\hobx'), type `I' and the correct
spelling (e.g., `I\hbox'). Otherwise just continue,
and I'll forget about whatever was undefined.

./EYNTKA_Functional_Analysis.tex:4243: Undefined control sequence.
\enit@setresumekeys ...e \the \csname c@\@listctr 
                                                  \endcsname }\fi }
l.4243     \end{itemize}
                        
The control sequence at the end of the top line
of your error message was never \def'ed. If you have
misspelled it (e.g., `\hobx'), type `I' and the correct
spelling (e.g., `I\hbox'). Otherwise just continue,
and I'll forget about whatever was undefined.

./EYNTKA_Functional_Analysis.tex:4243: You can't use `\relax' after \the.
<recently read> \c@ 
                    
l.4243     \end{itemize}
                        
I'm forgetting what you said and using zero instead.

./EYNTKA_Functional_Analysis.tex:4245: Undefined control sequence.
\enit@enditemize ->\enit@after 
                               \endlist \ifx \enit@series \relax \else \ifnu...
l.4245 \end{itemize}
                    
The control sequence at the end of the top line
of your error message was never \def'ed. If you have
misspelled it (e.g., `\hobx'), type `I' and the correct
spelling (e.g., `I\hbox'). Otherwise just continue,
and I'll forget about whatever was undefined.

./EYNTKA_Functional_Analysis.tex:4245: Undefined control sequence.
\enit@enditemize ...x \else \ifnum \enit@resuming 
                                                  =\@ne \enit@setresumekeys ...
l.4245 \end{itemize}
                    
The control sequence at the end of the top line
of your error message was never \def'ed. If you have
misspelled it (e.g., `\hobx'), type `I' and the correct
spelling (e.g., `I\hbox'). Otherwise just continue,
and I'll forget about whatever was undefined.

./EYNTKA_Functional_Analysis.tex:4245: Missing number, treated as zero.
<to be read again> 
                   =
l.4245 \end{itemize}
                    
A number should have been here; I inserted `0'.
(If you can't figure out why I needed to see a number,
look up `weird error' in the index to The TeXbook.)

./EYNTKA_Functional_Analysis.tex:4245: Undefined control sequence.
\enit@setresumekeys ...xpandafter {\enit@savekeys 
                                                  }\xdef \enit@afterlist {#2...
l.4245 \end{itemize}
                    
The control sequence at the end of the top line
of your error message was never \def'ed. If you have
misspelled it (e.g., `\hobx'), type `I' and the correct
spelling (e.g., `I\hbox'). Otherwise just continue,
and I'll forget about whatever was undefined.

./EYNTKA_Functional_Analysis.tex:4245: Undefined control sequence.
\enit@setresumekeys ...it@toks }\ifnum \enit@type 
                                                  =\z@ #3\def \enit@noexcs {...
l.4245 \end{itemize}
                    
The control sequence at the end of the top line
of your error message was never \def'ed. If you have
misspelled it (e.g., `\hobx'), type `I' and the correct
spelling (e.g., `I\hbox'). Otherwise just continue,
and I'll forget about whatever was undefined.

./EYNTKA_Functional_Analysis.tex:4245: Missing number, treated as zero.
<to be read again> 
                   =
l.4245 \end{itemize}
                    
A number should have been here; I inserted `0'.
(If you can't figure out why I needed to see a number,
look up `weird error' in the index to The TeXbook.)

./EYNTKA_Functional_Analysis.tex:4245: Undefined control sequence.
<argument> enit@resume@series@\enit@series 
                                           
l.4245 \end{itemize}
                    
The control sequence at the end of the top line
of your error message was never \def'ed. If you have
misspelled it (e.g., `\hobx'), type `I' and the correct
spelling (e.g., `I\hbox'). Otherwise just continue,
and I'll forget about whatever was undefined.

./EYNTKA_Functional_Analysis.tex:4245: Undefined control sequence.
\enit@setresumekeys ...me@#1}{\csname c@\@listctr 
                                                  \endcsname \the \csname c@...
l.4245 \end{itemize}
                    
The control sequence at the end of the top line
of your error message was never \def'ed. If you have
misspelled it (e.g., `\hobx'), type `I' and the correct
spelling (e.g., `I\hbox'). Otherwise just continue,
and I'll forget about whatever was undefined.

./EYNTKA_Functional_Analysis.tex:4245: Undefined control sequence.
\enit@setresumekeys ...e \the \csname c@\@listctr 
                                                  \endcsname }\fi }
l.4245 \end{itemize}
                    
The control sequence at the end of the top line
of your error message was never \def'ed. If you have
misspelled it (e.g., `\hobx'), type `I' and the correct
spelling (e.g., `I\hbox'). Otherwise just continue,
and I'll forget about whatever was undefined.

./EYNTKA_Functional_Analysis.tex:4245: You can't use `\relax' after \the.
<recently read> \c@ 
                    
l.4245 \end{itemize}
                    
I'm forgetting what you said and using zero instead.

./EYNTKA_Functional_Analysis.tex:4245: Undefined control sequence.
\enit@enditemize ...ist \fi \ifnum \enit@resuming 
                                                  =\thr@@ \enit@setresumekey...
l.4245 \end{itemize}
                    
The control sequence at the end of the top line
of your error message was never \def'ed. If you have
misspelled it (e.g., `\hobx'), type `I' and the correct
spelling (e.g., `I\hbox'). Otherwise just continue,
and I'll forget about whatever was undefined.

./EYNTKA_Functional_Analysis.tex:4245: Missing number, treated as zero.
<to be read again> 
                   =
l.4245 \end{itemize}
                    
A number should have been here; I inserted `0'.
(If you can't figure out why I needed to see a number,
look up `weird error' in the index to The TeXbook.)

./EYNTKA_Functional_Analysis.tex:4245: Undefined control sequence.
\enit@setresumekeys ...xpandafter {\enit@savekeys 
                                                  }\xdef \enit@afterlist {#2...
l.4245 \end{itemize}
                    
The control sequence at the end of the top line
of your error message was never \def'ed. If you have
misspelled it (e.g., `\hobx'), type `I' and the correct
spelling (e.g., `I\hbox'). Otherwise just continue,
and I'll forget about whatever was undefined.

./EYNTKA_Functional_Analysis.tex:4245: Undefined control sequence.
\enit@setresumekeys ...it@toks }\ifnum \enit@type 
                                                  =\z@ #3\def \enit@noexcs {...
l.4245 \end{itemize}
                    
The control sequence at the end of the top line
of your error message was never \def'ed. If you have
misspelled it (e.g., `\hobx'), type `I' and the correct
spelling (e.g., `I\hbox'). Otherwise just continue,
and I'll forget about whatever was undefined.

./EYNTKA_Functional_Analysis.tex:4245: Missing number, treated as zero.
<to be read again> 
                   =
l.4245 \end{itemize}
                    
A number should have been here; I inserted `0'.
(If you can't figure out why I needed to see a number,
look up `weird error' in the index to The TeXbook.)

./EYNTKA_Functional_Analysis.tex:4245: Undefined control sequence.
\enit@setresumekeys ...me@#1}{\csname c@\@listctr 
                                                  \endcsname \the \csname c@...
l.4245 \end{itemize}
                    
The control sequence at the end of the top line
of your error message was never \def'ed. If you have
misspelled it (e.g., `\hobx'), type `I' and the correct
spelling (e.g., `I\hbox'). Otherwise just continue,
and I'll forget about whatever was undefined.

./EYNTKA_Functional_Analysis.tex:4245: Undefined control sequence.
\enit@setresumekeys ...e \the \csname c@\@listctr 
                                                  \endcsname }\fi }
l.4245 \end{itemize}
                    
The control sequence at the end of the top line
of your error message was never \def'ed. If you have
misspelled it (e.g., `\hobx'), type `I' and the correct
spelling (e.g., `I\hbox'). Otherwise just continue,
and I'll forget about whatever was undefined.

./EYNTKA_Functional_Analysis.tex:4245: You can't use `\relax' after \the.
<recently read> \c@ 
                    
l.4245 \end{itemize}
                    
I'm forgetting what you said and using zero instead.

[83] (./EYNTKA_Functional_Analysis.aux)

LaTeX Warning: There were undefined references.


LaTeX Warning: Label(s) may have changed. Rerun to get cross-references right.

Package logreq Info: Writing requests to 'EYNTKA_Functional_Analysis.run.xml'.
\openout1 = `EYNTKA_Functional_Analysis.run.xml'.

 ) 
Here is how much of TeX's memory you used:
 49799 strings out of 476025
 1054230 string characters out of 5790017
 1891388 words of memory out of 5000000
 68839 multiletter control sequences out of 15000+600000
 538333 words of font info for 236 fonts, out of 8000000 for 9000
 1141 hyphenation exceptions out of 8191
 98i,17n,103p,1023b,1540s stack positions out of 10000i,1000n,20000p,200000b,200000s
</usr/local/texlive/2023/texmf-dist/fonts/type1/public/amsfonts/cm/cmbx10.pfb></usr/local/texlive/2023/texmf-dist/fonts/type1/public/amsfonts/cm/cmbx12.pfb></usr/local/texlive/2023/texmf-dist/fonts/type1/public/amsfonts/cm/cmbx7.pfb></usr/local/texlive/2023/texmf-dist/fonts/type1/public/amsfonts/cm/cmbx8.pfb></usr/local/texlive/2023/texmf-dist/fonts/type1/public/amsfonts/cm/cmbxti10.pfb></usr/local/texlive/2023/texmf-dist/fonts/type1/public/amsfonts/cm/cmex10.pfb></usr/local/texlive/2023/texmf-dist/fonts/type1/public/amsfonts/cm/cmmi10.pfb></usr/local/texlive/2023/texmf-dist/fonts/type1/public/amsfonts/cm/cmmi5.pfb></usr/local/texlive/2023/texmf-dist/fonts/type1/public/amsfonts/cm/cmmi6.pfb></usr/local/texlive/2023/texmf-dist/fonts/type1/public/amsfonts/cm/cmmi7.pfb></usr/local/texlive/2023/texmf-dist/fonts/type1/public/amsfonts/cm/cmmi8.pfb></usr/local/texlive/2023/texmf-dist/fonts/type1/public/amsfonts/cm/cmr10.pfb></usr/local/texlive/2023/texmf-dist/fonts/type1/public/amsfonts/cm/cmr12.pfb></usr/local/texlive/2023/texmf-dist/fonts/type1/public/amsfonts/cm/cmr5.pfb></usr/local/texlive/2023/texmf-dist/fonts/type1/public/amsfonts/cm/cmr6.pfb></usr/local/texlive/2023/texmf-dist/fonts/type1/public/amsfonts/cm/cmr7.pfb></usr/local/texlive/2023/texmf-dist/fonts/type1/public/amsfonts/cm/cmr8.pfb></usr/local/texlive/2023/texmf-dist/fonts/type1/public/amsfonts/cm/cmsl10.pfb></usr/local/texlive/2023/texmf-dist/fonts/type1/public/amsfonts/cm/cmsy10.pfb></usr/local/texlive/2023/texmf-dist/fonts/type1/public/amsfonts/cm/cmsy5.pfb></usr/local/texlive/2023/texmf-dist/fonts/type1/public/amsfonts/cm/cmsy6.pfb></usr/local/texlive/2023/texmf-dist/fonts/type1/public/amsfonts/cm/cmsy7.pfb></usr/local/texlive/2023/texmf-dist/fonts/type1/public/amsfonts/cm/cmsy8.pfb></usr/local/texlive/2023/texmf-dist/fonts/type1/public/amsfonts/cm/cmti10.pfb></usr/local/texlive/2023/texmf-dist/fonts/type1/public/amsfonts/cm/cmti7.pfb></usr/local/texlive/2023/texmf-dist/fonts/type1/public/amsfonts/cm/
cmti8.pfb></usr/local/texlive/2023/texmf-dist/fonts/type1/public/amsfonts/cm/cmtt10.pfb></usr/local/texlive/2023/texmf-dist/fonts/type1/public/amsfonts/euler/eusm10.pfb></usr/local/texlive/2023/texmf-dist/fonts/type1/public/amsfonts/symbols/msam10.pfb></usr/local/texlive/2023/texmf-dist/fonts/type1/public/amsfonts/symbols/msbm10.pfb></usr/local/texlive/2023/texmf-dist/fonts/type1/public/amsfonts/symbols/msbm7.pfb></usr/local/texlive/2023/texmf-dist/fonts/type1/public/rsfs/rsfs10.pfb></usr/local/texlive/2023/texmf-dist/fonts/type1/public/cm-super/sfrm1000.pfb>
Output written on EYNTKA_Functional_Analysis.pdf (84 pages, 778511 bytes).
PDF statistics:
 1022 PDF objects out of 1200 (max. 8388607)
 834 compressed objects within 9 object streams
 330 named destinations out of 1000 (max. 500000)
 52050 words of extra memory for PDF output out of 61914 (max. 10000000)

